id_aluno;idade;serie;prova_b1;trab1_b1;trab2_b1;freq_b1;prova_b2;trab1_b2;trab2_b2;freq_b2;prova_b3;trab1_b3;trab2_b3;freq_b3;prova_b4;trab1_b4;trab2_b4;freq_b4;nota_b1;nota_b2;nota_b3;nota_b4;nota_final;frequencia_final;resultado_final;media_nota_b1_b3;media_freq_b1_b3;slope_nota;var_nota;prob_reprovado;prob_recuperacao;prob_aprovado;score_risco;nivel_risco
1;13;6;6.5;0.2;0.3;77.7;5.9;0.1;0.3;84.2;4.8;0.7;0.8;51.0;3.9;0.2;0.7;77.9;7.0;6.3;6.3;4.8;6.1000000000000005;72.7;Reprovado;6.533333333333334;70.96666666666667;-0.7000000000000002;0.1633333333333334;0.89;0.09;0.02;93.5;Alto Risco
2;14;7;3.8;0.3;0.1;75.2;7.0;0.1;0.3;94.1;3.7;0.7;0.3;88.6;4.4;0.4;0.1;52.9;4.199999999999999;7.399999999999999;4.7;4.9;5.299999999999999;77.69999999999999;Recuperação;5.433333333333333;85.96666666666665;0.5000000000000009;2.963333333333331;0.06;0.935;0.005;52.75;Risco Moderado
3;11;6;5.9;0.2;0.4;59.7;6.8;0.9;0.1;60.2;5.6;0.1;0.5;58.5;3.8;0.6;0.2;84.8;6.500000000000001;7.8;6.199999999999999;4.6;6.275;65.8;Reprovado;6.833333333333333;59.46666666666667;-0.3000000000000016;0.7233333333333333;0.98;0.01;0.01;98.5;Alto Risco
4;13;6;6.0;0.4;0.3;92.9;3.8;0.2;0.7;93.7;3.6;0.9;1.0;52.2;4.0;0.8;0.8;52.6;6.7;4.7;5.5;5.6;5.625;72.85000000000001;Reprovado;5.633333333333333;79.60000000000001;-1.2000000000000002;1.0133333333333332;0.81;0.175;0.015;89.75;Alto Risco
5;13;7;5.1;0.1;0.7;83.8;3.7;0.8;0.0;53.0;7.7;0.6;0.7;82.7;7.9;0.9;0.5;90.9;5.9;4.5;9.0;9.3;7.175;77.6;Aprovado;6.466666666666666;73.16666666666667;3.1;5.303333333333333;0.12;0.125;0.755;18.25;Baixo Risco
6;14;9;6.7;0.5;0.6;91.9;4.3;0.5;0.6;94.4;3.9;0.4;0.8;88.7;3.8;0.9;0.9;91.2;7.8;5.4;5.1;5.6000000000000005;5.975;91.55;Recuperação;6.099999999999999;91.66666666666669;-2.7;2.19;0.015;0.965;0.02;49.75;Risco Moderado
7;11;9;7.7;0.1;0.4;92.9;4.8;0.1;0.9;66.5;4.3;0.8;0.4;90.7;4.3;0.8;0.4;61.9;8.2;5.8;5.5;5.5;6.25;78.0;Recuperação;6.5;83.36666666666667;-2.6999999999999997;2.1899999999999986;0.075;0.905;0.02;52.75;Risco Moderado
8;11;6;7.6;0.8;0.2;87.4;5.0;1.0;0.9;65.7;5.0;0.3;0.8;74.7;6.0;0.2;0.9;66.2;8.6;6.9;6.1;7.1000000000000005;7.175000000000001;73.5;Reprovado;7.2;75.93333333333334;-2.5;1.63;0.815;0.13;0.055;88.0;Alto Risco
9;13;7;5.3;0.2;1.0;72.0;6.4;0.2;0.4;75.6;4.9;0.7;0.0;60.3;6.1;0.0;0.4;74.1;6.5;7.000000000000001;5.6000000000000005;6.5;6.4;70.5;Reprovado;6.366666666666667;69.3;-0.8999999999999995;0.5033333333333335;0.95;0.045;0.005;97.25;Alto Risco
10;12;6;3.6;0.5;0.5;80.5;3.3;0.9;0.5;97.0;7.0;0.0;0.1;86.9;3.8;0.4;1.0;79.8;4.6;4.7;7.1;5.2;5.4;86.05;Recuperação;5.466666666666666;88.13333333333333;2.5;2.003333333333333;0.05;0.93;0.02;51.5;Risco Moderado
11;13;8;7.9;0.9;0.7;58.0;3.2;0.2;0.1;52.4;5.3;0.8;0.2;85.0;7.0;0.1;1.0;64.4;9.5;3.5000000000000004;6.3;8.1;6.85;64.95;Reprovado;6.433333333333334;65.13333333333334;-3.2;9.013333333333332;0.905;0.065;0.03;93.75;Alto Risco
12;13;8;7.2;0.7;0.1;83.7;5.0;0.9;0.7;67.6;3.9;0.4;0.4;62.3;6.9;0.7;0.3;79.6;8.0;6.6000000000000005;4.7;7.9;6.800000000000001;73.30000000000001;Reprovado;6.433333333333334;71.2;-3.3;2.743333333333333;0.95;0.04;0.01;97.0;Alto Risco
13;13;6;3.6;0.5;0.5;59.0;6.5;0.0;0.8;92.8;4.3;0.6;0.8;95.2;4.2;0.7;0.9;64.9;4.6;7.3;5.699999999999999;5.800000000000001;5.85;77.975;Recuperação;5.866666666666666;82.33333333333333;1.0999999999999996;1.8433333333333333;0.045;0.94;0.015;51.5;Risco Moderado
14;13;9;7.6;0.3;0.0;84.7;4.0;0.5;0.2;69.8;5.5;0.2;0.3;55.2;4.4;0.0;0.8;52.8;7.899999999999999;4.7;6.0;5.2;5.95;65.625;Reprovado;6.199999999999999;69.89999999999999;-1.8999999999999984;2.5899999999999976;0.94;0.055;0.005;96.75;Alto Risco
15;14;9;7.3;0.3;0.5;61.5;6.2;0.8;0.4;60.0;3.7;0.7;0.7;99.1;7.7;0.8;0.2;50.1;8.1;7.4;5.1000000000000005;8.7;7.325;67.675;Reprovado;6.866666666666667;73.53333333333333;-2.999999999999999;2.463333333333332;0.765;0.17;0.065;85.0;Alto Risco
16;11;6;5.6;0.7;1.0;55.9;4.3;0.9;0.8;71.2;6.1;0.8;0.7;93.0;7.1;0.2;0.6;55.1;7.3;6.0;7.6;7.899999999999999;7.199999999999999;68.8;Reprovado;6.966666666666666;73.36666666666666;0.2999999999999998;0.723333333333333;0.865;0.095;0.04;91.25;Alto Risco
17;14;6;6.0;1.0;0.4;58.3;7.4;0.9;0.9;69.3;5.8;0.5;0.6;84.4;6.5;0.4;0.1;89.6;7.4;9.2;6.9;7.0;7.625;75.4;Aprovado;7.833333333333333;70.66666666666667;-0.5;1.463333333333332;0.375;0.025;0.6;38.75;Baixo Risco
18;14;8;5.0;0.7;0.0;50.1;7.5;0.8;0.2;95.8;6.6;0.6;0.4;96.9;3.4;0.7;0.8;98.1;5.7;8.5;7.6;4.9;6.674999999999999;85.225;Recuperação;7.266666666666666;80.93333333333334;1.8999999999999997;2.043333333333333;0.125;0.735;0.14;49.25;Risco Moderado
19;14;9;3.3;0.6;0.0;85.9;4.5;0.9;0.6;88.1;7.7;0.5;0.6;86.1;5.1;0.4;0.2;71.3;3.9;6.0;8.799999999999999;5.7;6.1;82.85000000000001;Recuperação;6.233333333333333;86.7;4.899999999999999;6.043333333333331;0.125;0.845;0.03;54.75;Risco Moderado
20;13;6;4.7;0.7;0.4;86.6;4.1;0.2;0.2;75.3;7.6;0.9;0.3;59.5;5.8;0.4;0.1;75.6;5.800000000000001;4.5;8.8;6.3;6.3500000000000005;74.25;Reprovado;6.366666666666667;73.8;3.0;4.863333333333334;0.835;0.135;0.03;90.25;Alto Risco
21;12;8;7.0;0.5;0.2;75.7;5.1;0.3;0.1;99.4;7.7;0.5;0.1;72.1;3.9;0.1;0.4;57.3;7.7;5.499999999999999;8.299999999999999;4.4;6.475;76.125;Recuperação;7.166666666666667;82.4;0.5999999999999988;2.173333333333334;0.06;0.755;0.185;43.75;Risco Moderado
22;11;9;3.0;0.1;0.0;58.1;4.2;0.3;0.9;73.3;4.2;0.8;1.0;53.6;5.2;0.4;0.6;77.6;3.1;5.4;6.0;6.2;5.175;65.65;Reprovado;4.833333333333333;61.66666666666666;2.9;2.3433333333333333;0.965;0.035;0.0;98.25;Alto Risco
23;12;7;4.7;0.6;0.8;54.2;6.4;0.4;0.8;52.9;3.7;0.8;0.1;69.5;6.0;0.8;0.9;57.2;6.1;7.6;4.6;7.7;6.499999999999999;58.45;Reprovado;6.099999999999999;58.86666666666667;-1.5;2.25;0.98;0.02;0.0;99.0;Alto Risco
24;14;8;5.0;1.0;0.5;51.0;7.1;0.4;0.8;63.1;4.5;0.4;0.1;87.1;4.6;0.9;1.0;80.6;6.5;8.3;5.0;6.5;6.575;70.44999999999999;Reprovado;6.6000000000000005;67.06666666666666;-1.5;2.7300000000000013;0.905;0.085;0.01;94.75;Alto Risco
25;14;9;5.7;0.2;0.3;58.3;6.4;0.5;0.0;71.8;7.5;0.2;0.9;69.3;6.9;0.4;0.4;96.7;6.2;6.9;8.6;7.700000000000001;7.350000000000001;74.02499999999999;Reprovado;7.233333333333334;66.46666666666665;2.3999999999999995;1.5233333333333323;0.94;0.03;0.03;95.5;Alto Risco
26;12;9;7.6;0.7;0.9;94.5;7.1;0.2;0.8;57.8;7.9;0.4;0.3;66.5;7.2;0.4;0.1;59.8;9.2;8.1;8.600000000000001;7.7;8.4;69.65;Reprovado;8.633333333333333;72.93333333333334;-0.5999999999999979;0.303333333333333;0.81;0.1;0.09;86.0;Alto Risco
27;12;8;4.7;0.2;0.1;62.1;5.0;0.7;0.4;97.4;7.3;0.8;0.7;79.8;4.6;0.7;0.7;88.2;5.0;6.1000000000000005;8.799999999999999;6.0;6.475;81.875;Recuperação;6.633333333333333;79.76666666666667;3.799999999999999;3.8233333333333306;0.155;0.82;0.025;56.5;Risco Moderado
28;12;7;4.7;0.5;1.0;67.7;3.8;0.2;0.3;88.3;3.6;0.2;0.3;93.6;7.2;0.9;0.6;51.2;6.2;4.3;4.1000000000000005;8.7;5.825;75.2;Recuperação;4.866666666666667;83.2;-2.1;1.3433333333333333;0.09;0.905;0.005;54.25;Risco Moderado
29;14;8;6.7;0.1;0.3;55.3;6.7;0.3;0.5;63.4;7.7;0.5;0.4;52.4;3.5;0.3;0.4;68.8;7.1;7.5;8.6;4.2;6.85;59.975;Reprovado;7.733333333333333;57.03333333333333;1.5;0.6033333333333333;0.995;0.005;0.0;99.75;Alto Risco
30;14;9;5.3;0.5;0.9;61.1;4.8;0.5;0.1;79.5;5.1;0.8;0.3;69.3;7.2;0.4;0.3;55.5;6.7;5.4;6.199999999999999;7.9;6.549999999999999;66.35;Reprovado;6.1000000000000005;69.96666666666665;-0.5000000000000009;0.4299999999999998;0.905;0.095;0.0;95.25;Alto Risco
31;11;6;4.1;0.8;0.6;76.0;6.4;0.8;0.8;86.1;3.0;0.4;0.3;57.9;3.8;0.8;0.5;67.6;5.499999999999999;8.0;3.7;5.1;5.574999999999999;71.9;Reprovado;5.733333333333333;73.33333333333333;-1.799999999999999;4.663333333333333;0.82;0.165;0.015;90.25;Alto Risco
32;11;6;5.3;0.3;0.8;80.4;4.4;0.7;0.6;97.1;5.2;0.6;0.4;84.8;3.4;0.6;0.3;58.7;6.4;5.7;6.2;4.3;5.65;80.25;Recuperação;6.1000000000000005;87.43333333333334;-0.2000000000000001;0.13;0.06;0.935;0.005;52.75;Risco Moderado
33;14;8;3.7;0.7;1.0;62.3;3.4;0.6;0.2;94.1;3.2;0.2;0.7;55.3;6.2;0.1;0.8;68.7;5.4;4.2;4.1000000000000005;7.1;5.200000000000001;70.1;Reprovado;4.566666666666667;70.56666666666666;-1.2999999999999998;0.5233333333333333;0.845;0.155;0.0;92.25;Alto Risco
34;12;9;3.9;0.8;0.3;52.9;8.0;0.2;0.2;75.8;5.7;0.1;0.5;83.2;5.4;0.6;0.5;70.9;5.0;8.399999999999999;6.3;6.5;6.55;70.69999999999999;Reprovado;6.566666666666666;70.63333333333333;1.2999999999999998;2.9433333333333302;0.945;0.04;0.015;96.5;Alto Risco
35;12;6;5.5;0.9;1.0;69.6;3.8;0.5;0.2;88.7;4.7;0.8;0.9;64.3;7.5;0.2;0.9;65.0;7.4;4.5;6.4;8.6;6.725;71.9;Reprovado;6.1000000000000005;74.2;-1.0;2.170000000000001;0.8;0.195;0.005;89.75;Alto Risco
36;11;9;5.1;0.2;0.4;61.7;7.9;0.1;0.1;78.1;5.4;0.1;0.0;59.9;4.8;0.5;0.5;82.8;5.7;8.1;5.5;5.8;6.275;70.625;Reprovado;6.433333333333334;66.56666666666668;-0.2000000000000001;2.093333333333333;0.97;0.025;0.005;98.25;Alto Risco
37;14;8;7.6;0.4;0.4;61.0;7.9;0.4;0.6;77.6;6.1;0.3;0.5;96.8;4.4;0.5;0.2;95.9;8.4;8.9;6.9;5.1000000000000005;7.325;82.82499999999999;Aprovado;8.066666666666668;78.46666666666665;-1.5;1.0833333333333333;0.14;0.075;0.785;17.75;Baixo Risco
38;11;6;4.8;0.2;0.3;98.0;7.0;0.4;0.8;55.7;7.3;0.9;0.6;50.9;5.5;0.9;0.9;70.0;5.3;8.200000000000001;8.799999999999999;7.300000000000001;7.399999999999999;68.65;Reprovado;7.433333333333333;68.2;3.499999999999999;3.503333333333333;0.9;0.065;0.035;93.25;Alto Risco
39;11;9;5.9;1.0;0.5;80.8;6.3;0.0;0.0;56.3;6.3;0.3;0.9;71.9;5.3;0.5;0.6;59.6;7.4;6.3;7.5;6.4;6.9;67.15;Reprovado;7.066666666666666;69.66666666666667;0.0999999999999996;0.4433333333333336;0.89;0.06;0.05;92.0;Alto Risco
40;13;6;6.2;0.9;0.2;77.8;5.9;0.3;0.0;76.5;5.2;1.0;0.0;51.1;4.7;0.3;0.2;63.5;7.300000000000001;6.2;6.2;5.2;6.225;67.225;Reprovado;6.566666666666666;68.46666666666667;-1.1000000000000003;0.4033333333333337;0.935;0.05;0.015;96.0;Alto Risco
41;13;8;3.1;0.5;0.6;70.8;7.3;1.0;0.6;63.4;7.1;1.0;0.6;74.2;6.5;0.2;0.6;92.7;4.2;8.9;8.7;7.3;7.275;75.27499999999999;Aprovado;7.266666666666667;69.46666666666665;4.499999999999999;7.063333333333333;0.275;0.06;0.665;30.500000000000004;Baixo Risco
42;13;9;6.3;0.8;0.5;71.4;4.4;1.0;0.8;51.1;7.5;0.3;0.9;75.1;6.8;0.9;0.4;78.6;7.6;6.2;8.7;8.1;7.65;69.05;Reprovado;7.5;65.86666666666666;1.0999999999999996;1.569999999999999;0.95;0.03;0.02;96.5;Alto Risco
43;12;6;3.9;0.5;0.8;77.0;5.3;0.4;0.3;86.1;3.6;0.0;0.2;66.1;7.3;0.2;0.8;72.8;5.2;6.0;3.8;8.3;5.825;75.5;Recuperação;5.0;76.39999999999999;-1.4000000000000004;1.2400000000000002;0.195;0.8;0.005;59.5;Risco Moderado
44;14;8;7.8;0.6;0.8;84.8;6.1;0.0;0.3;51.6;5.7;0.7;0.9;56.6;7.9;0.4;0.5;57.5;9.2;6.4;7.300000000000001;8.8;7.925000000000001;62.625;Reprovado;7.633333333333333;64.33333333333333;-1.8999999999999984;2.043333333333332;0.98;0.02;0.0;99.0;Alto Risco
45;14;6;3.7;0.1;0.4;85.1;5.1;0.2;0.6;79.8;4.4;0.5;0.0;68.8;4.3;0.2;0.7;72.5;4.2;5.9;4.9;5.2;5.05;76.55;Recuperação;5.000000000000001;77.89999999999999;0.7000000000000002;0.7300000000000001;0.11;0.885;0.005;55.25;Risco Moderado
46;14;6;5.1;0.8;0.3;58.6;5.1;0.4;0.3;77.0;3.2;0.1;0.7;83.6;6.6;0.8;0.1;63.9;6.199999999999999;5.8;4.0;7.499999999999999;5.875;70.77499999999999;Reprovado;5.333333333333333;73.06666666666666;-2.1999999999999997;1.3733333333333326;0.825;0.17;0.005;91.0;Alto Risco
47;14;7;3.4;0.1;0.3;75.0;4.7;0.9;0.0;98.4;6.3;0.7;0.9;89.1;5.0;0.5;0.4;97.2;3.8;5.6000000000000005;7.9;5.9;5.800000000000001;89.925;Recuperação;5.766666666666667;87.5;4.1000000000000005;4.223333333333335;0.06;0.91;0.03;51.5;Risco Moderado
48;13;7;8.0;0.8;0.2;70.6;5.8;0.1;0.7;74.2;7.3;0.0;0.7;76.5;6.4;0.4;1.0;94.2;9.0;6.6;8.0;7.800000000000001;7.85;78.875;Aprovado;7.866666666666667;73.76666666666667;-1.0;1.4533333333333338;0.25;0.08;0.67;29.0;Baixo Risco
49;12;8;5.5;0.8;0.1;93.5;7.3;0.8;0.6;53.2;3.8;0.9;0.4;79.5;5.4;0.4;0.8;54.2;6.4;8.7;5.1000000000000005;6.6000000000000005;6.7;70.1;Reprovado;6.733333333333333;75.39999999999999;-1.2999999999999998;3.3233333333333306;0.78;0.195;0.025;87.75;Alto Risco
50;12;7;6.0;0.7;0.3;81.6;4.0;0.1;0.6;77.6;7.1;0.1;0.0;60.0;8.0;0.9;0.2;75.8;7.0;4.699999999999999;7.199999999999999;9.1;7.0;73.75;Reprovado;6.3;73.06666666666666;0.1999999999999993;1.9300000000000008;0.905;0.08;0.015;94.5;Alto Risco
51;13;8;3.3;0.0;0.3;76.6;7.7;1.0;0.7;92.1;7.3;0.1;0.9;64.4;6.6;0.6;0.3;61.3;3.6;9.4;8.299999999999999;7.499999999999999;7.199999999999999;73.6;Reprovado;7.099999999999999;77.7;4.699999999999999;9.49;0.695;0.145;0.16;76.75;Alto Risco
52;12;7;6.7;0.3;1.0;55.8;6.4;0.4;0.7;99.8;7.6;0.2;0.5;58.1;7.8;0.7;0.3;70.5;8.0;7.500000000000001;8.3;8.8;8.15;71.05;Reprovado;7.933333333333334;71.23333333333333;0.3000000000000007;0.1633333333333332;0.875;0.045;0.08;89.75;Alto Risco
53;13;6;4.0;0.3;0.6;80.3;7.1;0.8;0.2;71.5;4.3;1.0;0.0;62.5;7.2;0.9;0.7;93.8;4.9;8.1;5.3;8.799999999999999;6.775;77.025;Recuperação;6.1000000000000005;71.43333333333334;0.3999999999999994;3.039999999999999;0.35;0.65;0.0;67.5;Risco Moderado
54;14;8;7.5;0.4;0.3;55.9;5.8;0.3;0.4;66.0;7.5;0.7;0.7;61.2;7.5;0.9;0.8;76.4;8.200000000000001;6.5;8.899999999999999;9.2;8.200000000000001;64.875;Reprovado;7.866666666666667;61.03333333333334;0.6999999999999975;1.5233333333333323;0.98;0.005;0.015;98.25;Alto Risco
55;13;8;4.0;0.1;0.6;66.9;6.9;0.6;0.1;95.3;4.6;0.8;0.5;76.0;7.1;0.3;0.7;66.7;4.699999999999999;7.6;5.9;8.1;6.574999999999999;76.225;Recuperação;6.066666666666666;79.39999999999999;1.200000000000001;2.123333333333334;0.065;0.925;0.01;52.75;Risco Moderado
56;14;6;4.0;0.9;0.1;57.1;3.1;0.2;0.1;59.6;5.8;0.4;0.1;78.1;5.3;1.0;0.5;60.4;5.0;3.4000000000000004;6.3;6.8;5.375;63.8;Reprovado;4.9;64.93333333333334;1.2999999999999998;2.1099999999999994;0.985;0.015;0.0;99.25;Alto Risco
57;14;8;3.2;0.6;0.4;84.6;7.1;0.1;0.7;80.8;3.3;0.3;0.2;97.2;4.3;0.0;0.8;90.0;4.2;7.899999999999999;3.8;5.1;5.25;88.14999999999999;Recuperação;5.3;87.53333333333332;-0.4000000000000003;5.109999999999996;0.03;0.97;0.0;51.5;Risco Moderado
58;11;8;5.4;0.3;0.6;60.3;3.2;0.9;0.9;70.3;3.2;0.2;0.1;59.8;4.9;0.4;0.4;81.2;6.3;5.000000000000001;3.5000000000000004;5.700000000000001;5.125;67.89999999999999;Reprovado;4.933333333333334;63.46666666666666;-2.7999999999999994;1.9633333333333325;0.975;0.025;0.0;98.75;Alto Risco
59;13;7;5.8;0.4;0.5;69.6;7.4;0.9;1.0;52.1;6.6;0.5;0.6;82.1;3.1;0.9;0.1;73.4;6.7;9.3;7.699999999999999;4.1;6.949999999999999;69.3;Reprovado;7.899999999999999;67.93333333333332;0.9999999999999992;1.720000000000001;0.89;0.035;0.075;90.75;Alto Risco
60;11;8;3.3;0.4;0.4;94.8;8.0;0.9;0.6;67.4;5.2;0.6;0.6;90.9;5.6;0.3;0.6;60.9;4.1;9.5;6.4;6.499999999999999;6.625;78.5;Recuperação;6.666666666666667;84.36666666666666;2.3000000000000007;7.343333333333335;0.055;0.905;0.04;50.75;Risco Moderado
61;13;9;6.9;0.6;1.0;60.2;4.5;0.6;0.2;63.3;4.3;0.6;0.5;78.0;5.5;0.3;1.0;66.7;8.5;5.3;5.4;6.8;6.5;67.05;Reprovado;6.400000000000001;67.16666666666667;-3.1;3.31;0.96;0.04;0.0;98.0;Alto Risco
62;13;6;5.3;0.5;0.9;75.4;4.1;0.8;0.1;84.3;4.0;0.3;0.8;62.8;5.6;0.3;0.8;98.0;6.7;4.999999999999999;5.1;6.699999999999999;5.874999999999999;80.125;Recuperação;5.599999999999999;74.16666666666667;-1.6000000000000003;0.9100000000000008;0.21;0.79;0.0;60.5;Risco Moderado
63;11;7;5.6;0.9;0.6;71.0;6.8;0.1;0.8;97.4;6.3;0.9;0.9;63.1;7.9;0.6;0.6;76.0;7.1;7.699999999999999;8.1;9.1;8.0;76.875;Aprovado;7.633333333333333;77.16666666666667;1.0;0.2533333333333333;0.1;0.06;0.84;13.0;Baixo Risco
64;11;7;5.2;0.5;0.6;50.9;4.3;0.3;0.6;63.4;3.0;0.2;0.6;52.0;7.6;0.4;0.6;70.0;6.3;5.199999999999999;3.8;8.6;5.975;59.075;Reprovado;5.1000000000000005;55.43333333333334;-2.5;1.57;0.995;0.005;0.0;99.75;Alto Risco
65;13;9;5.0;1.0;0.6;89.6;7.3;0.3;0.6;90.6;7.0;1.0;0.0;65.3;3.8;0.7;0.9;76.1;6.6;8.2;8.0;5.4;7.049999999999999;80.4;Aprovado;7.599999999999999;81.83333333333333;1.4000000000000004;0.76;0.07;0.115;0.815;12.75;Baixo Risco
66;12;6;5.8;0.9;0.2;53.5;3.5;0.6;0.8;52.8;3.4;0.0;0.7;87.2;4.8;0.9;0.4;88.9;6.9;4.9;4.1;6.1000000000000005;5.5;70.6;Reprovado;5.3;64.5;-2.8000000000000007;2.080000000000001;0.935;0.055;0.01;96.25;Alto Risco
67;14;6;3.8;0.2;0.4;73.7;3.6;0.4;0.7;76.9;4.0;0.5;0.4;52.4;5.1;0.7;0.3;67.0;4.4;4.7;4.9;6.1;5.025;67.5;Reprovado;4.666666666666667;67.66666666666667;0.5;0.0633333333333333;0.91;0.09;0.0;95.5;Alto Risco
68;11;7;3.9;0.9;0.0;78.0;7.9;0.1;0.8;53.5;4.9;0.3;0.6;61.0;4.8;0.2;1.0;58.9;4.8;8.8;5.8;6.0;6.3500000000000005;62.85;Reprovado;6.466666666666668;64.16666666666667;1.0;4.333333333333336;0.945;0.045;0.01;96.75;Alto Risco
69;14;8;7.3;0.1;0.5;81.4;6.4;0.6;0.1;96.7;5.4;0.4;0.6;85.3;7.0;0.9;0.9;79.2;7.899999999999999;7.1;6.4;8.8;7.55;85.65;Aprovado;7.133333333333333;87.80000000000001;-1.4999999999999982;0.5633333333333319;0.065;0.1;0.835;11.5;Baixo Risco
70;12;7;7.7;0.8;0.5;84.4;7.2;0.8;0.7;88.3;4.8;0.6;0.4;89.1;5.6;0.3;0.3;83.3;9.0;8.7;5.8;6.199999999999999;7.425;86.27499999999999;Aprovado;7.833333333333333;87.26666666666665;-3.2;3.123333333333333;0.02;0.1;0.88;7.0;Baixo Risco
71;12;6;4.9;0.4;0.2;62.7;4.6;0.4;0.9;82.9;4.6;0.4;0.9;72.8;5.9;0.1;0.5;85.6;5.500000000000001;5.9;5.9;6.5;5.950000000000001;76.0;Recuperação;5.766666666666668;72.80000000000001;0.3999999999999994;0.0533333333333331;0.195;0.8;0.005;59.5;Risco Moderado
72;12;9;4.4;0.9;1.0;50.5;6.4;0.1;0.3;91.2;7.8;0.4;0.1;84.9;7.3;0.1;0.4;94.1;6.300000000000001;6.8;8.299999999999999;7.8;7.3;80.175;Aprovado;7.133333333333333;75.53333333333333;1.9999999999999984;1.0833333333333317;0.245;0.05;0.705;27.0;Baixo Risco
73;11;7;6.2;0.9;0.9;86.2;6.0;0.2;0.6;82.4;6.2;0.7;0.7;69.4;7.0;0.6;0.1;68.6;8.0;6.8;7.6;7.699999999999999;7.525;76.65;Aprovado;7.466666666666666;79.33333333333334;-0.4000000000000003;0.3733333333333334;0.07;0.115;0.815;12.75;Baixo Risco
74;12;6;5.0;0.8;0.7;76.8;6.0;0.2;0.3;98.4;3.1;0.7;0.0;58.0;3.7;0.1;1.0;53.8;6.5;6.5;3.8;4.800000000000001;5.4;71.75;Reprovado;5.6000000000000005;77.73333333333333;-2.7;2.43;0.755;0.235;0.01;87.25;Alto Risco
75;11;7;3.1;0.8;0.5;91.8;6.4;0.3;1.0;85.7;5.2;0.8;0.9;69.9;6.6;0.1;0.4;97.9;4.4;7.7;6.9;7.1;6.525;86.325;Recuperação;6.333333333333333;82.46666666666667;2.5;2.963333333333333;0.075;0.915;0.01;53.25;Risco Moderado
76;12;8;3.8;0.3;0.9;91.1;5.9;0.6;0.0;96.2;7.4;0.2;0.1;79.0;5.2;0.3;0.9;71.8;5.0;6.5;7.7;6.4;6.4;84.525;Recuperação;6.4;88.76666666666667;2.7;1.83;0.05;0.915;0.035;50.75;Risco Moderado
77;14;7;6.6;0.1;0.1;92.2;5.1;0.6;0.6;75.9;4.5;0.6;0.1;97.4;4.5;0.3;0.2;81.2;6.799999999999999;6.299999999999999;5.199999999999999;5.0;5.824999999999999;86.675;Recuperação;6.099999999999999;88.5;-1.5999999999999996;0.6699999999999997;0.065;0.925;0.01;52.75;Risco Moderado
78;14;7;6.3;0.4;0.8;74.3;4.4;0.7;0.2;55.9;3.5;0.6;0.3;53.4;3.3;0.6;0.5;83.3;7.5;5.300000000000001;4.4;4.4;5.4;66.725;Reprovado;5.733333333333334;61.2;-3.1;2.543333333333333;1.0;0.0;0.0;100.0;Alto Risco
79;13;6;3.1;0.2;0.1;66.7;6.8;0.4;0.7;76.4;6.8;0.4;0.4;75.4;5.4;0.8;0.0;77.3;3.4000000000000004;7.9;7.6;6.2;6.275;73.95;Reprovado;6.3;72.83333333333334;4.199999999999999;6.329999999999999;0.92;0.07;0.01;95.5;Alto Risco
80;14;6;4.1;0.7;0.8;89.6;4.1;0.8;0.2;56.3;6.0;0.5;0.2;66.4;4.8;0.8;0.8;60.3;5.6;5.1;6.7;6.4;5.949999999999999;68.14999999999999;Reprovado;5.8;70.76666666666667;1.1000000000000003;0.6700000000000005;0.93;0.06;0.01;96.0;Alto Risco
81;13;6;4.2;0.3;0.3;72.6;6.5;0.2;0.2;79.6;5.9;0.3;0.6;75.4;4.3;0.3;0.6;87.8;4.8;6.9;6.8;5.199999999999999;5.925;78.85;Recuperação;6.166666666666667;75.86666666666666;2.0;1.4033333333333338;0.185;0.805;0.01;58.75;Risco Moderado
82;14;7;6.4;1.0;0.9;59.2;4.2;0.5;0.5;74.1;3.3;0.1;0.4;51.2;6.5;0.2;0.6;90.2;8.3;5.2;3.8;7.3;6.15;68.675;Reprovado;5.766666666666667;61.5;-4.500000000000001;5.303333333333336;0.955;0.045;0.0;97.75;Alto Risco
83;11;8;3.1;0.6;0.9;92.7;6.1;0.8;0.9;81.1;3.7;0.2;0.0;65.7;6.8;1.0;0.1;77.6;4.6000000000000005;7.8;3.9;7.899999999999999;6.05;79.275;Recuperação;5.433333333333334;79.83333333333333;-0.7000000000000006;4.323333333333332;0.07;0.92;0.01;53.0;Risco Moderado
84;14;9;3.5;0.8;0.1;94.1;6.7;0.2;0.2;50.5;6.1;0.1;0.3;91.0;4.2;0.0;0.2;74.4;4.4;7.1000000000000005;6.499999999999999;4.4;5.6;77.5;Recuperação;6.0;78.53333333333333;2.0999999999999988;2.01;0.085;0.895;0.02;53.25;Risco Moderado
85;13;9;7.0;0.1;0.5;73.3;4.1;0.1;0.1;59.7;4.0;0.7;0.8;77.7;3.2;0.9;0.1;55.7;7.6;4.299999999999999;5.5;4.2;5.4;66.6;Reprovado;5.8;70.23333333333333;-2.1;2.790000000000001;0.9;0.09;0.01;94.5;Alto Risco
86;13;6;3.9;0.9;1.0;53.8;3.3;0.9;0.8;74.6;5.5;0.7;0.7;72.5;7.2;0.2;0.3;54.2;5.8;5.0;6.9;7.7;6.3500000000000005;63.77499999999999;Reprovado;5.900000000000001;66.96666666666665;1.1000000000000003;0.9100000000000004;0.97;0.03;0.0;98.5;Alto Risco
87;12;6;6.3;0.9;0.5;69.4;3.7;0.3;0.5;97.5;5.7;1.0;0.7;64.3;3.0;0.9;0.6;67.0;7.7;4.5;7.4;4.5;6.025;74.55;Reprovado;6.533333333333334;77.06666666666666;-0.2999999999999998;3.123333333333334;0.76;0.225;0.015;87.25;Alto Risco
88;11;7;4.2;0.5;0.9;90.2;6.0;0.7;0.9;69.2;4.4;0.7;0.7;64.9;7.7;0.3;0.6;65.5;5.6000000000000005;7.6;5.800000000000001;8.6;6.9;72.45;Reprovado;6.333333333333333;74.76666666666667;0.2000000000000001;1.213333333333332;0.79;0.205;0.005;89.25;Alto Risco
89;14;9;3.5;0.6;0.6;95.1;7.2;0.0;0.1;71.2;7.7;0.1;0.3;69.2;6.1;0.4;0.6;97.7;4.699999999999999;7.3;8.1;7.1;6.800000000000001;83.3;Recuperação;6.7;78.5;3.4000000000000004;3.1600000000000006;0.16;0.765;0.075;54.25;Risco Moderado
90;12;6;4.2;0.8;0.4;60.2;3.2;0.7;0.6;85.7;7.2;0.9;0.1;91.8;4.6;0.7;0.5;89.2;5.4;4.5;8.2;5.8;5.9750000000000005;81.725;Recuperação;6.033333333333334;79.23333333333333;2.799999999999999;3.723333333333332;0.15;0.835;0.015;56.75;Risco Moderado
91;14;8;6.6;0.2;0.3;53.3;6.7;0.3;0.2;80.2;6.6;0.9;0.3;98.4;4.2;0.6;0.3;83.0;7.1;7.2;7.8;5.1;6.800000000000001;78.725;Recuperação;7.366666666666667;77.3;0.7000000000000002;0.1433333333333333;0.125;0.69;0.185;47.0;Risco Moderado
92;14;8;7.3;0.5;0.2;93.9;4.7;0.1;0.2;64.9;3.4;0.4;0.8;71.9;3.0;0.3;0.2;75.9;8.0;5.0;4.6;3.5;5.275;76.65;Recuperação;5.866666666666667;76.9;-3.4000000000000004;3.453333333333334;0.125;0.86;0.015;55.5;Risco Moderado
93;12;6;7.2;0.4;0.8;69.5;5.4;0.6;0.7;70.5;3.5;0.6;1.0;69.7;4.2;0.6;0.1;58.4;8.4;6.7;5.1;4.9;6.275;67.02499999999999;Reprovado;6.733333333333334;69.89999999999999;-3.3000000000000007;2.7233333333333345;0.965;0.02;0.015;97.5;Alto Risco
94;12;6;5.0;0.1;0.4;77.1;7.6;0.2;0.6;60.9;5.5;1.0;0.5;92.3;3.7;0.7;0.8;98.9;5.5;8.4;7.0;5.2;6.525;82.30000000000001;Recuperação;6.966666666666666;76.76666666666667;1.5;2.103333333333334;0.11;0.825;0.065;52.25;Risco Moderado
95;12;9;6.3;0.4;0.5;98.4;4.7;0.4;0.8;98.3;3.8;0.5;0.0;71.3;6.1;0.0;0.6;68.8;7.2;5.9;4.3;6.699999999999999;6.025;84.2;Recuperação;5.800000000000001;89.33333333333333;-2.9000000000000004;2.1100000000000003;0.06;0.92;0.02;52.0;Risco Moderado
96;12;9;4.0;0.1;0.5;53.3;5.3;0.1;0.3;56.5;7.9;0.9;0.1;77.6;3.8;0.0;0.2;55.3;4.6;5.699999999999999;8.9;4.0;5.8;60.675;Reprovado;6.4;62.46666666666666;4.300000000000001;4.990000000000002;0.945;0.035;0.02;96.25;Alto Risco
97;12;7;4.5;0.0;0.6;82.4;3.1;0.1;0.4;68.6;3.8;0.1;0.3;61.5;5.6;0.5;0.2;74.7;5.1;3.6;4.2;6.3;4.8;71.8;Reprovado;4.3;70.83333333333333;-0.8999999999999995;0.5699999999999996;0.895;0.105;0.0;94.75;Alto Risco
98;14;9;7.5;0.1;0.9;53.7;3.4;0.3;0.4;51.3;5.4;0.2;0.6;87.2;6.0;0.1;0.9;93.7;8.5;4.1;6.2;7.0;6.45;71.475;Reprovado;6.266666666666667;64.06666666666666;-2.3;4.843333333333334;0.975;0.02;0.005;98.5;Alto Risco
99;12;8;3.1;1.0;1.0;68.8;4.3;0.1;1.0;61.1;4.8;0.4;0.1;76.6;4.5;0.7;0.7;94.4;5.1;5.4;5.3;5.9;5.425000000000001;75.225;Recuperação;5.266666666666667;68.83333333333333;0.2000000000000001;0.0233333333333334;0.34;0.655;0.005;66.75;Risco Moderado
100;11;8;3.4;0.5;0.4;90.2;3.1;0.9;0.3;89.0;6.2;0.6;0.9;90.5;3.2;0.2;0.7;50.5;4.3;4.3;7.7;4.1000000000000005;5.1000000000000005;80.05;Recuperação;5.433333333333334;89.89999999999999;3.4000000000000004;3.853333333333334;0.045;0.945;0.01;51.75;Risco Moderado
101;13;6;4.0;1.0;0.8;71.7;6.2;0.0;0.3;60.1;3.6;0.8;0.4;89.0;3.2;0.4;0.4;94.3;5.8;6.5;4.800000000000001;4.0;5.275;78.775;Recuperação;5.7;73.60000000000001;-0.9999999999999992;0.7299999999999993;0.19;0.8;0.01;59.0;Risco Moderado
102;12;9;3.1;0.4;0.8;99.9;5.1;0.5;0.4;54.0;5.2;1.0;0.9;60.8;3.1;0.2;0.3;63.6;4.3;6.0;7.1000000000000005;3.6;5.250000000000001;69.575;Reprovado;5.800000000000001;71.56666666666666;2.8000000000000007;1.9900000000000009;0.885;0.09;0.025;93.0;Alto Risco
103;12;7;3.9;0.3;0.6;78.0;5.7;0.1;0.6;73.7;4.4;0.4;0.8;85.8;6.7;0.5;1.0;51.9;4.8;6.4;5.6000000000000005;8.2;6.25;72.35;Reprovado;5.6000000000000005;79.16666666666667;0.8000000000000007;0.6400000000000003;0.74;0.26;0.0;87.0;Alto Risco
104;14;8;5.9;0.5;1.0;66.1;3.9;0.3;0.3;50.5;7.4;0.0;0.8;90.0;4.6;0.1;0.8;92.4;7.4;4.5;8.200000000000001;5.499999999999999;6.4;74.75;Reprovado;6.7;68.86666666666666;0.8000000000000007;3.790000000000002;0.93;0.05;0.02;95.5;Alto Risco
105;12;8;5.1;0.4;0.2;61.0;4.5;0.9;0.9;54.2;3.2;0.8;0.6;67.3;7.0;0.0;0.3;93.2;5.7;6.300000000000001;4.6;7.3;5.9750000000000005;68.925;Reprovado;5.533333333333334;60.833333333333336;-1.1000000000000003;0.7433333333333343;0.985;0.015;0.0;99.25;Alto Risco
106;12;7;7.5;0.1;0.1;67.5;6.3;0.2;0.3;90.4;7.6;0.6;0.6;58.6;5.2;0.1;0.8;79.8;7.699999999999999;6.8;8.799999999999999;6.1;7.35;74.075;Reprovado;7.766666666666666;72.16666666666667;1.0999999999999996;1.0033333333333323;0.83;0.055;0.115;85.75;Alto Risco
107;12;7;7.1;0.6;0.9;68.6;7.8;1.0;0.9;88.6;7.2;0.2;0.6;50.1;5.3;1.0;0.8;78.7;8.6;9.7;8.0;7.1;8.35;71.5;Reprovado;8.766666666666666;69.1;-0.5999999999999996;0.7433333333333327;0.905;0.02;0.075;91.5;Alto Risco
108;14;8;4.7;0.2;0.4;53.4;3.3;0.2;0.1;95.8;4.5;0.5;0.6;72.5;5.6;0.1;0.3;90.7;5.300000000000001;3.6;5.6;5.999999999999999;5.125;78.1;Recuperação;4.833333333333333;73.89999999999999;0.2999999999999989;1.163333333333333;0.225;0.775;0.0;61.25;Risco Moderado
109;12;8;4.3;0.6;0.8;68.5;7.5;0.7;0.7;92.7;6.9;0.7;0.6;67.6;6.6;0.7;0.4;89.3;5.699999999999999;8.899999999999999;8.200000000000001;7.7;7.624999999999999;79.52499999999999;Aprovado;7.599999999999999;76.26666666666667;2.5000000000000018;2.83;0.155;0.04;0.805;17.5;Baixo Risco
110;13;7;4.9;0.7;0.9;73.2;5.9;0.5;0.9;84.2;3.2;0.8;1.0;77.7;4.4;0.1;0.2;94.5;6.500000000000001;7.300000000000001;5.0;4.7;5.875;82.4;Recuperação;6.266666666666667;78.36666666666667;-1.5000000000000009;1.3633333333333342;0.11;0.845;0.045;53.25;Risco Moderado
111;14;8;6.0;0.2;0.1;86.1;5.8;0.9;0.2;52.6;7.8;0.5;0.7;59.4;3.6;0.1;0.1;77.6;6.3;6.9;9.0;3.8;6.5;68.925;Reprovado;7.399999999999999;66.03333333333333;2.7;2.01;0.955;0.025;0.02;96.75;Alto Risco
112;13;6;4.3;0.1;0.9;82.8;5.5;0.6;1.0;89.1;5.6;0.3;0.8;93.0;5.8;0.5;0.7;98.4;5.3;7.1;6.699999999999999;7.0;6.525;90.825;Recuperação;6.366666666666666;88.3;1.3999999999999997;0.8933333333333331;0.03;0.955;0.015;50.75;Risco Moderado
113;14;6;6.1;0.8;0.4;85.4;3.3;0.5;0.5;92.3;4.5;1.0;0.9;62.9;4.6;0.5;0.3;99.8;7.3;4.3;6.4;5.4;5.85;85.1;Recuperação;6.0;80.2;-0.8999999999999995;2.37;0.155;0.845;0.0;57.75;Risco Moderado
114;12;7;5.0;0.5;0.5;50.4;3.4;0.2;0.9;90.0;4.8;0.7;0.2;61.3;5.2;1.0;0.8;55.8;6.0;4.5;5.7;7.0;5.8;64.375;Reprovado;5.4;67.23333333333333;-0.2999999999999998;0.6300000000000001;0.9;0.1;0.0;95.0;Alto Risco
115;13;9;5.8;0.1;0.6;60.9;6.0;0.2;0.7;75.4;3.3;0.4;0.1;74.0;6.2;0.9;1.0;92.5;6.499999999999999;6.9;3.8;8.100000000000001;6.325;75.7;Recuperação;5.733333333333333;70.10000000000001;-2.6999999999999997;2.8433333333333333;0.295;0.705;0.0;64.75;Risco Moderado
116;14;7;5.2;1.0;0.9;83.1;4.7;0.9;0.3;61.6;7.9;0.3;0.5;74.9;5.5;0.8;0.1;75.0;7.1000000000000005;5.9;8.700000000000001;6.4;7.025;73.65;Reprovado;7.233333333333334;73.2;1.6000000000000003;1.9733333333333345;0.84;0.085;0.075;88.25;Alto Risco
117;11;7;4.5;0.1;0.0;74.2;7.6;0.3;0.2;92.3;3.2;0.7;0.5;60.8;6.1;0.6;0.5;69.4;4.6;8.1;4.4;7.199999999999999;6.075;74.17500000000001;Reprovado;5.7;75.76666666666667;-0.1999999999999993;4.329999999999998;0.795;0.19;0.015;89.0;Alto Risco
118;12;9;7.7;0.7;0.5;50.3;5.0;0.4;0.3;86.4;6.3;0.2;0.8;63.6;5.7;0.5;0.8;80.7;8.9;5.7;7.3;7.0;7.225;70.25;Reprovado;7.300000000000001;66.76666666666667;-1.6000000000000003;2.5600000000000005;0.92;0.035;0.045;93.75;Alto Risco
119;14;9;6.8;1.0;0.7;90.2;3.7;0.8;0.1;99.0;5.2;0.2;0.4;58.5;6.7;0.4;0.8;52.8;8.5;4.6;5.800000000000001;7.9;6.699999999999999;75.125;Recuperação;6.3;82.56666666666666;-2.6999999999999997;3.99;0.095;0.875;0.03;53.25;Risco Moderado
120;11;9;3.7;0.2;0.7;88.6;6.6;0.3;0.1;57.8;7.7;0.5;0.6;85.9;6.5;0.9;0.8;75.3;4.6000000000000005;6.999999999999999;8.799999999999999;8.200000000000001;7.15;76.89999999999999;Aprovado;6.8;77.43333333333332;4.199999999999998;4.439999999999997;0.07;0.16;0.77;15.0;Baixo Risco
121;14;6;7.3;0.1;0.7;77.4;4.5;1.0;0.1;61.3;4.2;0.3;0.5;88.5;5.7;0.6;0.3;93.5;8.1;5.6;5.0;6.6;6.324999999999999;80.175;Recuperação;6.233333333333333;75.73333333333333;-3.1;2.703333333333333;0.13;0.85;0.02;55.5;Risco Moderado
122;11;8;5.4;0.1;0.1;53.3;5.6;0.7;0.4;60.6;5.7;0.6;0.0;73.1;6.4;0.6;0.5;60.7;5.6;6.7;6.3;7.5;6.525;61.925;Reprovado;6.2;62.333333333333336;0.7000000000000002;0.3100000000000003;0.965;0.035;0.0;98.25;Alto Risco
123;12;6;7.5;0.3;0.3;88.3;6.5;0.6;0.8;89.6;5.4;0.1;0.6;85.7;7.4;0.2;0.6;71.3;8.1;7.899999999999999;6.1;8.200000000000001;7.575000000000001;83.725;Aprovado;7.366666666666666;87.86666666666666;-2.0;1.213333333333333;0.05;0.04;0.91;7.0;Baixo Risco
124;13;8;7.0;0.1;0.4;79.2;7.5;0.9;0.1;59.3;6.5;0.7;0.8;86.8;5.2;0.0;1.0;97.0;7.5;8.5;8.0;6.2;7.55;80.575;Aprovado;8.0;75.10000000000001;0.5;0.25;0.19;0.075;0.735;22.75;Baixo Risco
125;11;6;5.1;0.7;0.8;89.1;7.0;0.0;0.1;53.3;3.3;0.3;0.2;56.9;5.1;0.9;0.3;71.4;6.6;7.1;3.8;6.3;5.95;67.675;Reprovado;5.833333333333333;66.43333333333332;-2.8;3.163333333333333;0.945;0.055;0.0;97.25;Alto Risco
126;14;8;3.1;0.1;0.3;87.6;6.4;0.3;0.6;99.9;4.0;0.0;0.6;98.3;6.8;0.3;0.9;67.9;3.5;7.3;4.6;8.0;5.85;88.42500000000001;Recuperação;5.133333333333334;95.26666666666668;1.0999999999999996;3.823333333333333;0.015;0.975;0.01;50.25;Risco Moderado
127;12;6;4.3;0.5;0.2;90.2;6.4;0.5;0.2;51.2;4.1;0.1;0.6;91.1;5.9;0.4;0.3;72.0;5.0;7.1000000000000005;4.799999999999999;6.6000000000000005;5.875;76.125;Recuperação;5.633333333333333;77.5;-0.200000000000001;1.6233333333333348;0.075;0.92;0.005;53.5;Risco Moderado
128;11;9;5.7;1.0;1.0;75.9;7.7;0.2;0.1;91.8;6.7;0.9;0.2;60.2;3.4;0.1;1.0;76.0;7.7;8.0;7.800000000000001;4.5;7.0;75.975;Aprovado;7.833333333333333;75.96666666666665;0.1000000000000005;0.0233333333333332;0.175;0.06;0.765;20.5;Baixo Risco
129;14;7;6.2;0.8;0.0;57.0;4.5;0.7;0.2;68.3;3.9;0.9;0.1;59.3;7.5;0.8;0.7;81.6;7.0;5.4;4.9;9.0;6.575;66.55;Reprovado;5.766666666666667;61.53333333333333;-2.1;1.203333333333333;0.985;0.015;0.0;99.25;Alto Risco
130;14;6;4.3;0.6;1.0;83.6;3.0;0.9;0.9;92.1;5.9;0.2;1.0;56.3;3.2;0.0;0.5;90.0;5.9;4.8;7.1000000000000005;3.7;5.375;80.5;Recuperação;5.933333333333334;77.33333333333333;1.2000000000000002;1.323333333333334;0.13;0.84;0.03;55.0;Risco Moderado
131;14;8;3.7;0.3;0.7;81.0;4.4;0.4;0.8;77.7;4.1;0.8;0.4;56.9;6.7;0.8;0.6;72.6;4.7;5.6000000000000005;5.3;8.1;5.925000000000001;72.05;Reprovado;5.2;71.86666666666666;0.5999999999999996;0.2100000000000001;0.905;0.095;0.0;95.25;Alto Risco
132;11;9;7.2;0.6;0.8;87.1;4.1;0.3;0.4;95.1;7.3;0.6;0.2;87.4;6.8;0.1;0.3;90.9;8.6;4.8;8.1;7.199999999999999;7.175;90.125;Aprovado;7.166666666666667;89.86666666666667;-0.5;4.263333333333334;0.02;0.08;0.9;6.0;Baixo Risco
133;11;6;7.9;0.5;0.3;58.5;6.3;1.0;0.7;96.3;7.7;1.0;0.2;73.5;7.8;0.9;0.3;76.7;8.700000000000001;8.0;8.899999999999999;9.0;8.65;76.25;Aprovado;8.533333333333333;76.10000000000001;0.1999999999999975;0.223333333333333;0.115;0.045;0.84;13.75;Baixo Risco
134;11;6;5.6;0.4;0.0;59.7;6.2;0.4;0.5;50.5;5.6;0.4;0.7;89.1;3.3;0.7;0.1;66.9;6.0;7.1000000000000005;6.7;4.1;5.975;66.55000000000001;Reprovado;6.6000000000000005;66.43333333333334;0.7000000000000002;0.3100000000000003;0.94;0.05;0.01;96.5;Alto Risco
135;13;9;3.9;0.1;0.7;94.5;6.0;0.5;0.7;53.8;4.8;0.7;0.6;87.3;6.0;0.2;0.1;82.9;4.7;7.2;6.1;6.3;6.075;79.625;Recuperação;6.0;78.53333333333335;1.3999999999999997;1.5699999999999998;0.075;0.925;0.0;53.75;Risco Moderado
136;11;6;4.4;0.9;0.8;87.5;3.1;0.4;0.7;62.5;4.2;0.1;0.6;80.2;5.1;0.6;0.3;85.9;6.1000000000000005;4.2;4.9;5.999999999999999;5.3;79.025;Recuperação;5.066666666666667;76.73333333333333;-1.2000000000000002;0.9233333333333336;0.15;0.845;0.005;57.25;Risco Moderado
137;11;7;3.1;0.4;0.7;95.4;6.6;0.9;0.6;83.5;3.2;0.4;0.1;84.3;4.7;0.3;0.8;77.9;4.2;8.1;3.7;5.8;5.45;85.275;Recuperação;5.333333333333333;87.73333333333333;-0.5;5.803333333333331;0.02;0.965;0.015;50.25;Risco Moderado
138;11;6;7.6;0.2;0.1;87.9;4.6;0.6;0.3;94.4;4.3;1.0;0.9;50.9;3.5;0.2;0.6;52.8;7.899999999999999;5.499999999999999;6.2;4.3;5.975;71.5;Reprovado;6.533333333333332;77.73333333333333;-1.6999999999999984;1.5233333333333323;0.705;0.275;0.02;84.25;Alto Risco
139;13;7;3.6;0.4;0.8;79.9;6.3;0.8;0.0;73.0;6.3;0.5;0.4;65.6;5.8;0.9;0.1;58.5;4.8;7.1;7.2;6.8;6.475;69.25;Reprovado;6.366666666666666;72.83333333333333;2.4000000000000004;1.8433333333333333;0.905;0.08;0.015;94.5;Alto Risco
140;11;7;5.9;0.4;0.8;82.7;5.8;0.8;0.5;80.3;5.7;0.3;0.3;81.9;5.4;0.4;0.9;64.3;7.1000000000000005;7.1;6.3;6.700000000000001;6.800000000000001;77.3;Recuperação;6.833333333333333;81.63333333333334;-0.8000000000000007;0.2133333333333334;0.08;0.79;0.13;47.5;Risco Moderado
141;14;9;4.4;0.8;0.7;94.5;4.7;0.3;0.9;59.4;7.7;0.1;0.5;50.5;3.5;0.4;0.6;64.1;5.9;5.9;8.3;4.5;6.15;67.125;Reprovado;6.7;68.13333333333334;2.4000000000000004;1.9200000000000008;0.96;0.035;0.005;97.75;Alto Risco
142;11;6;5.8;0.7;0.8;78.9;3.7;0.4;0.6;90.2;5.0;0.7;0.4;51.6;6.1;0.2;1.0;83.7;7.3;4.7;6.1000000000000005;7.3;6.3500000000000005;76.10000000000001;Recuperação;6.033333333333334;73.56666666666668;-1.1999999999999993;1.693333333333333;0.245;0.755;0.0;62.25;Risco Moderado
143;14;9;6.3;0.8;0.8;81.6;3.5;0.8;0.8;98.4;6.5;0.6;0.9;92.6;6.7;0.4;0.7;50.9;7.899999999999999;5.1;8.0;7.800000000000001;7.2;80.875;Aprovado;7.0;90.86666666666667;0.1000000000000014;2.709999999999999;0.03;0.14;0.83;10.0;Baixo Risco
144;14;6;7.1;0.0;0.6;57.8;7.2;0.4;1.0;63.4;5.4;0.4;0.9;84.2;6.8;0.9;0.2;87.8;7.699999999999999;8.600000000000001;6.700000000000001;7.9;7.725;73.3;Reprovado;7.666666666666667;68.46666666666665;-0.9999999999999982;0.9033333333333337;0.91;0.02;0.07;92.0;Alto Risco
145;14;6;4.0;0.4;0.1;73.7;7.6;0.8;0.2;74.7;5.6;1.0;0.3;63.3;7.5;0.4;0.5;63.3;4.5;8.6;6.9;8.4;7.1;68.75;Reprovado;6.666666666666667;70.56666666666666;2.4000000000000004;4.243333333333332;0.92;0.065;0.015;95.25;Alto Risco
146;13;8;3.1;0.5;0.5;85.8;6.2;0.9;0.7;54.3;4.3;0.0;0.9;84.4;5.0;1.0;0.6;65.5;4.1;7.800000000000001;5.2;6.6;5.925000000000001;72.5;Reprovado;5.7;74.83333333333333;1.1000000000000003;3.610000000000002;0.795;0.205;0.0;89.75;Alto Risco
147;13;6;3.7;0.0;0.1;63.5;3.5;0.6;0.7;78.0;5.3;0.3;0.8;89.6;7.8;0.9;0.0;76.4;3.8;4.8;6.4;8.7;5.925;76.875;Recuperação;5.0;77.03333333333333;2.6000000000000005;1.7200000000000006;0.1;0.9;0.0;55.0;Risco Moderado
148;13;9;7.5;0.3;0.4;60.1;5.0;0.7;1.0;75.1;5.4;0.9;0.9;65.3;7.3;0.1;0.0;60.8;8.2;6.7;7.200000000000001;7.399999999999999;7.375;65.325;Reprovado;7.366666666666667;66.83333333333333;-0.9999999999999982;0.5833333333333325;0.975;0.0;0.025;97.5;Alto Risco
149;11;7;7.4;0.8;0.4;65.7;6.6;0.8;1.0;57.2;6.5;0.3;0.2;51.8;4.5;0.2;0.1;94.2;8.600000000000001;8.399999999999999;7.0;4.8;7.2;67.225;Reprovado;8.0;58.23333333333333;-1.6000000000000014;0.7600000000000002;0.975;0.02;0.005;98.5;Alto Risco
150;14;6;6.0;0.1;0.1;62.1;6.9;0.8;0.7;72.1;7.7;0.3;0.6;96.6;3.8;0.9;0.3;54.3;6.199999999999999;8.4;8.6;5.0;7.05;71.27499999999999;Reprovado;7.733333333333333;76.93333333333332;2.4000000000000004;1.7733333333333343;0.8;0.095;0.105;84.75;Alto Risco
151;13;8;6.0;0.5;0.3;60.7;3.6;0.4;0.2;66.7;4.6;0.5;0.3;67.3;5.2;0.4;0.4;72.2;6.8;4.2;5.4;6.000000000000001;5.6;66.725;Reprovado;5.466666666666666;64.89999999999999;-1.3999999999999997;1.693333333333333;0.995;0.005;0.0;99.75;Alto Risco
152;13;9;6.3;0.2;0.1;71.2;3.0;0.1;0.8;76.1;3.2;0.8;0.8;55.3;5.0;0.0;0.5;92.5;6.6;3.9;4.8;5.5;5.2;73.775;Reprovado;5.1000000000000005;67.53333333333335;-1.7999999999999998;1.8899999999999997;0.96;0.04;0.0;98.0;Alto Risco
153;11;6;3.9;0.0;0.8;95.4;6.6;0.4;0.1;79.3;5.5;0.1;0.0;74.6;5.9;0.3;0.1;80.8;4.7;7.1;5.6;6.3;5.925;82.52499999999999;Recuperação;5.8;83.1;0.8999999999999995;1.4699999999999993;0.075;0.905;0.02;52.75;Risco Moderado
154;13;9;7.6;0.2;0.9;75.4;4.8;0.7;0.8;50.4;5.7;0.9;0.6;88.4;5.9;0.6;0.7;64.6;8.7;6.3;7.2;7.2;7.35;69.7;Reprovado;7.399999999999999;71.4;-1.4999999999999991;1.469999999999999;0.85;0.045;0.105;87.25;Alto Risco
155;11;8;5.1;1.0;0.1;59.4;4.3;0.5;0.9;88.1;3.8;0.8;0.3;61.1;6.7;0.8;0.6;71.0;6.199999999999999;5.7;4.9;8.1;6.225;69.9;Reprovado;5.599999999999999;69.53333333333333;-1.299999999999999;0.4299999999999994;0.915;0.085;0.0;95.75;Alto Risco
156;12;8;4.9;0.8;1.0;53.8;3.1;0.7;0.4;85.7;6.8;0.2;0.3;63.5;5.5;0.1;0.3;85.3;6.7;4.2;7.3;5.9;6.025;72.075;Reprovado;6.066666666666666;67.66666666666667;0.5999999999999996;2.703333333333333;0.945;0.05;0.005;97.0;Alto Risco
157;13;9;5.6;1.0;0.5;84.8;5.7;0.4;0.6;68.3;7.9;0.7;0.6;62.1;3.5;0.1;0.0;98.7;7.1;6.7;9.2;3.6;6.65;78.475;Recuperação;7.666666666666667;71.73333333333333;2.1;1.803333333333332;0.335;0.625;0.04;64.75;Risco Moderado
158;12;6;3.2;0.5;0.3;69.1;7.3;0.6;0.4;52.6;7.7;0.4;0.9;99.6;7.3;0.9;0.1;94.7;4.0;8.299999999999999;9.0;8.299999999999999;7.399999999999999;79.0;Aprovado;7.099999999999999;73.76666666666667;5.0;7.329999999999999;0.245;0.095;0.66;29.25;Baixo Risco
159;11;7;3.8;0.1;0.1;91.1;7.8;0.2;0.4;87.7;4.0;0.4;0.6;59.9;4.5;0.8;0.4;67.1;4.0;8.4;5.0;5.7;5.775;76.45;Recuperação;5.8;79.56666666666668;1.0;5.32;0.08;0.905;0.015;53.25;Risco Moderado
160;14;8;6.7;0.5;0.5;83.0;5.8;0.7;0.3;97.8;7.4;0.8;0.9;78.8;7.9;0.6;0.2;99.9;7.7;6.8;9.1;8.7;8.075;89.875;Aprovado;7.866666666666667;86.53333333333335;1.3999999999999997;1.343333333333333;0.04;0.04;0.92;6.0;Baixo Risco
161;13;6;3.4;0.5;0.8;89.8;5.6;0.5;0.8;62.0;6.5;1.0;0.3;96.3;3.6;0.8;0.4;50.2;4.7;6.9;7.8;4.800000000000001;6.05;74.575;Reprovado;6.466666666666668;82.7;3.1;2.543333333333333;0.68;0.295;0.025;82.75;Alto Risco
162;11;6;6.0;0.8;0.7;63.6;3.4;0.2;0.9;66.2;5.3;0.1;0.5;57.3;7.8;0.4;0.6;51.4;7.5;4.5;5.9;8.799999999999999;6.674999999999999;59.62500000000001;Reprovado;5.966666666666666;62.366666666666674;-1.5999999999999996;2.2533333333333334;0.97;0.03;0.0;98.5;Alto Risco
163;14;7;4.2;0.1;0.1;84.6;5.7;0.3;0.9;59.2;5.7;0.4;0.5;98.5;3.5;0.8;0.5;91.2;4.4;6.9;6.6000000000000005;4.8;5.675000000000001;83.375;Recuperação;5.966666666666668;80.76666666666667;2.2;1.8633333333333335;0.08;0.905;0.015;53.25;Risco Moderado
164;14;8;4.9;0.5;0.1;63.2;4.9;0.7;0.2;78.8;7.2;0.5;0.0;97.4;4.2;0.4;0.2;60.0;5.5;5.800000000000001;7.7;4.800000000000001;5.95;74.85;Reprovado;6.333333333333333;79.8;2.2;1.4233333333333331;0.72;0.265;0.015;85.25;Alto Risco
165;12;8;4.4;0.2;0.4;97.0;6.0;0.5;0.9;57.7;5.4;0.4;0.6;94.2;3.2;0.2;0.3;53.0;5.000000000000001;7.4;6.4;3.7;5.625000000000001;75.475;Recuperação;6.266666666666668;82.96666666666665;1.3999999999999997;1.4533333333333327;0.06;0.935;0.005;52.75;Risco Moderado
166;11;6;4.8;0.3;0.3;81.8;4.9;0.2;0.7;67.8;4.9;0.4;0.7;60.7;6.5;0.7;0.6;61.9;5.4;5.800000000000001;6.000000000000001;7.8;6.25;68.05;Reprovado;5.733333333333334;70.10000000000001;0.6000000000000005;0.0933333333333335;0.955;0.045;0.0;97.75;Alto Risco
167;14;6;6.6;0.7;0.2;66.2;4.2;1.0;0.3;84.9;5.5;0.1;0.6;81.7;7.3;0.4;0.9;71.3;7.5;5.5;6.199999999999999;8.6;6.949999999999999;76.025;Recuperação;6.4;77.60000000000001;-1.3000000000000007;1.03;0.12;0.855;0.025;54.75;Risco Moderado
168;13;7;4.5;0.5;0.3;63.5;3.5;0.7;0.1;78.0;5.9;0.7;0.7;88.0;5.2;1.0;0.8;86.5;5.3;4.3;7.300000000000001;7.0;5.975;79.0;Recuperação;5.633333333333333;76.5;2.000000000000001;2.333333333333335;0.065;0.93;0.005;53.0;Risco Moderado
169;13;7;5.8;0.4;0.8;59.5;4.6;1.0;0.3;69.3;3.9;0.4;0.6;99.3;7.6;0.3;0.6;81.2;7.0;5.9;4.9;8.5;6.574999999999999;77.325;Recuperação;5.933333333333334;76.03333333333335;-2.1;1.103333333333333;0.135;0.86;0.005;56.5;Risco Moderado
170;12;8;5.4;0.4;0.9;84.7;3.5;0.4;0.9;71.0;7.5;0.2;0.1;59.0;6.0;0.9;0.4;61.9;6.700000000000001;4.8;7.8;7.300000000000001;6.65;69.14999999999999;Reprovado;6.433333333333334;71.56666666666666;1.0999999999999988;2.3033333333333337;0.915;0.07;0.015;95.0;Alto Risco
171;14;9;6.3;0.5;0.4;60.9;3.9;0.5;0.6;78.1;6.4;0.8;0.1;88.3;6.2;0.9;0.4;75.2;7.2;5.0;7.3;7.500000000000001;6.75;75.625;Recuperação;6.5;75.76666666666667;0.0999999999999996;1.69;0.18;0.81;0.01;58.5;Risco Moderado
172;11;8;7.7;0.8;0.9;79.8;7.9;0.9;0.7;50.3;6.2;0.8;0.6;66.9;7.2;0.2;0.9;96.3;9.4;9.5;7.6;8.3;8.7;73.325;Reprovado;8.833333333333334;65.66666666666667;-1.8000000000000007;1.143333333333334;0.995;0.0;0.005;99.5;Alto Risco
173;13;6;6.7;0.9;0.3;63.2;5.2;0.5;0.3;53.9;3.5;0.5;0.3;58.8;4.5;0.8;0.0;90.8;7.9;6.0;4.3;5.3;5.875;66.675;Reprovado;6.066666666666666;58.633333333333326;-3.6000000000000005;3.243333333333334;0.99;0.01;0.0;99.5;Alto Risco
174;14;8;4.1;1.0;0.5;83.1;5.7;0.7;0.7;94.1;6.0;0.3;0.1;71.1;4.8;0.4;1.0;66.2;5.6;7.1000000000000005;6.4;6.2;6.324999999999999;78.625;Recuperação;6.366666666666667;82.76666666666667;0.8000000000000007;0.563333333333334;0.025;0.94;0.035;49.5;Risco Moderado
175;14;9;3.2;0.8;0.2;90.7;7.4;0.3;0.0;53.9;3.6;0.6;0.4;89.7;7.5;0.9;0.7;99.1;4.2;7.7;4.6000000000000005;9.1;6.4;83.35;Recuperação;5.5;78.10000000000001;0.4000000000000003;3.67;0.085;0.905;0.01;53.75;Risco Moderado
176;12;7;4.3;0.3;0.6;88.9;8.0;0.4;0.4;85.3;3.4;0.3;0.6;73.2;7.5;0.5;0.7;85.4;5.199999999999999;8.8;4.3;8.7;6.75;83.19999999999999;Recuperação;6.1000000000000005;82.46666666666665;-0.8999999999999995;5.670000000000003;0.025;0.96;0.015;50.5;Risco Moderado
177;13;9;6.0;0.7;1.0;88.0;5.9;0.1;0.6;96.0;5.6;0.2;0.3;76.9;7.9;0.7;0.0;53.1;7.7;6.6;6.1;8.6;7.25;78.5;Aprovado;6.8;86.96666666666665;-1.6000000000000003;0.6700000000000005;0.04;0.195;0.765;13.75;Baixo Risco
178;13;9;3.3;0.4;0.6;59.4;7.1;0.2;0.1;63.5;5.0;0.7;0.7;99.8;7.5;0.5;0.6;51.8;4.3;7.399999999999999;6.4;8.6;6.675000000000001;68.625;Reprovado;6.033333333333334;74.23333333333333;2.1000000000000005;2.503333333333332;0.805;0.195;0.0;90.25;Alto Risco
179;11;9;5.5;0.3;0.4;54.4;4.6;0.0;0.8;68.5;5.9;0.0;0.6;70.0;3.6;0.2;0.5;58.4;6.2;5.4;6.5;4.300000000000001;5.6000000000000005;62.825;Reprovado;6.033333333333334;64.3;0.2999999999999998;0.3233333333333331;0.98;0.02;0.0;99.0;Alto Risco
180;13;7;6.0;0.8;0.6;84.9;4.5;0.0;0.2;78.4;3.4;0.1;0.3;80.8;7.1;0.2;0.1;86.4;7.399999999999999;4.7;3.8;7.399999999999999;5.824999999999999;82.625;Recuperação;5.3;81.36666666666667;-3.5999999999999988;3.509999999999997;0.09;0.9;0.01;54.0;Risco Moderado
181;11;9;4.7;0.0;0.1;68.4;5.0;1.0;0.7;94.1;5.2;0.0;0.8;68.3;5.0;0.4;0.3;59.2;4.8;6.7;6.0;5.7;5.8;72.5;Reprovado;5.833333333333333;76.93333333333334;1.2000000000000002;0.9233333333333336;0.8;0.19;0.01;89.5;Alto Risco
182;13;9;6.9;0.9;0.9;71.6;6.4;0.2;0.4;97.1;3.9;0.2;0.6;69.6;8.0;0.8;0.9;75.6;8.700000000000001;7.000000000000001;4.699999999999999;9.7;7.525;78.475;Aprovado;6.800000000000001;79.43333333333332;-4.000000000000002;4.030000000000004;0.1;0.17;0.73;18.5;Baixo Risco
183;12;9;3.5;0.5;0.5;51.6;6.4;0.7;0.6;87.0;7.9;0.1;0.6;84.8;5.4;0.6;0.5;54.7;4.5;7.7;8.6;6.5;6.824999999999999;69.52499999999999;Reprovado;6.933333333333333;74.46666666666665;4.1;4.643333333333333;0.855;0.065;0.08;88.75;Alto Risco
184;13;6;3.4;0.6;0.4;63.0;4.6;0.8;0.1;54.3;5.8;1.0;0.6;96.9;5.8;0.7;0.4;96.0;4.4;5.499999999999999;7.399999999999999;6.9;6.049999999999999;77.55;Recuperação;5.766666666666666;71.39999999999999;2.9999999999999982;2.3033333333333306;0.295;0.695;0.01;64.25;Risco Moderado
185;11;9;6.6;0.7;0.6;51.7;3.7;0.6;0.0;83.5;6.4;0.3;0.0;77.1;5.6;0.3;0.1;67.2;7.899999999999999;4.3;6.7;5.999999999999999;6.225;69.875;Reprovado;6.3;70.76666666666667;-1.1999999999999984;3.359999999999998;0.88;0.1;0.02;93.0;Alto Risco
186;11;7;5.5;0.9;0.6;94.0;6.2;0.2;0.9;70.5;4.6;0.1;0.7;88.4;4.6;0.5;0.7;95.4;7.0;7.300000000000001;5.4;5.8;6.375;87.075;Recuperação;6.566666666666667;84.3;-1.5999999999999996;1.0433333333333334;0.055;0.925;0.02;51.75;Risco Moderado
187;12;9;6.4;0.6;0.1;62.2;3.6;0.7;0.3;73.5;3.5;0.2;0.4;54.5;3.4;0.0;0.7;97.2;7.1;4.6;4.1000000000000005;4.1;4.975;71.85;Reprovado;5.266666666666667;63.4;-2.999999999999999;2.583333333333332;0.995;0.005;0.0;99.75;Alto Risco
188;13;9;5.2;0.6;0.7;77.9;5.9;0.6;0.8;52.5;7.9;0.9;0.9;60.6;7.5;0.8;0.6;50.3;6.5;7.3;9.7;8.9;8.1;60.325;Reprovado;7.833333333333333;63.66666666666666;3.1999999999999997;2.773333333333332;0.905;0.085;0.01;94.75;Alto Risco
189;13;7;4.2;0.1;0.2;51.9;6.5;0.7;1.0;59.6;4.4;0.5;0.8;75.1;7.0;1.0;0.5;73.2;4.5;8.2;5.7;8.5;6.725;64.95;Reprovado;6.133333333333333;62.2;1.2000000000000002;3.563333333333332;0.975;0.025;0.0;98.75;Alto Risco
190;12;9;7.1;0.5;0.7;83.3;6.5;0.8;0.2;89.5;5.1;0.4;0.6;51.0;3.7;0.4;0.4;51.2;8.299999999999999;7.5;6.1;4.500000000000001;6.6;68.75;Reprovado;7.3;74.60000000000001;-2.1999999999999997;1.239999999999999;0.805;0.12;0.075;86.5;Alto Risco
191;13;7;7.0;0.2;0.8;66.2;6.8;1.0;0.3;72.7;6.2;0.9;0.3;62.6;6.9;0.0;0.6;95.4;8.0;8.1;7.4;7.5;7.75;74.225;Reprovado;7.833333333333333;67.16666666666667;-0.5999999999999996;0.1433333333333331;0.955;0.01;0.035;96.0;Alto Risco
192;13;9;6.5;0.7;0.8;94.9;7.4;0.6;0.7;65.1;3.1;0.4;0.2;75.9;6.1;0.2;0.2;75.9;8.0;8.7;3.7;6.5;6.725;77.95;Recuperação;6.8;78.63333333333334;-4.3;7.329999999999998;0.14;0.805;0.055;54.25;Risco Moderado
193;11;7;4.4;0.5;0.6;94.4;5.5;0.3;1.0;69.2;7.1;0.3;0.3;50.7;5.0;0.7;0.9;53.7;5.5;6.8;7.699999999999999;6.6000000000000005;6.65;67.0;Reprovado;6.666666666666667;71.43333333333334;2.1999999999999997;1.2233333333333327;0.89;0.09;0.02;93.5;Alto Risco
194;13;9;6.0;0.7;0.5;66.3;6.7;0.6;0.9;92.7;5.7;0.2;0.5;63.2;4.3;0.6;0.6;55.5;7.2;8.2;6.4;5.499999999999999;6.824999999999999;69.425;Reprovado;7.266666666666666;74.06666666666666;-0.7999999999999998;0.8133333333333324;0.88;0.04;0.08;90.0;Alto Risco
195;13;9;4.8;0.0;0.1;95.0;6.1;0.1;0.5;87.4;4.4;0.4;0.3;75.7;7.3;0.8;0.3;69.2;4.9;6.699999999999999;5.1000000000000005;8.4;6.275;81.825;Recuperação;5.566666666666666;86.03333333333335;0.2000000000000001;0.973333333333332;0.05;0.935;0.015;51.75;Risco Moderado
196;12;6;3.5;0.1;0.8;99.8;3.9;0.9;0.8;63.6;3.3;0.3;0.5;78.7;6.5;0.3;0.4;97.0;4.4;5.6;4.1;7.2;5.325;84.775;Recuperação;4.7;80.7;-0.3000000000000007;0.6299999999999998;0.145;0.84;0.015;56.5;Risco Moderado
197;12;6;7.6;0.7;0.3;91.3;3.1;0.1;0.1;55.9;3.8;0.7;0.2;96.3;5.7;0.8;0.8;84.6;8.6;3.3000000000000003;4.7;7.3;5.9750000000000005;82.025;Recuperação;5.533333333333334;81.16666666666667;-3.9;7.543333333333332;0.03;0.93;0.04;49.5;Risco Moderado
198;14;9;3.7;0.1;0.5;92.2;4.4;0.3;1.0;62.6;7.5;0.3;1.0;82.3;6.0;0.7;0.2;93.4;4.300000000000001;5.7;8.8;6.9;6.425000000000001;82.625;Recuperação;6.266666666666667;79.03333333333335;4.5;5.303333333333334;0.145;0.82;0.035;55.5;Risco Moderado
199;11;9;7.8;0.1;0.3;62.5;5.2;0.8;1.0;96.0;6.4;0.6;0.1;70.7;3.5;0.3;0.3;68.3;8.2;7.0;7.1;4.1;6.6;74.375;Reprovado;7.433333333333333;76.39999999999999;-1.0999999999999996;0.4433333333333329;0.72;0.095;0.185;76.75;Alto Risco
200;13;8;5.2;0.0;0.1;78.8;6.1;0.6;0.2;79.1;4.2;0.1;0.9;96.5;5.4;0.5;0.7;52.2;5.3;6.9;5.2;6.6000000000000005;6.0;76.64999999999999;Recuperação;5.8;84.8;-0.0999999999999996;0.9100000000000004;0.05;0.94;0.01;52.0;Risco Moderado
201;13;7;3.9;1.0;0.6;53.4;7.2;0.4;0.3;76.7;3.3;0.2;0.9;89.2;4.0;0.1;0.3;98.7;5.5;7.9;4.4;4.4;5.55;79.5;Recuperação;5.933333333333334;73.10000000000001;-1.0999999999999996;3.2033333333333336;0.22;0.775;0.005;60.75;Risco Moderado
202;14;8;5.7;0.7;0.1;54.7;4.0;0.5;0.1;79.8;6.5;0.4;0.5;60.0;4.0;0.5;0.8;50.9;6.5;4.6;7.4;5.3;5.95;61.35;Reprovado;6.166666666666667;64.83333333333333;0.9000000000000004;2.0433333333333343;0.95;0.05;0.0;97.5;Alto Risco
203;13;6;7.4;0.4;0.7;99.9;3.6;0.9;0.3;68.3;5.9;0.9;0.7;56.5;6.3;0.9;0.1;97.4;8.5;4.8;7.500000000000001;7.3;7.025;80.525;Aprovado;6.933333333333334;74.89999999999999;-0.9999999999999992;3.663333333333334;0.255;0.075;0.67;29.25;Baixo Risco
204;11;6;6.7;0.3;0.3;66.3;7.8;0.3;0.8;90.4;5.0;0.4;0.4;83.8;7.6;0.4;0.8;68.4;7.3;8.9;5.800000000000001;8.8;7.7;77.225;Aprovado;7.333333333333333;80.16666666666667;-1.4999999999999991;2.403333333333333;0.135;0.085;0.78;17.75;Baixo Risco
205;14;6;7.0;0.3;0.0;87.4;3.5;0.9;0.4;76.2;4.8;0.7;0.6;78.0;5.0;0.8;0.1;50.5;7.3;4.800000000000001;6.1;5.9;6.025;73.025;Reprovado;6.066666666666667;80.53333333333335;-1.2000000000000002;1.563333333333332;0.78;0.19;0.03;87.5;Alto Risco
206;11;6;6.3;0.8;0.5;90.3;5.4;0.1;0.1;55.8;4.1;0.3;0.3;89.5;4.0;0.6;0.0;84.5;7.6;5.6;4.699999999999999;4.6;5.625;80.025;Recuperação;5.966666666666666;78.53333333333333;-2.9000000000000004;2.203333333333334;0.08;0.915;0.005;53.75;Risco Moderado
207;14;9;6.5;0.7;0.0;92.9;5.9;0.8;0.3;56.5;6.3;0.1;0.3;86.9;6.2;0.2;0.9;99.0;7.2;7.0;6.699999999999999;7.300000000000001;7.05;83.825;Aprovado;6.966666666666666;78.76666666666667;-0.5000000000000009;0.0633333333333335;0.135;0.155;0.71;21.25;Baixo Risco
208;14;6;7.2;0.2;0.3;99.9;5.7;0.8;1.0;76.8;7.9;0.1;0.6;81.3;7.4;0.6;0.6;98.3;7.7;7.5;8.6;8.6;8.1;89.075;Aprovado;7.933333333333333;86.0;0.8999999999999995;0.343333333333333;0.07;0.08;0.85;11.0;Baixo Risco
209;12;9;4.2;0.2;0.7;62.1;3.4;0.2;0.6;96.8;3.9;0.3;0.5;99.3;6.7;0.5;0.4;58.0;5.1000000000000005;4.2;4.7;7.6;5.4;79.05;Recuperação;4.666666666666667;86.06666666666666;-0.4000000000000003;0.2033333333333335;0.1;0.9;0.0;55.0;Risco Moderado
210;11;9;5.4;0.1;0.1;52.0;3.3;0.4;0.4;65.4;6.0;0.2;0.6;76.7;7.3;0.4;0.2;59.1;5.6;4.1;6.8;7.9;6.1;63.3;Reprovado;5.5;64.7;1.2000000000000002;1.8300000000000003;0.985;0.015;0.0;99.25;Alto Risco
211;13;6;4.1;0.7;0.8;70.6;3.5;0.2;0.2;93.5;5.1;0.2;0.3;55.7;5.7;0.1;0.6;78.3;5.6;3.9;5.6;6.4;5.375;74.525;Reprovado;5.033333333333333;73.26666666666667;0.0;0.963333333333333;0.83;0.17;0.0;91.5;Alto Risco
212;13;6;7.9;0.8;0.0;56.5;5.9;0.7;1.0;88.2;5.2;0.8;0.4;91.4;6.8;0.4;0.5;81.9;8.700000000000001;7.6;6.4;7.7;7.6;79.5;Aprovado;7.566666666666667;78.7;-2.3000000000000007;1.323333333333334;0.145;0.115;0.74;20.25;Baixo Risco
213;11;7;7.7;0.3;0.2;51.1;5.7;0.5;0.8;62.4;4.3;0.0;0.1;62.6;3.7;0.1;1.0;87.0;8.2;7.0;4.4;4.800000000000001;6.1;65.775;Reprovado;6.533333333333334;58.7;-3.799999999999999;3.773333333333332;0.965;0.025;0.01;97.75;Alto Risco
214;13;8;3.2;0.0;0.7;68.0;4.2;0.6;0.3;51.8;7.1;0.6;0.1;88.9;4.7;0.1;1.0;59.1;3.9;5.1;7.799999999999999;5.8;5.65;66.95;Reprovado;5.599999999999999;69.56666666666666;3.899999999999999;3.989999999999998;0.935;0.04;0.025;95.5;Alto Risco
215;13;6;6.5;0.1;0.3;89.2;6.2;0.2;0.1;55.1;5.4;0.4;0.3;97.9;4.9;0.4;0.6;98.0;6.9;6.5;6.1000000000000005;5.9;6.35;85.05000000000001;Recuperação;6.5;80.73333333333333;-0.7999999999999998;0.1599999999999999;0.09;0.88;0.03;53.0;Risco Moderado
216;11;7;7.6;1.0;0.1;78.3;7.1;0.2;0.1;86.4;5.7;0.5;0.1;84.8;5.6;0.3;0.4;81.9;8.7;7.399999999999999;6.3;6.3;7.175;82.85;Aprovado;7.466666666666666;83.16666666666667;-2.3999999999999995;1.443333333333333;0.03;0.115;0.855;8.75;Baixo Risco
217;14;7;3.9;0.3;0.4;65.6;3.2;0.0;0.1;60.0;4.5;0.6;0.1;79.8;7.6;0.9;0.5;92.4;4.6000000000000005;3.3000000000000003;5.199999999999999;9.0;5.525;74.44999999999999;Reprovado;4.366666666666666;68.46666666666665;0.5999999999999988;0.9433333333333326;0.965;0.035;0.0;98.25;Alto Risco
218;11;8;5.8;0.8;0.3;82.7;5.5;0.3;0.6;68.6;3.9;0.3;0.8;73.0;7.4;0.4;0.7;77.0;6.9;6.4;5.0;8.5;6.699999999999999;75.325;Recuperação;6.1000000000000005;74.76666666666667;-1.9000000000000004;0.9700000000000004;0.28;0.72;0.0;64.0;Risco Moderado
219;14;9;7.6;0.6;0.8;61.6;6.4;0.6;0.9;75.1;3.4;0.3;0.0;68.2;3.7;0.8;0.1;70.7;9.0;7.9;3.7;4.6;6.299999999999999;68.89999999999999;Reprovado;6.866666666666666;68.3;-5.3;7.823333333333332;0.92;0.065;0.015;95.25;Alto Risco
220;13;6;3.2;0.4;0.3;50.7;4.3;0.9;0.5;86.3;6.6;0.7;0.7;67.7;3.9;0.5;0.3;98.9;3.9;5.7;8.0;4.7;5.575;75.9;Recuperação;5.866666666666667;68.23333333333333;4.1;4.223333333333334;0.32;0.665;0.015;65.25;Risco Moderado
221;13;8;6.5;0.2;0.8;88.2;4.5;0.7;0.8;55.7;4.0;0.9;0.3;81.8;4.8;0.7;0.1;79.1;7.5;6.0;5.2;5.6;6.074999999999999;76.19999999999999;Recuperação;6.233333333333333;75.23333333333333;-2.3;1.3633333333333333;0.12;0.865;0.015;55.25;Risco Moderado
222;13;6;4.5;0.1;0.9;81.2;6.1;0.4;0.4;70.3;6.5;0.2;0.9;87.6;4.5;0.3;0.1;93.3;5.5;6.9;7.6;4.9;6.225;83.1;Recuperação;6.666666666666667;79.7;2.1;1.143333333333333;0.095;0.86;0.045;52.5;Risco Moderado
223;12;7;7.6;0.6;0.4;88.1;7.5;1.0;0.7;74.3;5.0;0.1;0.5;83.9;6.1;0.9;0.2;97.7;8.6;9.2;5.6;7.2;7.649999999999999;86.0;Aprovado;7.8;82.1;-3.0;3.7199999999999993;0.05;0.13;0.82;11.5;Baixo Risco
224;14;7;7.9;0.8;0.9;51.9;7.0;0.7;0.7;77.0;5.1;0.9;0.3;59.9;7.5;0.5;0.5;83.8;9.6;8.4;6.3;8.5;8.2;68.15;Reprovado;8.1;62.93333333333334;-3.3;2.79;0.975;0.005;0.02;97.75;Alto Risco
225;12;9;7.7;0.6;0.4;91.9;5.9;0.9;0.2;90.9;5.3;0.3;0.5;74.7;7.8;0.8;0.8;77.4;8.700000000000001;7.000000000000001;6.1;9.4;7.800000000000001;83.725;Aprovado;7.266666666666668;85.83333333333333;-2.6000000000000014;1.7433333333333352;0.06;0.075;0.865;9.75;Baixo Risco
226;12;7;5.4;0.5;1.0;81.0;6.7;0.5;0.4;58.6;4.8;0.6;0.4;89.6;6.3;0.4;0.5;50.2;6.9;7.6;5.8;7.2;6.875;69.85;Reprovado;6.766666666666667;76.39999999999999;-1.1000000000000003;0.8233333333333333;0.67;0.24;0.09;79.0;Alto Risco
227;11;7;7.3;0.0;0.1;78.2;4.8;0.3;0.6;90.4;3.5;0.4;0.6;73.8;7.2;0.1;0.3;52.0;7.399999999999999;5.699999999999999;4.5;7.6;6.299999999999999;73.60000000000001;Reprovado;5.866666666666666;80.80000000000001;-2.8999999999999986;2.1233333333333317;0.695;0.295;0.01;84.25;Alto Risco
228;12;8;7.2;1.0;0.7;81.2;6.2;0.1;0.1;84.6;4.5;0.1;0.1;76.8;5.6;0.7;0.1;60.0;8.899999999999999;6.4;4.699999999999999;6.4;6.599999999999999;75.65;Recuperação;6.666666666666667;80.86666666666667;-4.199999999999999;4.463333333333331;0.06;0.875;0.065;49.75;Risco Moderado
229;11;6;4.6;0.8;0.5;93.2;5.3;0.7;0.4;77.8;6.3;0.6;1.0;88.6;4.0;0.0;0.6;59.3;5.9;6.4;7.899999999999999;4.6;6.199999999999999;79.72500000000001;Recuperação;6.733333333333333;86.53333333333335;1.9999999999999984;1.0833333333333313;0.055;0.845;0.1;47.75;Risco Moderado
230;11;6;7.1;0.3;0.4;79.3;3.9;0.1;0.5;85.0;6.3;0.5;0.4;83.1;5.6;0.5;0.3;62.7;7.8;4.5;7.2;6.4;6.475;77.525;Recuperação;6.5;82.46666666666667;-0.5999999999999996;3.09;0.075;0.9;0.025;52.5;Risco Moderado
231;12;8;3.2;1.0;0.6;79.0;6.5;0.3;1.0;70.6;4.4;0.2;0.3;70.5;5.8;0.2;0.6;65.2;4.8;7.8;4.9;6.6;6.025;71.325;Reprovado;5.833333333333333;73.36666666666666;0.1000000000000005;2.903333333333333;0.88;0.12;0.0;94.0;Alto Risco
232;14;9;6.0;0.6;0.7;99.5;5.8;0.5;0.5;56.9;5.3;0.5;0.7;94.8;6.7;0.6;1.0;68.0;7.3;6.8;6.5;8.3;7.225;79.8;Aprovado;6.866666666666667;83.73333333333333;-0.7999999999999998;0.1633333333333332;0.045;0.14;0.815;11.5;Baixo Risco
233;14;6;4.2;0.6;0.0;87.8;4.8;0.6;0.8;83.3;4.0;0.8;0.4;58.1;4.1;1.0;0.1;71.0;4.8;6.199999999999999;5.2;5.199999999999999;5.35;75.05;Recuperação;5.4;76.39999999999999;0.4000000000000003;0.5199999999999996;0.155;0.825;0.02;56.75;Risco Moderado
234;14;7;3.6;0.7;0.2;72.1;7.6;0.6;0.4;76.2;4.1;0.6;0.8;99.8;4.8;0.5;0.2;54.9;4.5;8.6;5.499999999999999;5.5;6.025;75.75;Recuperação;6.199999999999999;82.7;0.9999999999999992;4.569999999999999;0.04;0.935;0.025;50.75;Risco Moderado
235;14;6;3.4;0.8;0.7;85.4;3.1;0.2;0.8;82.0;3.1;0.1;0.5;55.9;4.8;0.8;0.5;52.1;4.9;4.1000000000000005;3.7;6.1;4.699999999999999;68.85000000000001;Reprovado;4.233333333333333;74.43333333333334;-1.2000000000000002;0.3733333333333334;0.785;0.21;0.005;89.0;Alto Risco
236;14;7;6.5;0.7;0.7;69.5;4.6;0.4;0.6;66.9;7.5;0.5;0.7;50.7;7.8;0.5;1.0;83.7;7.9;5.6;8.7;9.3;7.875;67.7;Reprovado;7.399999999999999;62.366666666666674;0.7999999999999989;2.59;0.985;0.01;0.005;99.0;Alto Risco
237;12;9;4.7;0.1;1.0;61.4;3.3;0.6;0.9;95.3;4.1;0.7;0.1;94.5;5.2;0.5;0.8;76.9;5.8;4.8;4.9;6.5;5.5;82.025;Recuperação;5.166666666666667;83.73333333333333;-0.8999999999999995;0.3033333333333332;0.055;0.945;0.0;52.75;Risco Moderado
238;12;8;6.6;0.3;0.8;79.8;6.8;1.0;0.4;79.4;4.1;0.8;0.8;62.2;6.8;0.9;0.9;72.2;7.699999999999999;8.2;5.699999999999999;8.6;7.549999999999999;73.39999999999999;Reprovado;7.199999999999999;73.8;-2.0;1.75;0.87;0.1;0.03;92.0;Alto Risco
239;13;6;3.3;0.9;1.0;96.4;6.5;0.7;0.6;54.3;4.4;0.6;0.7;86.5;6.8;0.9;0.3;81.7;5.2;7.8;5.7;8.0;6.675;79.725;Recuperação;6.233333333333333;79.06666666666666;0.5;1.9033333333333329;0.075;0.92;0.005;53.5;Risco Moderado
240;14;8;4.6;0.2;0.7;96.5;4.7;0.9;0.6;72.5;3.6;0.2;0.2;90.6;4.3;0.8;1.0;91.4;5.5;6.2;4.0;6.1;5.449999999999999;87.75;Recuperação;5.233333333333333;86.53333333333335;-1.5;1.2633333333333336;0.045;0.945;0.01;51.75;Risco Moderado
241;12;6;5.7;0.4;0.3;67.1;6.4;0.8;0.4;87.8;6.2;0.7;0.1;92.9;5.9;0.3;0.1;71.4;6.4;7.6;7.0;6.3;6.825;79.8;Recuperação;7.0;82.6;0.5999999999999996;0.3599999999999996;0.055;0.755;0.19;43.25;Risco Moderado
242;13;7;7.0;0.4;0.1;76.4;5.0;0.6;0.1;89.7;3.4;0.7;0.3;99.6;7.5;0.5;0.1;82.1;7.5;5.699999999999999;4.4;8.1;6.424999999999999;86.95000000000002;Recuperação;5.866666666666667;88.56666666666668;-3.1;2.423333333333333;0.085;0.905;0.01;53.75;Risco Moderado
243;14;8;4.6;0.4;0.8;60.6;6.8;0.2;0.1;74.7;3.7;0.0;1.0;64.7;5.4;0.2;0.9;97.7;5.8;7.1;4.7;6.500000000000001;6.025;74.425;Reprovado;5.866666666666666;66.66666666666667;-1.0999999999999996;1.443333333333333;1.0;0.0;0.0;100.0;Alto Risco
244;11;6;6.1;0.6;0.6;99.8;5.3;0.7;0.0;94.7;6.2;0.4;0.3;85.5;7.7;0.4;0.9;92.0;7.299999999999999;6.0;6.9;9.0;7.3;93.0;Aprovado;6.733333333333333;93.33333333333331;-0.3999999999999986;0.4433333333333328;0.025;0.22;0.755;13.5;Baixo Risco
245;13;7;7.4;0.9;0.0;99.1;5.1;0.6;0.9;63.4;4.7;0.3;0.5;55.8;4.1;0.5;0.1;71.3;8.3;6.6;5.5;4.699999999999999;6.275;72.4;Reprovado;6.8;72.76666666666667;-2.8000000000000007;1.990000000000001;0.905;0.065;0.03;93.75;Alto Risco
246;12;8;6.1;0.2;0.4;82.5;7.7;0.6;0.2;70.5;6.5;0.7;0.0;70.3;3.4;0.8;0.1;82.2;6.7;8.5;7.2;4.3;6.675;76.375;Recuperação;7.466666666666666;74.43333333333334;0.5;0.8633333333333331;0.18;0.74;0.08;55.0;Risco Moderado
247;11;8;4.2;0.1;1.0;90.2;4.3;0.5;0.2;94.9;5.8;0.2;0.4;92.4;7.5;0.9;0.0;58.9;5.3;5.0;6.4;8.4;6.275;84.1;Recuperação;5.566666666666667;92.5;1.1000000000000003;0.5433333333333337;0.03;0.955;0.015;50.75;Risco Moderado
248;11;6;3.1;0.2;0.5;85.8;3.6;0.5;0.7;94.8;4.3;0.6;0.6;68.4;7.2;0.4;0.1;78.0;3.8;4.8;5.499999999999999;7.7;5.449999999999999;81.75;Recuperação;4.699999999999999;83.0;1.6999999999999993;0.7299999999999994;0.095;0.895;0.01;54.25;Risco Moderado
249;11;6;7.4;0.9;0.4;79.7;5.9;0.3;0.3;84.3;6.3;0.9;1.0;79.6;8.0;0.0;0.2;99.1;8.700000000000001;6.5;8.2;8.2;7.899999999999999;85.675;Aprovado;7.8;81.2;-0.5000000000000018;1.3300000000000007;0.045;0.1;0.855;9.5;Baixo Risco
250;13;6;3.1;0.6;0.5;52.7;7.8;0.5;0.5;92.9;3.6;0.8;0.5;75.2;6.4;0.9;1.0;75.9;4.2;8.8;4.9;8.3;6.55;74.17500000000001;Reprovado;5.966666666666666;73.60000000000001;0.7000000000000002;6.143333333333334;0.765;0.225;0.01;87.75;Alto Risco
251;12;7;7.4;0.3;0.2;72.7;4.9;0.2;0.2;54.4;5.7;0.9;0.8;82.3;7.7;0.2;0.7;96.4;7.9;5.300000000000001;7.4;8.6;7.300000000000001;76.44999999999999;Aprovado;6.866666666666667;69.8;-0.5;1.9033333333333329;0.305;0.035;0.66;32.25;Baixo Risco
252;11;6;5.6;0.8;0.4;83.7;3.3;0.8;1.0;93.2;5.2;1.0;0.5;98.6;7.1;0.6;0.8;70.4;6.8;5.1;6.7;8.5;6.775;86.475;Recuperação;6.199999999999999;91.83333333333331;-0.0999999999999996;0.9100000000000004;0.07;0.91;0.02;52.5;Risco Moderado
253;14;8;7.7;0.9;0.4;83.9;4.7;0.2;0.9;66.0;4.3;0.0;0.0;52.8;7.2;0.0;0.8;99.9;9.0;5.800000000000001;4.3;8.0;6.775;75.65;Recuperação;6.366666666666667;67.56666666666666;-4.7;5.763333333333334;0.34;0.65;0.01;66.5;Risco Moderado
254;11;8;7.0;0.8;0.1;68.7;5.5;0.1;0.9;58.9;6.0;0.6;0.3;78.7;5.8;0.4;0.5;79.0;7.899999999999999;6.5;6.9;6.7;6.999999999999999;71.325;Reprovado;7.099999999999999;68.76666666666667;-0.9999999999999982;0.5199999999999988;0.93;0.04;0.03;95.0;Alto Risco
255;11;6;8.0;0.9;0.8;97.1;3.8;0.4;0.4;62.0;7.4;0.4;0.6;93.2;4.9;1.0;0.8;52.1;9.7;4.6000000000000005;8.4;6.7;7.35;76.10000000000001;Aprovado;7.566666666666667;84.10000000000001;-1.299999999999999;7.023333333333331;0.075;0.145;0.78;14.75;Baixo Risco
256;13;6;4.8;0.3;0.4;58.4;6.3;0.7;0.8;70.9;8.0;0.9;1.0;74.1;7.7;0.1;0.6;79.3;5.5;7.8;9.9;8.4;7.9;70.675;Reprovado;7.733333333333334;67.8;4.4;4.843333333333334;0.92;0.04;0.04;94.0;Alto Risco
257;13;9;6.8;0.8;0.8;75.0;8.0;0.4;0.1;62.6;6.0;0.3;0.9;53.9;5.2;0.4;0.3;63.7;8.4;8.5;7.2;5.9;7.5;63.8;Reprovado;8.033333333333333;63.833333333333336;-1.2000000000000002;0.5233333333333333;0.97;0.01;0.02;97.5;Alto Risco
258;12;8;5.0;0.5;0.9;84.5;5.3;0.3;0.0;66.0;5.0;1.0;0.2;78.0;5.7;0.3;0.6;51.6;6.4;5.6;6.2;6.6;6.199999999999999;70.025;Reprovado;6.066666666666666;76.16666666666667;-0.2000000000000001;0.1733333333333336;0.77;0.2;0.03;87.0;Alto Risco
259;14;7;5.4;0.8;0.2;84.9;4.8;0.6;0.0;56.7;4.1;0.6;0.2;66.6;5.2;0.9;0.5;91.0;6.4;5.4;4.9;6.6000000000000005;5.825;74.80000000000001;Reprovado;5.566666666666667;69.4;-1.5;0.5833333333333334;0.96;0.035;0.005;97.75;Alto Risco
260;13;9;6.1;0.7;0.7;82.4;5.0;0.3;0.6;64.8;4.3;0.8;0.2;57.7;5.8;0.9;0.8;63.8;7.5;5.9;5.3;7.5;6.55;67.175;Reprovado;6.233333333333333;68.3;-2.2;1.2933333333333334;0.98;0.015;0.005;98.75;Alto Risco
261;11;6;7.4;0.8;0.5;63.8;3.6;0.9;0.5;78.6;5.4;0.1;0.9;92.5;5.4;0.2;1.0;89.8;8.700000000000001;5.0;6.4;6.6000000000000005;6.675000000000001;81.175;Recuperação;6.7;78.3;-2.3000000000000007;3.490000000000002;0.085;0.865;0.05;51.75;Risco Moderado
262;12;6;7.9;0.7;0.9;57.8;7.4;0.9;0.5;72.1;4.8;0.2;0.9;76.1;3.2;0.1;0.4;64.4;9.5;8.8;5.9;3.7;6.9750000000000005;67.6;Reprovado;8.066666666666668;68.66666666666666;-3.6;3.6433333333333335;0.9;0.065;0.035;93.25;Alto Risco
263;11;8;6.8;0.2;0.2;81.8;5.1;0.5;0.0;67.3;7.6;0.8;0.8;96.7;7.4;0.6;0.8;59.7;7.2;5.6;9.2;8.8;7.7;76.375;Aprovado;7.333333333333333;81.93333333333334;1.9999999999999991;3.2533333333333325;0.06;0.105;0.835;11.25;Baixo Risco
264;11;6;5.1;0.5;0.7;80.0;4.9;0.3;0.4;87.3;4.8;0.0;0.4;90.3;5.2;0.3;0.1;98.7;6.3;5.6000000000000005;5.2;5.6;5.675000000000001;89.075;Recuperação;5.7;85.86666666666667;-1.0999999999999996;0.3099999999999998;0.055;0.925;0.02;51.75;Risco Moderado
265;13;7;5.1;1.0;0.6;59.0;6.3;0.7;0.7;94.7;4.9;0.8;0.5;84.6;5.9;0.7;0.8;68.1;6.699999999999999;7.7;6.2;7.4;7.0;76.6;Aprovado;6.866666666666666;79.43333333333332;-0.4999999999999991;0.5833333333333335;0.11;0.165;0.725;19.25;Baixo Risco
266;12;8;6.7;0.9;0.3;85.3;5.2;0.0;0.4;87.8;4.9;0.0;0.5;50.3;3.7;0.0;0.4;80.1;7.9;5.6000000000000005;5.4;4.1000000000000005;5.75;75.875;Recuperação;6.3;74.46666666666665;-2.5;1.93;0.155;0.835;0.01;57.25;Risco Moderado
267;14;6;4.2;0.0;0.1;72.8;6.2;0.5;0.7;66.6;7.2;0.7;0.3;71.4;3.0;0.1;0.0;80.5;4.3;7.4;8.200000000000001;3.1;5.75;72.82499999999999;Reprovado;6.633333333333333;70.26666666666667;3.900000000000001;4.243333333333336;0.94;0.03;0.03;95.5;Alto Risco
268;14;8;3.6;0.2;0.7;83.4;3.3;0.3;0.2;87.2;6.3;0.4;0.5;59.9;4.2;0.7;0.4;78.0;4.5;3.8;7.2;5.300000000000001;5.2;77.125;Recuperação;5.166666666666667;76.83333333333334;2.7;3.223333333333334;0.14;0.855;0.005;56.75;Risco Moderado
269;13;6;4.8;0.1;0.7;91.9;7.1;0.9;0.8;57.6;6.1;0.6;0.0;95.5;6.5;0.2;0.6;95.7;5.6;8.8;6.699999999999999;7.3;7.1000000000000005;85.175;Aprovado;7.033333333333334;81.66666666666667;1.0999999999999996;2.6433333333333358;0.09;0.21;0.7;19.5;Baixo Risco
270;13;6;4.4;0.7;0.3;58.5;7.7;0.0;0.6;56.5;4.7;0.7;0.1;58.7;3.5;0.9;0.1;83.7;5.4;8.3;5.5;4.5;5.925000000000001;64.35;Reprovado;6.400000000000001;57.9;0.0999999999999996;2.710000000000001;0.99;0.01;0.0;99.5;Alto Risco
271;12;6;4.5;0.8;0.6;51.0;6.2;0.6;0.2;67.3;7.1;0.3;0.9;64.3;7.5;0.1;0.9;70.2;5.9;7.0;8.299999999999999;8.5;7.424999999999999;63.2;Reprovado;7.066666666666666;60.86666666666667;2.3999999999999986;1.4433333333333316;0.975;0.01;0.015;98.0;Alto Risco
272;14;7;4.2;0.2;0.4;89.0;7.8;0.7;0.2;90.4;3.2;0.1;0.8;75.8;4.1;0.2;0.1;93.1;4.800000000000001;8.7;4.1000000000000005;4.4;5.5;87.07499999999999;Recuperação;5.866666666666667;85.06666666666666;-0.7000000000000002;6.14333333333333;0.025;0.97;0.005;51.0;Risco Moderado
273;14;7;3.2;0.5;0.7;80.5;3.8;0.5;0.6;62.3;7.4;0.1;0.4;63.2;4.0;1.0;0.9;59.1;4.4;4.9;7.9;5.9;5.775;66.275;Reprovado;5.733333333333334;68.66666666666667;3.5;3.583333333333333;0.98;0.01;0.01;98.5;Alto Risco
274;14;8;3.1;0.8;0.2;85.0;5.4;0.1;0.8;53.2;5.6;0.6;0.5;60.5;3.9;0.4;0.7;77.2;4.1000000000000005;6.3;6.699999999999999;5.0;5.525;68.975;Reprovado;5.7;66.23333333333333;2.5999999999999988;1.9599999999999984;0.98;0.02;0.0;99.0;Alto Risco
275;11;6;7.9;0.7;0.9;91.9;6.0;1.0;0.4;56.6;5.0;0.5;0.4;80.0;3.1;0.7;0.3;97.5;9.5;7.4;5.9;4.1;6.725;81.5;Recuperação;7.599999999999999;76.16666666666667;-3.6;3.269999999999999;0.155;0.685;0.16;49.75;Risco Moderado
276;14;6;5.1;0.5;0.3;90.1;5.9;0.5;0.3;92.9;5.5;0.7;0.7;54.4;6.9;0.2;0.4;81.3;5.9;6.7;6.9;7.500000000000001;6.75;79.675;Recuperação;6.5;79.13333333333334;1.0;0.2799999999999999;0.07;0.9;0.03;52.0;Risco Moderado
277;11;7;4.9;0.6;0.4;98.0;5.0;0.6;0.9;81.7;6.3;0.5;0.8;52.9;7.4;0.6;0.7;90.8;5.9;6.5;7.6;8.7;7.175;80.85;Aprovado;6.666666666666667;77.53333333333333;1.6999999999999993;0.7433333333333327;0.11;0.225;0.665;22.25;Baixo Risco
278;12;6;6.4;0.5;0.1;76.8;4.7;0.2;0.7;62.7;3.1;0.4;0.8;68.6;6.1;0.7;0.6;82.7;7.0;5.6000000000000005;4.3;7.399999999999999;6.075;72.7;Reprovado;5.633333333333334;69.36666666666666;-2.7;1.8233333333333337;0.95;0.045;0.005;97.25;Alto Risco
279;11;7;4.1;0.3;0.1;74.4;3.6;0.5;0.4;77.8;7.4;0.4;0.7;86.0;3.9;0.3;0.7;92.0;4.499999999999999;4.5;8.5;4.9;5.6;82.55;Recuperação;5.833333333333333;79.39999999999999;4.000000000000001;5.333333333333334;0.095;0.9;0.005;54.5;Risco Moderado
280;12;6;7.7;0.6;0.5;70.1;5.0;0.4;0.5;76.4;5.2;0.0;0.2;77.7;4.4;0.8;0.4;97.2;8.8;5.9;5.4;5.6000000000000005;6.425000000000001;80.35;Recuperação;6.7;74.73333333333333;-3.4000000000000004;3.370000000000001;0.255;0.715;0.03;61.25;Risco Moderado
281;14;8;6.9;0.7;0.3;57.7;3.8;0.1;0.2;82.8;4.7;0.3;0.3;71.1;5.4;0.6;0.5;63.6;7.9;4.1;5.3;6.5;5.95;68.8;Reprovado;5.766666666666667;70.53333333333333;-2.6000000000000005;3.773333333333335;0.88;0.12;0.0;94.0;Alto Risco
282;14;6;3.4;0.9;0.8;78.6;6.7;0.1;0.6;61.7;3.7;1.0;0.5;78.3;7.8;0.4;1.0;58.5;5.1;7.399999999999999;5.2;9.2;6.725;69.275;Reprovado;5.9;72.86666666666667;0.1000000000000005;1.689999999999998;0.9;0.1;0.0;95.0;Alto Risco
283;12;6;5.1;0.6;0.0;63.9;4.0;0.8;0.4;93.2;5.2;0.9;0.3;68.3;4.2;0.6;0.2;74.2;5.699999999999999;5.2;6.4;5.0;5.574999999999999;74.89999999999999;Reprovado;5.766666666666666;75.13333333333333;0.7000000000000011;0.3633333333333335;0.85;0.145;0.005;92.25;Alto Risco
284;13;9;7.4;0.8;0.4;96.1;3.3;0.2;1.0;65.5;5.5;0.3;0.8;96.8;6.7;0.6;0.4;85.1;8.600000000000001;4.5;6.6;7.7;6.8500000000000005;85.875;Recuperação;6.566666666666667;86.13333333333333;-2.0000000000000018;4.203333333333337;0.055;0.885;0.06;49.75;Risco Moderado
285;12;7;7.7;0.2;0.3;79.2;5.8;0.2;0.5;84.7;5.0;0.6;0.3;52.7;5.2;0.2;0.3;61.4;8.200000000000001;6.5;5.9;5.7;6.575;69.5;Reprovado;6.866666666666667;72.2;-2.3000000000000007;1.4233333333333344;0.91;0.045;0.045;93.25;Alto Risco
286;13;6;5.3;0.5;0.0;79.6;6.0;0.5;0.5;50.8;6.4;0.8;0.1;83.7;4.5;0.4;0.8;50.2;5.8;7.0;7.3;5.7;6.45;66.07499999999999;Reprovado;6.7;71.36666666666666;1.5;0.63;0.885;0.07;0.045;92.0;Alto Risco
287;11;6;6.1;0.0;0.1;67.7;7.4;0.8;0.6;68.6;5.1;0.4;0.4;94.6;5.3;0.3;0.8;67.1;6.199999999999999;8.8;5.9;6.4;6.824999999999999;74.5;Reprovado;6.966666666666666;76.96666666666667;-0.2999999999999989;2.543333333333335;0.76;0.16;0.08;84.0;Alto Risco
288;11;9;3.8;0.2;0.4;52.6;5.9;0.1;0.9;67.6;7.8;0.0;1.0;90.2;3.4;0.4;0.3;98.4;4.4;6.9;8.8;4.1;6.050000000000001;77.19999999999999;Recuperação;6.7;70.13333333333333;4.4;4.870000000000001;0.29;0.685;0.025;63.25;Risco Moderado
289;11;9;8.0;0.7;0.5;51.6;4.7;0.6;0.8;77.2;6.0;0.1;0.2;59.2;7.0;0.8;0.1;84.7;9.2;6.1;6.3;7.899999999999999;7.374999999999999;68.175;Reprovado;7.199999999999999;62.66666666666666;-2.8999999999999995;3.009999999999999;0.965;0.02;0.015;97.5;Alto Risco
290;14;7;4.2;1.0;0.4;71.2;7.0;0.1;0.5;53.6;7.0;0.5;0.6;64.8;4.2;0.5;0.0;70.1;5.6000000000000005;7.6;8.1;4.7;6.499999999999999;64.92500000000001;Reprovado;7.099999999999999;63.20000000000001;2.499999999999999;1.749999999999999;0.98;0.01;0.01;98.5;Alto Risco
291;11;9;7.7;0.1;0.5;54.2;5.7;0.0;0.7;89.5;3.5;1.0;0.4;85.9;6.6;0.9;0.4;59.6;8.3;6.4;4.9;7.9;6.875;72.3;Reprovado;6.533333333333334;76.53333333333333;-3.4000000000000004;2.903333333333334;0.76;0.195;0.045;85.75;Alto Risco
292;13;8;6.2;0.4;0.6;80.3;3.4;0.1;0.6;60.9;5.0;0.7;0.1;54.2;3.3;0.3;0.4;67.8;7.2;4.1;5.8;4.0;5.275;65.8;Reprovado;5.7;65.13333333333333;-1.4000000000000004;2.410000000000001;0.97;0.03;0.0;98.5;Alto Risco
293;11;9;6.0;0.8;0.0;94.0;5.8;0.8;0.5;83.9;4.7;0.1;0.5;90.6;7.8;0.4;1.0;58.5;6.8;7.1;5.3;9.2;7.1;81.75;Aprovado;6.4;89.5;-1.5;0.93;0.06;0.255;0.685;18.75;Baixo Risco
294;12;8;5.6;0.2;0.5;94.1;7.5;0.1;0.2;90.2;5.8;0.2;0.7;85.9;4.0;0.8;0.5;55.3;6.3;7.8;6.7;5.3;6.525;81.37500000000001;Recuperação;6.933333333333334;90.06666666666668;0.4000000000000003;0.6033333333333333;0.07;0.8;0.13;47.0;Risco Moderado
295;12;7;4.2;0.6;1.0;83.0;5.0;0.0;0.5;78.1;7.3;0.8;0.5;86.5;7.4;0.5;0.3;95.3;5.8;5.5;8.6;8.200000000000001;7.025;85.725;Aprovado;6.633333333333333;82.53333333333333;2.8;2.923333333333333;0.095;0.26;0.645;22.5;Baixo Risco
296;14;7;3.9;0.7;0.5;60.6;4.5;0.4;0.2;87.0;3.4;0.8;0.9;55.0;7.0;0.5;0.9;99.9;5.1;5.1000000000000005;5.1000000000000005;8.4;5.925000000000001;75.625;Recuperação;5.1000000000000005;67.53333333333333;8.881784197001252e-16;3.944304526105059e-31;0.27;0.725;0.005;63.25;Risco Moderado
297;12;7;4.1;0.6;0.7;93.1;3.7;0.8;0.9;83.1;3.4;0.6;0.3;85.9;7.8;0.1;0.5;58.2;5.4;5.4;4.3;8.399999999999999;5.875;80.075;Recuperação;5.033333333333334;87.36666666666667;-1.1000000000000003;0.4033333333333337;0.04;0.96;0.0;52.0;Risco Moderado
298;13;7;3.9;0.2;0.3;94.3;3.8;0.3;0.3;67.8;7.3;0.6;0.1;84.0;5.4;0.4;0.6;52.7;4.4;4.4;7.999999999999999;6.4;5.799999999999999;74.7;Reprovado;5.6000000000000005;82.03333333333333;3.5999999999999988;4.319999999999997;0.765;0.225;0.01;87.75;Alto Risco
299;11;7;6.9;0.4;0.8;59.8;5.2;0.4;1.0;90.4;4.1;0.0;0.9;91.5;6.6;0.3;0.1;66.5;8.100000000000001;6.6000000000000005;5.0;6.999999999999999;6.675000000000001;77.05;Recuperação;6.566666666666667;80.56666666666666;-3.1000000000000014;2.403333333333336;0.065;0.895;0.04;51.25;Risco Moderado
300;14;8;4.8;0.8;0.8;86.9;6.0;0.0;0.5;64.7;6.3;0.8;0.4;52.1;4.9;1.0;0.4;73.1;6.4;6.5;7.5;6.300000000000001;6.675;69.2;Reprovado;6.8;67.9;1.0999999999999996;0.3699999999999999;0.975;0.02;0.005;98.5;Alto Risco
301;11;8;3.3;0.6;0.5;64.3;3.4;0.4;0.6;78.6;5.7;0.8;0.6;51.2;3.9;0.3;0.9;60.2;4.4;4.4;7.1;5.1000000000000005;5.25;63.57499999999999;Reprovado;5.3;64.69999999999999;2.6999999999999997;2.429999999999999;0.98;0.02;0.0;99.0;Alto Risco
302;11;7;7.8;0.0;1.0;90.1;7.7;0.6;0.5;87.3;7.2;0.3;0.8;68.7;5.2;0.9;0.6;65.1;8.8;8.8;8.3;6.7;8.15;77.79999999999998;Aprovado;8.633333333333335;82.03333333333332;-0.5;0.0833333333333333;0.08;0.065;0.855;11.25;Baixo Risco
303;13;9;7.4;0.8;0.1;99.9;6.8;0.6;0.1;68.9;3.6;0.7;0.3;57.4;3.8;0.7;0.3;60.0;8.3;7.499999999999999;4.6;4.8;6.3;71.55000000000001;Reprovado;6.8;75.4;-3.700000000000001;3.790000000000001;0.805;0.1;0.095;85.5;Alto Risco
304;12;6;7.6;0.0;0.0;51.5;5.9;0.3;0.4;65.1;3.6;0.2;0.7;77.9;7.9;0.3;0.6;88.7;7.6;6.6000000000000005;4.5;8.8;6.875;70.8;Reprovado;6.233333333333333;64.83333333333333;-3.1;2.503333333333333;0.97;0.03;0.0;98.5;Alto Risco
305;12;7;8.0;0.7;0.8;94.9;7.1;0.3;0.1;73.0;5.8;0.0;0.1;95.9;3.5;0.5;0.9;85.6;9.5;7.499999999999999;5.9;4.9;6.949999999999999;87.35;Recuperação;7.633333333333333;87.93333333333334;-3.6;3.253333333333333;0.03;0.825;0.145;44.25;Risco Moderado
306;11;9;3.9;0.2;0.8;81.1;3.4;0.1;0.6;90.9;7.7;0.2;0.3;69.6;5.9;0.8;0.3;81.7;4.9;4.1;8.200000000000001;7.0;6.050000000000001;80.825;Recuperação;5.733333333333334;80.53333333333333;3.3000000000000007;4.723333333333336;0.135;0.85;0.015;56.0;Risco Moderado
307;14;6;5.0;1.0;0.1;98.7;5.4;0.4;0.4;96.5;5.1;0.2;0.1;92.2;6.1;0.9;0.5;69.4;6.1;6.200000000000001;5.4;7.5;6.3;89.19999999999999;Recuperação;5.900000000000001;95.8;-0.6999999999999993;0.19;0.055;0.91;0.035;51.0;Risco Moderado
308;12;7;6.8;0.4;0.3;73.3;6.2;0.1;0.8;77.3;4.6;0.3;0.8;50.0;5.7;0.2;1.0;95.5;7.5;7.1;5.699999999999999;6.9;6.799999999999999;74.025;Reprovado;6.766666666666666;66.86666666666666;-1.8000000000000007;0.893333333333334;0.965;0.03;0.005;98.0;Alto Risco
309;14;7;6.5;0.3;0.0;92.4;7.1;0.8;0.2;83.1;6.0;0.4;0.2;58.4;6.3;0.3;0.2;98.5;6.8;8.1;6.6000000000000005;6.8;7.075;83.1;Aprovado;7.166666666666667;77.96666666666667;-0.1999999999999993;0.6633333333333328;0.155;0.12;0.725;21.5;Baixo Risco
310;12;8;3.8;0.1;0.3;53.1;6.9;1.0;0.2;95.2;7.7;0.5;0.7;51.5;3.6;0.3;0.7;58.7;4.2;8.1;8.899999999999999;4.6;6.449999999999999;64.625;Reprovado;7.066666666666666;66.60000000000001;4.699999999999998;6.32333333333333;0.9;0.07;0.03;93.5;Alto Risco
311;14;6;7.1;0.3;0.8;66.8;4.4;1.0;0.4;54.9;7.2;0.5;0.9;66.4;5.8;0.0;0.6;61.2;8.2;5.800000000000001;8.6;6.4;7.25;62.325;Reprovado;7.533333333333334;62.7;0.4000000000000003;2.2933333333333312;0.97;0.015;0.015;97.75;Alto Risco
312;13;6;4.1;0.9;0.5;53.4;7.7;0.9;0.9;61.6;8.0;0.3;0.5;95.4;4.4;0.6;0.7;76.3;5.5;9.5;8.8;5.7;7.375;71.675;Reprovado;7.933333333333334;70.13333333333334;3.3000000000000007;4.5633333333333335;0.84;0.04;0.12;86.0;Alto Risco
313;14;9;4.1;1.0;0.3;98.8;3.6;0.6;0.7;85.4;3.1;0.0;0.5;54.8;7.7;0.9;0.4;54.6;5.4;4.9;3.6;9.0;5.725;73.4;Reprovado;4.633333333333334;79.66666666666667;-1.8000000000000005;0.8633333333333336;0.75;0.24;0.01;87.0;Alto Risco
314;13;8;5.7;0.4;0.4;90.8;7.4;0.7;0.4;91.2;3.6;0.6;0.5;80.3;6.8;0.4;0.3;71.8;6.500000000000001;8.5;4.7;7.5;6.8;83.525;Recuperação;6.566666666666666;87.43333333333334;-1.8000000000000007;3.613333333333333;0.03;0.945;0.025;50.25;Risco Moderado
315;13;8;6.0;0.4;0.0;92.6;7.9;0.3;0.5;92.9;6.0;0.4;0.3;72.6;7.9;0.7;0.7;79.1;6.4;8.700000000000001;6.7;9.3;7.775;84.30000000000001;Aprovado;7.266666666666667;86.03333333333335;0.2999999999999998;1.5633333333333344;0.065;0.13;0.805;13.0;Baixo Risco
316;14;8;5.9;0.7;0.3;96.9;3.9;0.6;0.1;70.8;7.1;0.3;0.5;96.9;3.2;0.6;0.2;76.1;6.9;4.6;7.899999999999999;4.0;5.85;85.17500000000001;Recuperação;6.466666666666666;88.2;0.9999999999999982;2.8633333333333324;0.055;0.915;0.03;51.25;Risco Moderado
317;13;8;3.5;0.9;0.6;54.3;6.6;0.5;1.0;54.5;4.4;0.9;0.6;56.1;4.4;0.4;0.4;66.5;5.0;8.1;5.9;5.200000000000001;6.050000000000001;57.85;Reprovado;6.333333333333333;54.96666666666667;0.9000000000000004;2.543333333333333;0.99;0.01;0.0;99.5;Alto Risco
318;11;6;7.4;0.6;1.0;69.3;3.2;0.5;0.7;71.9;4.2;0.7;1.0;60.6;4.0;0.1;0.2;77.1;9.0;4.4;5.9;4.3;5.9;69.725;Reprovado;6.433333333333334;67.26666666666667;-3.1;5.503333333333333;0.985;0.015;0.0;99.25;Alto Risco
319;13;6;4.3;0.4;0.8;53.6;5.0;0.8;0.3;61.5;6.9;0.9;0.9;51.5;3.1;0.7;0.0;97.9;5.5;6.1;8.700000000000001;3.8;6.025;66.125;Reprovado;6.766666666666667;55.53333333333333;3.200000000000001;2.893333333333336;0.955;0.02;0.025;96.5;Alto Risco
320;12;7;3.6;0.4;0.0;60.5;5.6;0.3;0.6;64.6;3.3;0.5;0.9;71.7;4.2;0.9;1.0;60.3;4.0;6.499999999999999;4.7;6.1000000000000005;5.325;64.275;Reprovado;5.066666666666666;65.60000000000001;0.7000000000000002;1.6633333333333322;0.96;0.04;0.0;98.0;Alto Risco
321;14;7;7.4;0.7;0.9;61.5;5.9;0.3;0.1;88.6;4.8;0.1;0.9;63.9;6.4;0.7;0.4;82.7;9.0;6.3;5.8;7.500000000000001;7.15;74.175;Reprovado;7.033333333333334;71.33333333333333;-3.2;2.963333333333334;0.885;0.055;0.06;91.25;Alto Risco
322;11;8;7.8;0.0;0.8;73.5;7.7;0.9;1.0;53.8;5.5;0.7;0.5;93.5;4.2;0.0;1.0;52.2;8.6;9.6;6.7;5.2;7.524999999999999;68.25;Reprovado;8.299999999999999;73.60000000000001;-1.8999999999999997;2.169999999999999;0.855;0.075;0.07;89.25;Alto Risco
323;14;8;7.3;0.6;0.8;63.4;6.4;0.1;0.2;91.4;5.8;0.2;0.7;80.2;5.5;0.2;0.1;53.3;8.7;6.7;6.7;5.8;6.975;72.075;Reprovado;7.366666666666666;78.33333333333333;-1.9999999999999991;1.333333333333332;0.715;0.09;0.195;76.0;Alto Risco
324;12;8;7.0;0.4;0.5;55.0;5.4;0.5;0.6;71.4;6.6;0.4;0.9;80.7;7.4;0.1;0.6;77.6;7.9;6.5;7.9;8.1;7.6;71.17500000000001;Reprovado;7.433333333333334;69.03333333333335;0.0;0.6533333333333337;0.935;0.01;0.055;94.0;Alto Risco
325;12;7;6.3;0.8;0.4;58.4;7.0;0.9;0.2;79.8;4.8;0.1;0.4;76.6;6.5;0.6;0.2;55.2;7.5;8.1;5.3;7.3;7.05;67.5;Reprovado;6.966666666666666;71.6;-2.2;2.1733333333333333;0.9;0.04;0.06;92.0;Alto Risco
326;12;9;5.8;0.1;0.3;57.4;7.8;0.6;0.7;54.5;6.1;0.8;1.0;54.6;5.0;0.8;0.8;51.1;6.199999999999999;9.1;7.899999999999999;6.6;7.449999999999999;54.4;Reprovado;7.733333333333332;55.5;1.6999999999999993;2.123333333333333;0.99;0.0;0.01;99.0;Alto Risco
327;13;9;3.4;0.6;0.1;98.7;3.1;0.5;0.8;66.9;5.9;0.1;0.4;72.3;4.9;0.1;0.8;58.6;4.1;4.4;6.4;5.8;5.175;74.12500000000001;Reprovado;4.966666666666667;79.30000000000001;2.3000000000000007;1.563333333333334;0.76;0.235;0.005;87.75;Alto Risco
328;13;7;5.0;0.5;0.2;88.0;7.9;0.2;0.7;54.5;5.7;0.9;0.6;100.0;5.3;0.8;0.1;78.2;5.7;8.799999999999999;7.2;6.199999999999999;6.975;80.175;Recuperação;7.233333333333333;80.83333333333333;1.5;2.4033333333333315;0.095;0.835;0.07;51.25;Risco Moderado
329;14;7;4.9;0.6;0.2;98.4;3.4;0.3;0.6;98.1;6.2;0.9;0.7;91.8;3.9;0.6;0.9;85.2;5.7;4.3;7.800000000000001;5.4;5.800000000000001;93.375;Recuperação;5.933333333333334;96.1;2.1000000000000005;3.103333333333335;0.045;0.94;0.015;51.5;Risco Moderado
330;14;7;4.3;0.1;0.5;72.0;7.1;0.9;0.9;90.4;4.3;0.5;1.0;94.7;6.2;0.7;0.2;60.1;4.9;8.9;5.8;7.1000000000000005;6.675000000000001;79.30000000000001;Recuperação;6.533333333333334;85.7;0.8999999999999995;4.403333333333333;0.035;0.955;0.01;51.25;Risco Moderado
331;11;7;6.6;0.6;0.7;63.9;4.4;0.6;0.1;73.0;3.4;0.7;0.2;91.2;4.8;1.0;0.6;83.4;7.899999999999999;5.1;4.3;6.4;5.925;77.875;Recuperação;5.766666666666666;76.03333333333335;-3.5999999999999988;3.573333333333331;0.085;0.915;0.0;54.25;Risco Moderado
332;11;7;5.5;0.6;0.5;89.9;3.7;0.5;0.3;61.2;3.6;0.6;0.7;55.2;7.3;0.1;1.0;59.1;6.6;4.5;4.9;8.399999999999999;6.1;66.35000000000001;Reprovado;5.333333333333333;68.76666666666667;-1.6999999999999993;1.243333333333333;0.975;0.025;0.0;98.75;Alto Risco
333;14;7;3.4;0.6;0.1;66.3;5.2;0.1;0.2;96.7;4.1;0.8;0.5;61.4;6.8;0.9;0.9;80.7;4.1;5.5;5.4;8.6;5.9;76.275;Recuperação;5.0;74.8;1.3000000000000007;0.6100000000000004;0.17;0.83;0.0;58.5;Risco Moderado
334;13;8;4.1;0.6;1.0;65.0;6.2;0.0;1.0;67.2;5.5;0.4;0.3;50.2;6.1;0.1;1.0;70.6;5.699999999999999;7.2;6.2;7.199999999999999;6.574999999999999;63.24999999999999;Reprovado;6.366666666666666;60.79999999999999;0.5000000000000009;0.5833333333333339;0.975;0.025;0.0;98.75;Alto Risco
335;12;8;6.4;0.7;0.9;61.6;4.9;1.0;0.4;58.0;7.2;0.8;0.8;65.2;4.8;0.4;0.3;82.7;8.0;6.300000000000001;8.8;5.5;7.15;66.875;Reprovado;7.7;61.6;0.8000000000000007;1.63;0.985;0.015;0.0;99.25;Alto Risco
336;14;8;3.4;0.8;0.8;56.5;3.3;0.4;0.7;78.2;6.5;0.5;0.6;55.4;4.0;0.9;0.1;99.8;5.0;4.4;7.6;5.0;5.5;72.475;Reprovado;5.666666666666667;63.36666666666667;2.6;2.8933333333333326;0.985;0.015;0.0;99.25;Alto Risco
337;11;8;7.3;0.3;1.0;62.8;6.0;0.6;0.7;97.2;6.9;0.9;0.7;73.6;6.9;0.9;0.2;96.9;8.6;7.3;8.5;8.0;8.1;82.625;Aprovado;8.133333333333333;77.86666666666666;-0.0999999999999996;0.5233333333333333;0.08;0.025;0.895;9.25;Baixo Risco
338;13;7;5.5;0.8;0.5;67.8;7.5;0.1;0.2;50.2;4.8;0.5;0.3;83.9;5.4;0.5;0.5;50.2;6.8;7.8;5.6;6.4;6.65;63.025000000000006;Reprovado;6.733333333333333;67.3;-1.2000000000000002;1.2133333333333336;0.965;0.015;0.02;97.25;Alto Risco
339;14;9;5.4;0.5;1.0;83.7;4.9;0.7;0.2;61.9;5.0;0.5;0.5;93.7;4.1;0.6;0.8;94.3;6.9;5.800000000000001;6.0;5.499999999999999;6.050000000000001;83.4;Recuperação;6.233333333333334;79.76666666666667;-0.9000000000000004;0.3433333333333332;0.09;0.9;0.01;54.0;Risco Moderado
340;14;6;6.0;0.1;0.1;53.1;4.1;0.9;0.3;96.9;5.0;0.8;0.6;87.5;4.0;0.7;0.2;53.3;6.199999999999999;5.3;6.4;4.9;5.699999999999999;72.7;Reprovado;5.966666666666666;79.16666666666667;0.200000000000001;0.3433333333333334;0.72;0.26;0.02;85.0;Alto Risco
341;13;7;7.1;0.1;0.4;60.5;5.2;0.6;0.4;58.6;4.0;0.8;0.4;96.9;3.8;0.8;0.7;97.7;7.6;6.2;5.2;5.3;6.075;78.425;Recuperação;6.333333333333333;72.0;-2.3999999999999995;1.4533333333333327;0.25;0.74;0.01;62.0;Risco Moderado
342;14;6;4.7;0.3;0.2;90.5;3.2;0.1;0.2;55.7;3.3;0.6;0.2;52.7;6.9;0.1;0.3;64.1;5.2;3.5000000000000004;4.1;7.3;5.025;65.75;Reprovado;4.266666666666667;66.3;-1.1000000000000003;0.7433333333333332;0.955;0.045;0.0;97.75;Alto Risco
343;13;9;6.4;0.8;0.2;57.3;7.1;0.6;0.0;78.5;6.0;0.2;1.0;50.6;4.1;0.8;0.3;69.1;7.4;7.699999999999999;7.2;5.199999999999999;6.875;63.875;Reprovado;7.433333333333334;62.13333333333333;-0.2000000000000001;0.063333333333333;0.98;0.01;0.01;98.5;Alto Risco
344;12;8;5.8;0.7;0.1;67.1;7.1;0.8;0.9;93.1;7.9;0.5;0.5;83.1;5.6;0.5;0.7;54.6;6.6;8.799999999999999;8.9;6.8;7.774999999999999;74.475;Reprovado;8.1;81.1;2.3000000000000007;1.69;0.73;0.065;0.205;76.25;Alto Risco
345;13;9;4.3;0.8;0.6;93.2;5.9;0.4;1.0;73.9;3.8;1.0;0.7;64.5;5.3;0.5;0.5;55.6;5.699999999999999;7.300000000000001;5.5;6.3;6.2;71.80000000000001;Reprovado;6.166666666666667;77.2;-0.1999999999999993;0.9733333333333344;0.785;0.2;0.015;88.5;Alto Risco
346;13;7;7.4;0.5;0.8;57.7;4.8;0.9;0.3;99.7;3.2;0.8;0.4;62.7;5.9;0.4;0.8;86.3;8.700000000000001;6.0;4.4;7.1000000000000005;6.550000000000001;76.60000000000001;Recuperação;6.366666666666667;73.36666666666667;-4.300000000000001;4.723333333333335;0.2;0.79;0.01;59.5;Risco Moderado
347;13;8;7.0;0.4;0.6;54.1;7.0;0.6;0.3;84.0;6.9;0.8;0.4;66.5;7.4;0.5;0.2;97.2;8.0;7.899999999999999;8.1;8.1;8.025;75.45;Aprovado;8.0;68.2;0.0999999999999996;0.0100000000000001;0.255;0.01;0.735;26.0;Baixo Risco
348;14;7;6.3;0.1;0.1;74.2;5.8;0.9;0.0;53.7;4.3;0.0;0.4;63.5;7.3;0.9;0.8;80.5;6.499999999999999;6.7;4.7;9.0;6.725;67.975;Reprovado;5.966666666666666;63.8;-1.799999999999999;1.213333333333333;0.99;0.005;0.005;99.25;Alto Risco
349;14;8;7.3;0.3;0.8;65.1;7.1;0.6;0.7;99.6;7.1;0.5;0.4;75.6;5.3;0.5;0.1;85.8;8.4;8.399999999999999;8.0;5.9;7.674999999999999;81.52499999999999;Aprovado;8.266666666666666;80.1;-0.4000000000000003;0.0533333333333331;0.055;0.03;0.915;7.0;Baixo Risco
350;13;6;7.3;0.4;0.6;78.2;6.2;0.1;0.8;70.4;6.5;0.6;0.5;72.0;3.1;1.0;0.2;88.1;8.3;7.1;7.6;4.3;6.825;77.17500000000001;Recuperação;7.666666666666667;73.53333333333335;-0.7000000000000011;0.363333333333334;0.305;0.66;0.035;63.5;Risco Moderado
351;14;6;6.5;0.1;0.4;90.2;6.9;0.3;0.1;64.4;7.7;0.8;0.5;75.6;5.1;0.2;0.7;63.1;7.0;7.3;9.0;6.0;7.325;73.325;Reprovado;7.766666666666667;76.73333333333333;2.0;1.1633333333333336;0.72;0.115;0.165;77.75;Alto Risco
352;11;6;7.2;0.2;0.7;56.9;6.0;0.2;0.2;77.9;5.0;0.0;0.5;83.6;6.0;0.7;0.9;52.3;8.1;6.4;5.5;7.6;6.9;67.675;Reprovado;6.666666666666667;72.8;-2.6;1.7433333333333327;0.88;0.1;0.02;93.0;Alto Risco
353;11;9;6.5;0.6;0.3;79.0;5.1;0.9;0.8;65.2;6.3;0.9;0.1;69.4;5.8;0.8;0.3;50.1;7.399999999999999;6.8;7.3;6.9;7.1;65.925;Reprovado;7.166666666666667;71.2;-0.0999999999999987;0.103333333333333;0.9;0.07;0.03;93.5;Alto Risco
354;14;7;6.4;0.7;0.3;75.3;7.8;0.8;0.6;54.3;5.3;0.5;0.5;62.6;6.3;0.7;0.3;67.5;7.4;9.2;6.3;7.3;7.550000000000001;64.925;Reprovado;7.633333333333334;64.06666666666666;-1.1000000000000003;2.1433333333333326;0.995;0.0;0.005;99.5;Alto Risco
355;14;9;6.1;1.0;0.9;57.2;5.7;0.7;0.0;50.1;6.2;0.2;0.2;58.3;3.8;0.6;0.5;62.1;8.0;6.4;6.6000000000000005;4.9;6.475;56.925;Reprovado;7.0;55.20000000000001;-1.3999999999999997;0.7599999999999996;0.995;0.0;0.005;99.5;Alto Risco
356;13;6;6.8;0.9;0.3;81.2;6.0;0.3;0.6;72.5;5.2;0.3;0.1;67.5;6.2;0.6;0.2;53.1;8.0;6.9;5.6;7.0;6.875;68.575;Reprovado;6.833333333333333;73.73333333333333;-2.4000000000000004;1.4433333333333338;0.89;0.09;0.02;93.5;Alto Risco
357;12;7;3.8;0.6;0.5;63.7;4.1;0.2;0.3;91.8;3.9;0.3;0.9;87.1;3.9;0.9;0.8;59.0;4.9;4.6;5.1000000000000005;5.6;5.050000000000001;75.4;Recuperação;4.866666666666667;80.86666666666666;0.2000000000000001;0.0633333333333335;0.085;0.915;0.0;54.25;Risco Moderado
358;14;6;7.4;0.4;0.9;74.4;6.1;0.8;0.4;78.6;5.5;0.5;0.6;87.8;6.8;0.8;0.8;56.2;8.700000000000001;7.3;6.6;8.4;7.75;74.25;Reprovado;7.533333333333334;80.26666666666667;-2.1000000000000014;1.1433333333333349;0.67;0.1;0.23;72.0;Alto Risco
359;11;9;7.4;0.6;0.7;54.1;5.9;0.5;0.8;100.0;5.6;0.1;0.7;83.3;4.7;0.1;0.1;95.7;8.7;7.2;6.4;4.9;6.799999999999999;83.27499999999999;Recuperação;7.433333333333333;79.13333333333333;-2.299999999999999;1.363333333333332;0.155;0.685;0.16;49.75;Risco Moderado
360;13;9;3.1;0.8;0.1;73.0;3.9;0.2;0.8;64.3;7.1;0.2;0.4;61.7;6.5;0.8;0.5;57.0;4.0;4.9;7.7;7.8;6.1;64.0;Reprovado;5.533333333333334;66.33333333333333;3.7;3.7233333333333336;0.985;0.01;0.005;99.0;Alto Risco
361;14;9;7.1;0.1;0.1;65.3;3.3;0.6;0.4;64.0;6.7;0.8;0.9;79.4;3.2;0.4;0.8;76.9;7.299999999999999;4.3;8.4;4.4;6.1;71.4;Reprovado;6.666666666666667;69.56666666666668;1.1000000000000014;4.503333333333334;0.945;0.04;0.015;96.5;Alto Risco
362;11;6;3.6;0.4;0.0;91.1;6.0;0.0;0.9;58.0;6.3;0.1;0.6;78.5;5.0;0.3;0.3;79.7;4.0;6.9;6.999999999999999;5.6;5.875;76.825;Recuperação;5.966666666666666;75.86666666666666;2.999999999999999;2.903333333333333;0.125;0.855;0.02;55.25;Risco Moderado
363;11;7;4.7;0.8;0.6;52.8;6.8;0.3;0.4;58.2;3.6;0.2;0.8;74.2;6.5;0.9;0.6;77.2;6.1;7.5;4.6000000000000005;8.0;6.55;65.6;Reprovado;6.066666666666666;61.73333333333333;-1.4999999999999991;2.1033333333333326;0.98;0.02;0.0;99.0;Alto Risco
364;12;7;6.7;0.4;0.4;70.9;5.6;0.5;0.8;64.3;6.6;0.5;0.4;77.5;4.1;0.4;0.1;55.0;7.500000000000001;6.9;7.5;4.6;6.625;66.925;Reprovado;7.300000000000001;70.89999999999999;-8.881784197001252e-16;0.12;0.9;0.065;0.035;93.25;Alto Risco
365;13;6;3.8;0.6;0.1;72.9;4.1;0.1;0.5;89.6;5.5;0.5;1.0;74.6;7.0;0.8;0.6;65.9;4.499999999999999;4.699999999999999;7.0;8.4;6.15;75.75;Recuperação;5.4;79.03333333333333;2.500000000000001;1.9300000000000013;0.1;0.9;0.0;55.0;Risco Moderado
366;13;7;7.1;0.6;1.0;86.3;6.3;1.0;0.9;95.3;7.5;0.8;0.8;78.3;6.2;0.3;0.2;52.6;8.7;8.2;9.1;6.7;8.175;78.125;Aprovado;8.666666666666666;86.63333333333333;0.4000000000000003;0.2033333333333334;0.03;0.025;0.945;4.25;Baixo Risco
367;12;6;7.2;0.2;0.5;78.7;3.4;0.2;0.9;98.8;7.6;0.4;0.9;85.8;5.9;0.0;0.8;69.8;7.9;4.5;8.9;6.7;7.0;83.275;Aprovado;7.1000000000000005;87.76666666666667;1.0;5.32;0.045;0.185;0.77;13.75;Baixo Risco
368;12;7;5.5;0.4;0.2;83.4;5.2;0.1;0.1;61.6;3.3;0.8;0.2;55.5;4.8;0.5;0.4;59.4;6.1000000000000005;5.4;4.3;5.7;5.375;64.975;Reprovado;5.266666666666667;66.83333333333333;-1.8000000000000007;0.8233333333333339;0.995;0.005;0.0;99.75;Alto Risco
369;13;8;3.0;0.3;0.5;88.9;3.8;0.2;0.9;94.1;7.1;0.6;0.3;87.5;5.4;0.1;0.3;78.1;3.8;4.9;7.999999999999999;5.8;5.625;87.15;Recuperação;5.566666666666666;90.16666666666669;4.199999999999999;4.743333333333331;0.07;0.885;0.045;51.25;Risco Moderado
370;13;8;4.4;0.0;0.7;93.1;3.9;0.8;0.8;66.4;3.2;0.1;0.3;56.8;6.0;0.8;0.8;84.6;5.1000000000000005;5.5;3.6;7.6;5.45;75.225;Recuperação;4.733333333333333;72.10000000000001;-1.5000000000000004;1.0033333333333334;0.3;0.7;0.0;65.0;Risco Moderado
371;14;9;6.1;0.0;0.1;65.7;4.0;0.4;0.8;55.6;4.8;0.2;0.3;53.3;5.4;0.3;0.1;76.6;6.199999999999999;5.2;5.3;5.8;5.625;62.8;Reprovado;5.566666666666666;58.20000000000001;-0.8999999999999995;0.3033333333333329;0.99;0.01;0.0;99.5;Alto Risco
372;14;8;7.9;0.8;0.3;76.9;4.9;0.6;0.2;93.5;5.7;0.4;0.9;98.8;6.5;0.4;0.4;71.7;9.000000000000002;5.7;7.000000000000001;7.300000000000001;7.250000000000001;85.225;Aprovado;7.233333333333334;89.73333333333333;-2.000000000000001;2.763333333333336;0.04;0.1;0.86;9.0;Baixo Risco
373;12;8;6.2;0.3;0.8;92.0;3.3;0.0;0.8;81.8;3.7;0.4;0.0;97.8;5.2;0.1;0.4;69.4;7.3;4.1;4.1000000000000005;5.7;5.3;85.25;Recuperação;5.166666666666667;90.53333333333336;-3.1999999999999997;3.4133333333333327;0.045;0.945;0.01;51.75;Risco Moderado
374;14;8;4.3;0.5;0.5;99.5;5.0;0.0;0.9;58.2;6.7;0.7;0.1;53.0;4.0;0.3;0.3;92.1;5.3;5.9;7.5;4.6;5.824999999999999;75.69999999999999;Recuperação;6.233333333333333;70.23333333333333;2.2;1.2933333333333334;0.29;0.71;0.0;64.5;Risco Moderado
375;11;6;6.2;0.3;0.5;94.5;5.6;0.4;0.3;71.5;3.0;0.6;0.3;72.2;4.1;0.8;0.9;61.0;7.0;6.3;3.9;5.8;5.75;74.8;Reprovado;5.733333333333333;79.39999999999999;-3.1;2.643333333333333;0.745;0.255;0.0;87.25;Alto Risco
376;14;8;5.7;0.9;0.4;68.6;5.4;0.8;1.0;64.4;3.8;0.4;0.2;59.3;3.0;0.2;0.8;86.7;7.000000000000001;7.2;4.4;4.0;5.65;69.75;Reprovado;6.2;64.10000000000001;-2.6000000000000005;2.4400000000000004;0.98;0.02;0.0;99.0;Alto Risco
377;14;8;6.9;0.3;0.0;59.8;4.9;0.9;0.0;86.8;5.9;0.2;0.2;74.3;4.5;0.6;0.1;87.9;7.2;5.800000000000001;6.300000000000001;5.199999999999999;6.125;77.19999999999999;Recuperação;6.433333333333334;73.63333333333333;-0.8999999999999995;0.503333333333333;0.225;0.72;0.055;58.5;Risco Moderado
378;11;9;3.5;0.4;0.2;74.5;7.2;0.1;0.1;72.7;6.6;0.2;0.8;91.5;6.7;0.9;0.7;71.0;4.1;7.399999999999999;7.6;8.3;6.8500000000000005;77.425;Recuperação;6.366666666666666;79.56666666666666;3.5;3.863333333333333;0.085;0.905;0.01;53.75;Risco Moderado
379;12;8;6.8;0.9;0.4;87.1;3.7;0.5;0.5;99.5;7.6;0.6;0.6;97.5;7.0;0.7;0.5;64.9;8.1;4.7;8.799999999999999;8.2;7.45;87.25;Aprovado;7.2;94.7;0.6999999999999993;4.809999999999997;0.015;0.15;0.835;9.0;Baixo Risco
380;11;8;5.7;0.8;0.2;74.6;5.5;0.9;0.6;52.7;6.5;0.4;0.0;81.7;4.0;0.8;0.9;73.5;6.7;7.0;6.9;5.7;6.575;70.625;Reprovado;6.866666666666667;69.66666666666667;0.2000000000000001;0.0233333333333333;0.885;0.06;0.055;91.5;Alto Risco
381;14;7;7.8;0.2;0.0;74.2;3.3;0.4;0.6;67.8;6.4;0.5;0.4;67.7;7.8;0.1;0.3;54.7;8.0;4.3;7.300000000000001;8.2;6.95;66.1;Reprovado;6.533333333333334;69.89999999999999;-0.6999999999999993;3.863333333333334;0.96;0.025;0.015;97.25;Alto Risco
382;12;9;4.7;0.8;0.8;91.9;3.4;0.8;0.0;74.1;5.0;0.2;0.4;80.2;5.5;0.3;0.6;52.3;6.3;4.2;5.6000000000000005;6.4;5.625;74.625;Reprovado;5.366666666666667;82.06666666666666;-0.6999999999999993;1.143333333333333;0.72;0.27;0.01;85.5;Alto Risco
383;14;9;6.2;0.5;1.0;68.1;5.9;0.1;1.0;75.2;3.0;0.7;0.1;65.6;7.6;0.9;0.5;55.6;7.7;7.0;3.8;9.0;6.875;66.125;Reprovado;6.166666666666667;69.63333333333334;-3.9;4.323333333333334;0.925;0.07;0.005;96.0;Alto Risco
384;11;9;7.7;0.5;0.8;93.0;5.8;0.9;0.0;65.8;3.6;0.9;0.7;95.5;6.5;0.7;0.5;59.4;9.0;6.7;5.2;7.7;7.15;78.425;Aprovado;6.966666666666666;84.76666666666667;-3.8;3.663333333333333;0.03;0.215;0.755;13.75;Baixo Risco
385;11;9;3.5;0.1;0.9;70.3;7.4;0.8;0.1;86.5;5.7;0.3;0.7;93.5;6.6;0.6;0.5;75.2;4.5;8.3;6.7;7.699999999999999;6.8;81.375;Recuperação;6.5;83.43333333333334;2.2;3.640000000000001;0.045;0.94;0.015;51.5;Risco Moderado
386;14;9;7.7;0.1;0.2;66.4;5.8;0.9;0.0;93.7;6.4;0.5;0.7;77.9;3.4;0.7;0.2;92.5;8.0;6.7;7.6;4.3;6.65;82.625;Recuperação;7.433333333333333;79.33333333333334;-0.4000000000000003;0.4433333333333331;0.135;0.68;0.185;47.5;Risco Moderado
387;13;9;6.4;0.7;1.0;72.7;7.8;0.7;0.6;96.9;5.1;1.0;0.7;66.2;4.1;0.4;0.8;61.8;8.100000000000001;9.1;6.8;5.3;7.325000000000001;74.4;Reprovado;8.000000000000002;78.60000000000001;-1.3000000000000016;1.33;0.76;0.085;0.155;80.25;Alto Risco
388;13;6;3.3;0.5;0.2;88.1;3.2;0.4;0.9;90.3;6.7;0.3;0.0;64.7;3.0;0.0;0.5;96.8;4.0;4.5;7.0;3.5;4.75;84.975;Reprovado;5.166666666666667;81.03333333333332;3.0;2.583333333333333;0.75;0.245;0.005;87.25;Alto Risco
389;11;8;4.5;0.4;1.0;56.3;3.5;0.9;0.7;92.5;5.6;0.6;1.0;51.7;6.6;0.8;1.0;97.7;5.9;5.1000000000000005;7.199999999999999;8.399999999999999;6.65;74.55;Reprovado;6.066666666666666;66.83333333333333;1.299999999999999;1.123333333333332;0.93;0.07;0.0;96.5;Alto Risco
390;11;9;6.5;0.7;1.0;59.8;3.2;0.3;0.8;77.5;3.4;0.1;0.8;90.8;4.7;0.7;0.3;97.9;8.2;4.3;4.3;5.7;5.625;81.5;Recuperação;5.6000000000000005;76.03333333333335;-3.9;5.069999999999999;0.115;0.855;0.03;54.25;Risco Moderado
391;13;8;3.3;0.8;0.7;97.6;3.9;0.3;0.0;91.3;4.0;0.6;0.9;72.5;6.9;0.5;0.7;91.9;4.8;4.2;5.5;8.1;5.65;88.32499999999999;Recuperação;4.833333333333333;87.13333333333333;0.7000000000000002;0.4233333333333332;0.075;0.89;0.035;52.0;Risco Moderado
392;13;8;5.9;0.2;1.0;58.8;5.7;0.7;0.5;65.2;7.2;0.1;0.0;66.3;4.7;0.9;0.9;68.2;7.1000000000000005;6.9;7.3;6.500000000000001;6.95;64.625;Reprovado;7.1000000000000005;63.43333333333334;0.1999999999999993;0.0399999999999999;0.94;0.02;0.04;95.0;Alto Risco
393;14;6;4.7;0.6;0.6;78.4;6.2;0.8;0.5;69.9;6.6;1.0;0.9;73.6;7.1;0.3;0.7;53.6;5.9;7.5;8.5;8.1;7.5;68.875;Reprovado;7.3;73.96666666666667;2.6;1.7199999999999993;0.825;0.1;0.075;87.5;Alto Risco
394;14;9;6.1;0.1;0.3;79.0;3.2;0.9;0.5;65.8;7.5;0.7;0.8;90.9;3.7;0.3;0.9;78.4;6.499999999999999;4.6000000000000005;9.0;4.9;6.25;78.525;Recuperação;6.7;78.56666666666668;2.500000000000001;4.869999999999999;0.1;0.84;0.06;52.0;Risco Moderado
395;13;7;3.2;0.8;0.4;74.5;7.7;0.2;0.1;73.4;3.6;0.8;0.8;56.2;3.9;0.9;0.8;77.9;4.4;8.0;5.2;5.6;5.800000000000001;70.5;Reprovado;5.866666666666667;68.03333333333335;0.7999999999999998;3.573333333333333;0.98;0.015;0.005;98.75;Alto Risco
396;14;6;7.4;0.7;0.6;82.2;7.2;0.8;0.7;64.3;8.0;0.7;0.1;92.9;4.7;0.8;0.4;92.5;8.7;8.7;8.799999999999999;5.9;8.024999999999999;82.975;Aprovado;8.733333333333333;79.8;0.0999999999999996;0.0033333333333333;0.105;0.065;0.83;13.75;Baixo Risco
397;14;7;7.9;1.0;0.1;61.5;4.5;0.7;0.5;98.1;4.0;0.6;0.7;94.9;5.0;0.5;0.6;99.8;9.0;5.7;5.3;6.1;6.525;88.575;Recuperação;6.666666666666667;84.83333333333333;-3.7;4.123333333333333;0.04;0.88;0.08;48.0;Risco Moderado
398;12;8;7.8;0.1;0.6;77.6;3.4;0.1;0.8;65.6;3.1;0.4;1.0;97.3;4.7;0.1;0.2;75.4;8.5;4.3;4.5;5.0;5.575;78.975;Recuperação;5.766666666666667;80.16666666666667;-4.0;5.613333333333334;0.085;0.88;0.035;52.5;Risco Moderado
399;14;8;6.7;0.1;1.0;68.6;3.8;0.4;0.5;54.9;8.0;0.9;0.7;69.9;6.8;0.2;0.5;67.3;7.8;4.7;9.6;7.5;7.4;65.175;Reprovado;7.366666666666667;64.46666666666667;1.7999999999999998;6.143333333333332;0.955;0.03;0.015;97.0;Alto Risco
400;11;6;3.7;0.3;0.2;83.1;3.6;0.3;0.1;76.3;4.4;1.0;0.6;60.9;3.5;0.7;0.2;59.3;4.2;4.0;6.0;4.4;4.65;69.89999999999999;Reprovado;4.733333333333333;73.43333333333332;1.7999999999999998;1.2133333333333334;0.89;0.11;0.0;94.5;Alto Risco
401;14;6;6.8;0.3;0.8;57.1;3.6;0.3;0.6;52.9;6.3;0.5;0.9;68.7;4.8;0.4;0.7;50.2;7.899999999999999;4.5;7.7;5.9;6.5;57.225;Reprovado;6.699999999999999;59.56666666666666;-0.1999999999999984;3.639999999999999;0.985;0.0;0.015;98.5;Alto Risco
402;14;7;3.1;0.2;0.9;78.5;5.6;1.0;0.2;55.5;3.9;0.9;0.4;66.6;7.2;0.8;0.5;75.5;4.2;6.8;5.2;8.5;6.175;69.025;Reprovado;5.4;66.86666666666666;1.0;1.7199999999999995;0.98;0.02;0.0;99.0;Alto Risco
403;13;9;3.1;0.9;0.9;59.3;4.2;0.6;0.9;61.0;5.9;0.6;0.6;58.8;3.3;0.9;0.4;77.8;4.9;5.7;7.1;4.6000000000000005;5.575000000000001;64.225;Reprovado;5.900000000000001;59.7;2.1999999999999997;1.239999999999999;0.985;0.015;0.0;99.25;Alto Risco
404;11;7;4.6;0.2;1.0;63.9;4.8;0.7;0.6;73.2;7.5;0.5;0.5;80.4;7.7;0.8;0.3;91.2;5.8;6.1;8.5;8.8;7.3;77.175;Aprovado;6.8;72.5;2.7;2.1900000000000004;0.265;0.08;0.655;30.5;Baixo Risco
405;14;6;5.4;0.3;0.5;60.9;7.9;1.0;0.2;71.7;4.6;0.5;0.9;73.8;7.9;0.4;1.0;75.2;6.2;9.1;6.0;9.3;7.65;70.39999999999999;Reprovado;7.1000000000000005;68.8;-0.2000000000000001;3.009999999999999;0.95;0.035;0.015;96.75;Alto Risco
406;14;7;6.9;0.8;1.0;59.1;6.4;0.4;1.0;90.0;6.4;0.2;0.1;93.3;3.4;0.8;0.1;95.8;8.7;7.800000000000001;6.7;4.3;6.875;84.55;Recuperação;7.733333333333333;80.8;-1.9999999999999991;1.0033333333333323;0.11;0.69;0.2;45.5;Risco Moderado
407;12;6;6.4;0.4;0.8;91.3;7.7;0.8;0.5;87.0;3.9;0.0;0.5;51.6;4.5;0.4;0.0;81.4;7.6;9.0;4.4;4.9;6.475;77.825;Recuperação;7.0;76.63333333333334;-3.1999999999999997;5.559999999999999;0.155;0.755;0.09;53.25;Risco Moderado
408;14;7;5.2;0.8;0.2;64.3;3.7;0.4;0.1;71.3;6.1;0.2;0.7;82.2;4.9;0.2;0.2;92.0;6.2;4.2;7.0;5.300000000000001;5.675;77.45;Recuperação;5.8;72.60000000000001;0.7999999999999998;2.08;0.275;0.72;0.005;63.5;Risco Moderado
409;14;6;4.4;0.1;0.5;96.4;4.9;0.9;0.6;66.7;4.7;0.5;0.8;88.1;6.9;0.0;1.0;57.4;5.0;6.4;6.0;7.9;6.324999999999999;77.15;Recuperação;5.8;83.73333333333333;1.0;0.5200000000000002;0.025;0.97;0.005;51.0;Risco Moderado
410;12;6;8.0;0.5;0.7;98.5;5.8;0.2;0.3;65.8;4.1;0.4;0.6;88.0;6.0;0.4;1.0;92.8;9.2;6.3;5.1;7.4;7.0;86.275;Aprovado;6.866666666666667;84.10000000000001;-4.1;4.4433333333333325;0.04;0.21;0.75;14.5;Baixo Risco
411;13;6;5.1;0.0;0.2;78.6;3.4;0.9;0.8;88.7;4.6;0.4;0.9;94.3;6.2;0.9;0.7;83.8;5.3;5.1;5.9;7.800000000000001;6.025;86.35000000000001;Recuperação;5.433333333333333;87.2;0.6000000000000005;0.1733333333333336;0.055;0.945;0.0;52.75;Risco Moderado
412;14;9;5.3;0.1;0.6;57.2;3.0;0.2;0.8;52.6;3.9;1.0;0.9;86.5;6.8;0.2;0.9;58.5;5.999999999999999;4.0;5.800000000000001;7.9;5.925000000000001;63.7;Reprovado;5.266666666666667;65.43333333333334;-0.1999999999999984;1.2133333333333332;0.965;0.025;0.01;97.75;Alto Risco
413;12;7;3.8;0.9;0.7;68.7;6.4;0.3;1.0;50.6;7.5;0.4;0.1;96.4;3.6;0.2;0.2;59.5;5.4;7.7;8.0;4.0;6.275;68.80000000000001;Reprovado;7.033333333333334;71.9;2.6;2.023333333333333;0.805;0.08;0.115;84.5;Alto Risco
414;11;7;7.0;0.1;0.2;89.9;6.2;0.8;0.5;89.8;5.0;0.5;0.4;66.6;7.2;1.0;1.0;96.3;7.3;7.5;5.9;9.2;7.475;85.64999999999999;Aprovado;6.900000000000001;82.1;-1.3999999999999997;0.7599999999999996;0.085;0.115;0.8;14.25;Baixo Risco
415;13;7;6.5;0.5;0.6;68.4;5.1;0.4;0.5;73.9;4.2;0.1;0.0;75.2;6.5;0.0;0.1;51.6;7.6;6.0;4.3;6.6;6.125;67.275;Reprovado;5.966666666666666;72.5;-3.3;2.723333333333333;0.84;0.16;0.0;92.0;Alto Risco
416;11;6;4.1;0.4;0.8;54.4;5.4;0.6;0.8;56.5;5.2;0.0;0.3;50.7;5.9;0.8;0.1;73.1;5.3;6.8;5.5;6.8;6.1000000000000005;58.675;Reprovado;5.866666666666667;53.866666666666674;0.2000000000000001;0.6633333333333333;0.985;0.015;0.0;99.25;Alto Risco
417;11;7;3.4;0.3;0.5;77.8;5.1;0.4;0.1;61.8;4.6;0.8;0.5;50.3;7.4;0.3;0.1;65.7;4.199999999999999;5.6;5.9;7.8;5.875;63.89999999999999;Reprovado;5.233333333333333;63.29999999999999;1.700000000000001;0.8233333333333341;0.975;0.025;0.0;98.75;Alto Risco
418;12;7;6.4;0.9;0.0;92.3;3.1;0.7;0.5;96.6;6.7;0.6;0.9;62.0;6.5;0.0;0.6;83.3;7.300000000000001;4.3;8.2;7.1;6.725;83.55;Recuperação;6.6000000000000005;83.63333333333333;0.8999999999999986;4.17;0.125;0.825;0.05;53.75;Risco Moderado
419;14;6;6.3;0.0;0.0;89.8;4.7;0.2;0.5;93.0;7.9;0.8;0.8;55.0;4.0;0.9;0.8;92.0;6.3;5.4;9.500000000000002;5.7;6.7250000000000005;82.45;Recuperação;7.066666666666667;79.26666666666667;3.200000000000002;4.643333333333337;0.135;0.74;0.125;50.5;Risco Moderado
420;12;8;4.4;0.7;0.4;58.8;3.9;0.1;0.1;85.5;5.2;0.1;0.1;63.0;5.1;0.1;0.4;68.0;5.500000000000001;4.1;5.4;5.6;5.15;68.825;Reprovado;5.000000000000001;69.10000000000001;-0.1000000000000005;0.610000000000001;0.88;0.12;0.0;94.0;Alto Risco
421;12;6;7.8;1.0;0.9;83.6;3.5;0.3;0.4;74.1;7.3;0.6;0.1;58.9;5.5;0.6;1.0;71.3;9.7;4.2;7.999999999999999;7.1;7.25;71.975;Reprovado;7.3;72.2;-1.7000000000000002;7.929999999999996;0.9;0.05;0.05;92.5;Alto Risco
422;12;7;3.8;0.6;0.2;61.0;7.8;0.5;0.9;76.0;5.8;0.3;0.6;51.4;3.3;0.3;0.4;99.1;4.6;9.2;6.699999999999999;4.0;6.125;71.875;Reprovado;6.833333333333333;62.8;2.1;5.303333333333332;0.985;0.005;0.01;98.75;Alto Risco
423;12;6;5.2;0.9;0.6;60.9;6.0;0.2;0.9;98.8;3.8;0.2;0.5;95.5;7.8;0.1;0.2;89.2;6.7;7.1000000000000005;4.5;8.1;6.6;86.1;Recuperação;6.1000000000000005;85.06666666666666;-2.2;1.9600000000000009;0.035;0.94;0.025;50.5;Risco Moderado
424;13;8;7.7;0.1;0.2;93.7;6.6;0.4;0.1;98.3;6.5;0.0;0.3;50.4;3.6;0.0;0.5;94.9;8.0;7.1;6.8;4.1;6.5;84.325;Recuperação;7.3;80.8;-1.2000000000000002;0.3900000000000002;0.13;0.725;0.145;49.25;Risco Moderado
425;14;6;5.1;0.4;0.3;62.5;4.6;0.4;0.1;60.8;5.6;0.1;0.9;86.8;6.5;0.1;0.7;71.9;5.8;5.1;6.6;7.3;6.2;70.5;Reprovado;5.833333333333333;70.03333333333333;0.7999999999999998;0.5633333333333334;0.935;0.055;0.01;96.25;Alto Risco
426;11;7;6.2;0.3;0.8;63.2;5.0;0.1;0.3;90.6;6.3;0.3;0.9;57.6;5.5;0.1;0.8;61.7;7.3;5.4;7.5;6.4;6.65;68.275;Reprovado;6.733333333333333;70.46666666666667;0.2000000000000001;1.3433333333333328;0.88;0.07;0.05;91.5;Alto Risco
427;11;8;5.0;0.7;0.7;50.0;4.2;0.6;0.9;59.9;7.4;0.1;0.4;95.6;3.1;0.8;0.5;70.6;6.4;5.7;7.9;4.4;6.1;69.025;Reprovado;6.666666666666667;68.5;1.5;1.2633333333333336;0.925;0.065;0.01;95.75;Alto Risco
428;14;9;4.4;1.0;0.1;93.5;3.5;0.9;0.1;60.7;5.2;1.0;0.9;94.6;7.6;0.5;0.6;85.8;5.5;4.5;7.1000000000000005;8.7;6.45;83.64999999999999;Recuperação;5.7;82.93333333333332;1.6000000000000003;1.7200000000000006;0.105;0.885;0.01;54.75;Risco Moderado
429;11;7;7.9;0.3;0.4;89.6;3.9;0.2;0.7;83.8;7.5;0.3;0.4;82.7;7.3;0.3;0.3;55.5;8.600000000000001;4.8;8.2;7.899999999999999;7.375;77.89999999999999;Aprovado;7.2;85.36666666666666;-0.4000000000000021;4.360000000000001;0.05;0.105;0.845;10.25;Baixo Risco
430;14;8;5.0;0.7;0.0;81.4;7.0;0.6;0.1;70.3;6.8;0.1;0.7;83.6;5.6;0.4;0.6;63.5;5.7;7.699999999999999;7.6;6.6;6.9;74.69999999999999;Reprovado;7.0;78.43333333333332;1.8999999999999997;1.269999999999999;0.725;0.185;0.09;81.75;Alto Risco
431;11;8;7.5;0.2;0.5;87.5;6.4;0.7;0.6;96.6;5.4;0.2;0.5;50.3;4.1;0.9;1.0;52.3;8.2;7.7;6.1000000000000005;6.0;7.0;71.675;Reprovado;7.333333333333333;78.13333333333333;-2.0999999999999988;1.2033333333333325;0.725;0.15;0.125;80.0;Alto Risco
432;12;9;4.1;0.6;0.7;57.6;5.7;0.4;0.4;54.5;6.0;0.6;0.1;99.2;3.6;0.9;0.0;71.6;5.4;6.500000000000001;6.699999999999999;4.5;5.775;70.725;Reprovado;6.2;70.43333333333334;1.299999999999999;0.4899999999999996;0.91;0.09;0.0;95.5;Alto Risco
433;11;6;4.1;0.5;0.1;72.9;5.4;0.7;0.8;75.6;4.6;0.1;0.9;93.9;4.8;0.7;0.9;91.4;4.699999999999999;6.9;5.6;6.4;5.9;83.45;Recuperação;5.733333333333333;80.8;0.9000000000000004;1.2233333333333345;0.08;0.92;0.0;54.0;Risco Moderado
434;14;6;3.2;1.0;0.3;67.6;7.6;0.4;0.2;95.9;7.9;0.9;0.5;94.8;4.3;0.9;0.6;51.2;4.5;8.2;9.3;5.8;6.95;77.375;Recuperação;7.333333333333333;86.10000000000001;4.800000000000001;6.323333333333334;0.13;0.705;0.165;48.25;Risco Moderado
435;14;7;6.3;0.6;0.4;54.7;3.4;0.5;0.6;95.2;6.3;1.0;0.7;83.0;5.5;0.3;0.3;83.8;7.3;4.5;8.0;6.1;6.475;79.175;Recuperação;6.6000000000000005;77.63333333333334;0.7000000000000002;3.43;0.13;0.865;0.005;56.25;Risco Moderado
436;14;9;4.8;0.3;0.9;74.3;4.4;0.0;0.2;57.8;3.2;0.2;0.4;67.2;7.8;0.4;1.0;96.6;6.0;4.6000000000000005;3.8;9.2;5.9;73.975;Reprovado;4.800000000000001;66.43333333333334;-2.2;1.2400000000000002;0.975;0.025;0.0;98.75;Alto Risco
437;14;6;7.3;0.1;1.0;96.0;4.7;0.7;0.7;68.3;4.6;0.5;0.0;94.7;5.9;0.6;0.5;61.8;8.399999999999999;6.1000000000000005;5.1;7.0;6.65;80.2;Recuperação;6.533333333333334;86.33333333333333;-3.299999999999999;2.8633333333333306;0.035;0.94;0.025;50.5;Risco Moderado
438;14;9;5.4;0.2;0.0;52.0;6.9;0.7;0.9;81.0;6.1;0.0;0.1;64.6;7.4;0.6;0.3;84.7;5.6000000000000005;8.5;6.199999999999999;8.3;7.15;70.575;Reprovado;6.766666666666667;65.86666666666666;0.5999999999999988;2.343333333333333;0.945;0.03;0.025;96.0;Alto Risco
439;13;6;7.8;0.2;0.8;64.6;8.0;0.0;0.1;58.0;3.3;0.6;0.5;78.1;6.3;0.5;0.2;98.8;8.8;8.1;4.4;7.0;7.074999999999999;74.875;Reprovado;7.099999999999999;66.89999999999999;-4.4;5.59;0.945;0.045;0.01;96.75;Alto Risco
440;13;8;3.9;0.3;0.4;60.4;4.2;0.4;0.9;98.4;3.1;0.4;0.7;55.0;5.4;0.4;0.2;98.1;4.6000000000000005;5.500000000000001;4.2;6.000000000000001;5.075;77.975;Recuperação;4.766666666666667;71.26666666666667;-0.4000000000000003;0.4433333333333338;0.215;0.775;0.01;60.25;Risco Moderado
441;11;6;7.3;0.9;0.4;61.9;7.4;1.0;0.6;95.7;5.3;0.3;0.3;96.1;7.3;1.0;0.8;61.7;8.6;9.0;5.9;9.1;8.15;78.85;Aprovado;7.833333333333333;84.56666666666666;-2.6999999999999997;2.8433333333333324;0.07;0.105;0.825;12.25;Baixo Risco
442;14;9;6.9;0.6;0.8;95.4;7.2;0.4;0.1;58.3;4.7;0.2;0.7;57.0;5.4;0.8;0.6;55.0;8.3;7.7;5.6000000000000005;6.8;7.1000000000000005;66.425;Reprovado;7.2;70.23333333333333;-2.7;2.01;0.955;0.03;0.015;97.0;Alto Risco
443;11;8;6.9;0.5;0.9;73.4;4.1;0.5;0.4;56.1;5.2;0.7;0.7;61.2;7.3;0.4;0.9;57.4;8.3;5.0;6.6000000000000005;8.6;7.125;62.025;Reprovado;6.633333333333334;63.56666666666666;-1.7000000000000002;2.7233333333333345;0.985;0.01;0.005;99.0;Alto Risco
444;14;8;7.2;0.1;1.0;73.3;5.0;0.9;0.2;54.3;4.3;0.4;0.7;77.9;4.5;0.7;0.2;85.1;8.3;6.1000000000000005;5.4;5.4;6.300000000000001;72.65;Reprovado;6.600000000000001;68.5;-2.9000000000000004;2.2900000000000005;0.95;0.03;0.02;96.5;Alto Risco
445;14;8;6.8;0.9;0.6;88.0;5.0;0.7;0.7;95.5;3.8;0.2;0.5;88.2;3.6;0.3;0.1;86.3;8.3;6.4;4.5;4.0;5.800000000000001;89.5;Recuperação;6.400000000000001;90.56666666666666;-3.8000000000000007;3.610000000000001;0.005;0.935;0.06;47.25;Risco Moderado
446;13;9;6.1;0.7;0.4;57.7;7.9;0.6;0.8;59.7;6.4;0.7;0.9;81.0;7.3;0.1;0.0;83.7;7.2;9.3;8.0;7.399999999999999;7.975;70.525;Reprovado;8.166666666666666;66.13333333333334;0.7999999999999998;1.123333333333334;0.985;0.0;0.015;98.5;Alto Risco
447;13;7;3.7;0.1;0.8;74.4;3.9;0.8;0.1;70.8;5.6;0.6;0.5;61.6;5.9;0.4;0.5;66.8;4.6000000000000005;4.8;6.699999999999999;6.800000000000001;5.7250000000000005;68.39999999999999;Reprovado;5.366666666666667;68.93333333333332;2.0999999999999988;1.343333333333332;0.94;0.06;0.0;97.0;Alto Risco
448;12;7;3.2;0.7;0.3;71.5;7.0;0.9;0.5;72.4;4.0;0.9;0.5;50.0;7.4;0.4;1.0;58.5;4.2;8.4;5.4;8.8;6.7;63.1;Reprovado;6.0;64.63333333333334;1.2000000000000002;4.68;0.965;0.03;0.005;98.0;Alto Risco
449;13;7;7.6;0.5;0.6;79.8;4.7;0.5;0.8;80.0;4.6;0.1;0.2;87.9;7.7;0.0;0.7;79.0;8.7;6.0;4.9;8.4;7.0;81.67500000000001;Aprovado;6.533333333333334;82.56666666666668;-3.799999999999999;3.823333333333332;0.035;0.295;0.67;18.25;Baixo Risco
450;12;9;6.1;0.1;0.4;100.0;6.7;0.5;0.9;53.6;6.0;0.8;0.3;99.3;3.3;0.8;0.3;74.2;6.6;8.1;7.1;4.4;6.549999999999999;81.77499999999999;Recuperação;7.266666666666666;84.3;0.5;0.5833333333333334;0.075;0.81;0.115;48.0;Risco Moderado
451;12;8;7.0;0.5;0.7;88.5;5.1;0.4;0.5;61.3;3.4;0.7;0.0;90.5;5.5;0.4;0.9;86.4;8.2;6.0;4.1;6.800000000000001;6.275;81.67500000000001;Recuperação;6.099999999999999;80.10000000000001;-4.1;4.209999999999999;0.06;0.92;0.02;52.0;Risco Moderado
452;12;7;5.4;0.5;0.2;69.9;5.9;1.0;1.0;96.6;3.7;0.1;0.6;73.0;4.9;0.6;0.8;72.1;6.1000000000000005;7.9;4.4;6.3;6.175;77.9;Recuperação;6.133333333333333;79.83333333333333;-1.7000000000000002;3.063333333333333;0.125;0.865;0.01;55.75;Risco Moderado
453;12;9;3.6;0.2;0.2;91.4;7.2;0.7;0.5;95.4;3.4;0.7;0.2;95.2;6.1;0.1;0.0;66.9;4.0;8.4;4.3;6.199999999999999;5.725;87.225;Recuperação;5.566666666666666;94.0;0.2999999999999998;6.043333333333334;0.015;0.975;0.01;50.25;Risco Moderado
454;12;7;3.6;0.9;0.9;58.5;7.0;0.1;0.4;89.1;7.1;0.4;0.3;70.5;7.0;0.2;0.8;64.7;5.4;7.5;7.8;8.0;7.175;70.7;Reprovado;6.9;72.7;2.3999999999999995;1.7099999999999993;0.89;0.06;0.05;92.0;Alto Risco
455;11;6;6.4;0.8;0.1;51.5;7.3;0.9;0.8;51.0;6.8;0.9;0.8;76.2;4.4;0.9;0.3;60.6;7.3;9.0;8.5;5.6000000000000005;7.6;59.825;Reprovado;8.266666666666667;59.56666666666666;1.2000000000000002;0.7633333333333335;0.95;0.005;0.045;95.25;Alto Risco
456;13;7;5.2;0.7;0.5;60.2;3.3;0.5;0.5;66.4;6.8;0.1;0.3;73.9;5.8;0.6;0.1;63.3;6.4;4.3;7.199999999999999;6.499999999999999;6.1;65.95;Reprovado;5.966666666666666;66.83333333333333;0.7999999999999989;2.243333333333333;0.985;0.01;0.005;99.0;Alto Risco
457;12;7;4.0;0.5;0.2;67.0;6.5;0.1;0.5;81.4;6.6;0.6;0.2;72.4;6.5;1.0;0.2;54.7;4.7;7.1;7.399999999999999;7.7;6.725;68.875;Reprovado;6.4;73.60000000000001;2.6999999999999984;2.1899999999999977;0.795;0.18;0.025;88.5;Alto Risco
458;14;8;5.5;0.4;0.0;75.5;3.7;0.5;0.5;63.8;6.3;0.4;0.2;88.8;3.7;1.0;0.5;67.3;5.9;4.7;6.9;5.2;5.675;73.85000000000001;Reprovado;5.833333333333333;76.03333333333335;1.0;1.2133333333333334;0.77;0.205;0.025;87.25;Alto Risco
459;13;9;3.3;0.7;0.0;80.8;5.1;0.4;0.8;95.5;5.4;1.0;0.8;76.3;7.1;0.4;0.4;51.8;4.0;6.3;7.2;7.9;6.35;76.10000000000001;Recuperação;5.833333333333333;84.2;3.2;2.7233333333333336;0.095;0.895;0.01;54.25;Risco Moderado
460;13;8;5.9;0.5;0.2;95.5;5.7;0.9;0.8;81.7;6.2;0.3;0.1;65.8;6.0;0.3;0.3;59.3;6.6000000000000005;7.4;6.6;6.6;6.800000000000001;75.575;Recuperação;6.866666666666667;81.0;-8.881784197001252e-16;0.2133333333333334;0.055;0.86;0.085;48.5;Risco Moderado
461;12;8;4.3;0.1;0.9;75.5;5.0;0.2;0.4;53.6;3.2;1.0;0.5;62.9;7.7;0.9;0.2;87.3;5.3;5.6000000000000005;4.7;8.799999999999999;6.1;69.825;Reprovado;5.2;64.0;-0.5999999999999996;0.2100000000000001;0.98;0.01;0.01;98.5;Alto Risco
462;11;8;7.0;0.5;0.3;75.1;5.6;0.8;0.3;95.5;6.1;0.9;0.5;51.9;4.7;1.0;0.8;66.3;7.8;6.699999999999999;7.5;6.5;7.125;72.2;Reprovado;7.333333333333333;74.16666666666667;-0.2999999999999998;0.3233333333333337;0.88;0.05;0.07;90.5;Alto Risco
463;12;8;4.6;0.8;1.0;52.5;8.0;0.6;0.5;97.9;6.9;0.3;0.7;79.2;3.5;0.6;1.0;83.4;6.4;9.1;7.9;5.1;7.125;78.25;Aprovado;7.8;76.53333333333335;1.5;1.829999999999999;0.11;0.035;0.855;12.75;Baixo Risco
464;11;8;5.3;0.5;0.6;51.7;3.7;0.1;0.6;53.9;5.5;0.8;0.6;61.5;5.5;0.8;0.8;85.8;6.4;4.4;6.9;7.1;6.199999999999999;63.225;Reprovado;5.900000000000001;55.7;0.5;1.75;0.995;0.0;0.005;99.5;Alto Risco
465;14;7;3.1;0.1;0.4;77.6;6.4;1.0;0.2;76.6;4.8;1.0;0.8;57.4;3.4;0.8;0.3;79.1;3.6;7.6;6.6;4.5;5.575;72.675;Reprovado;5.933333333333333;70.53333333333333;3.0;4.333333333333332;0.91;0.085;0.005;95.25;Alto Risco
466;13;8;3.4;0.8;0.6;71.9;5.0;0.5;0.8;65.2;4.4;0.3;0.0;82.7;7.8;0.4;0.2;97.9;4.8;6.3;4.7;8.399999999999999;6.05;79.42500000000001;Recuperação;5.266666666666667;73.26666666666667;-0.0999999999999996;0.8033333333333331;0.245;0.755;0.0;62.25;Risco Moderado
467;14;8;5.0;0.2;0.5;92.0;3.7;0.3;0.5;69.6;6.2;0.4;0.3;84.1;3.2;0.6;0.2;51.1;5.7;4.5;6.9;4.0;5.275;74.2;Reprovado;5.7;81.89999999999999;1.2000000000000002;1.4400000000000004;0.755;0.245;0.0;87.75;Alto Risco
468;11;9;5.4;0.3;0.8;58.0;3.8;0.5;0.3;59.0;6.5;0.5;0.3;87.6;6.8;0.8;0.1;86.9;6.5;4.6;7.3;7.699999999999999;6.525;72.875;Reprovado;6.133333333333333;68.2;0.7999999999999998;1.9233333333333336;0.97;0.02;0.01;98.0;Alto Risco
469;11;6;6.0;0.2;0.3;51.2;7.7;0.9;0.1;78.9;7.4;0.3;0.1;75.2;5.6;0.7;0.6;97.9;6.5;8.7;7.8;6.9;7.475;75.80000000000001;Aprovado;7.666666666666667;68.43333333333334;1.2999999999999998;1.2233333333333325;0.235;0.02;0.745;24.5;Baixo Risco
470;14;7;4.5;0.3;0.4;72.5;7.4;0.3;0.2;97.9;4.7;0.0;0.3;94.7;4.8;0.0;0.6;93.1;5.2;7.9;5.0;5.4;5.875;89.55000000000001;Recuperação;6.033333333333334;88.36666666666667;-0.2000000000000001;2.623333333333334;0.015;0.97;0.015;50.0;Risco Moderado
471;11;7;6.5;0.8;0.9;61.9;7.5;0.2;0.9;75.2;6.8;0.2;0.3;96.8;3.3;0.3;0.7;58.4;8.2;8.6;7.3;4.3;7.1;73.07499999999999;Reprovado;8.033333333333333;77.96666666666665;-0.8999999999999995;0.4433333333333331;0.73;0.075;0.195;76.75;Alto Risco
472;14;7;7.3;0.5;0.9;52.5;8.0;0.1;0.3;54.1;5.8;0.3;0.5;90.4;6.1;0.1;0.7;66.3;8.7;8.4;6.6;6.9;7.65;65.825;Reprovado;7.900000000000001;65.66666666666667;-2.1;1.29;0.96;0.02;0.02;97.0;Alto Risco
473;13;8;6.9;0.2;0.9;86.2;4.0;0.3;0.2;81.0;7.4;0.4;0.7;81.8;5.9;0.2;0.3;58.6;8.0;4.5;8.5;6.4;6.85;76.9;Recuperação;7.0;83.0;0.5;4.75;0.03;0.71;0.26;38.5;Baixo Risco
474;14;8;3.2;0.9;0.4;55.6;4.8;0.8;0.5;67.0;5.6;0.2;0.4;65.2;4.4;0.9;0.3;80.1;4.500000000000001;6.1;6.2;5.6000000000000005;5.6000000000000005;66.975;Reprovado;5.6000000000000005;62.6;1.6999999999999993;0.909999999999999;0.99;0.005;0.005;99.25;Alto Risco
475;13;8;5.4;0.9;0.8;80.4;6.3;0.5;0.3;92.8;5.6;0.9;0.7;99.1;7.6;0.0;0.7;85.6;7.1000000000000005;7.1;7.2;8.299999999999999;7.424999999999999;89.475;Aprovado;7.133333333333333;90.76666666666664;0.0999999999999996;0.0033333333333333;0.03;0.14;0.83;10.0;Baixo Risco
476;14;9;3.5;0.9;0.5;64.1;5.4;0.2;0.0;71.7;5.9;0.7;0.3;63.7;4.5;0.2;0.3;65.9;4.9;5.6000000000000005;6.9;5.0;5.6;66.35;Reprovado;5.8;66.5;2.0;1.0299999999999998;0.98;0.02;0.0;99.0;Alto Risco
477;11;6;4.2;0.2;0.5;58.7;5.1;0.2;0.3;59.6;6.7;0.1;0.3;60.1;5.2;0.3;0.2;77.0;4.9;5.6;7.1;5.7;5.825;63.85;Reprovado;5.866666666666667;59.46666666666667;2.1999999999999997;1.2633333333333328;0.97;0.025;0.005;98.25;Alto Risco
478;14;8;7.9;0.5;0.2;69.0;4.8;0.3;0.5;59.6;7.8;0.7;0.5;72.1;5.7;0.6;0.4;84.5;8.6;5.6;9.0;6.7;7.475;71.3;Reprovado;7.733333333333333;66.89999999999999;0.4000000000000003;3.453333333333334;0.975;0.02;0.005;98.5;Alto Risco
479;11;6;3.7;1.0;0.6;90.1;6.0;0.9;0.6;88.4;3.4;0.7;0.0;52.8;3.5;0.5;0.3;71.1;5.3;7.5;4.1;4.3;5.3;75.6;Recuperação;5.633333333333333;77.10000000000001;-1.2000000000000002;2.9733333333333336;0.125;0.87;0.005;56.0;Risco Moderado
480;14;9;5.5;0.8;0.2;69.6;5.9;0.3;0.4;63.3;3.3;1.0;0.1;98.9;7.7;0.2;0.1;92.7;6.5;6.6000000000000005;4.4;8.0;6.375;81.125;Recuperação;5.833333333333333;77.26666666666667;-2.1;1.5433333333333334;0.12;0.875;0.005;55.75;Risco Moderado
481;14;7;6.1;0.0;0.3;87.5;3.8;1.0;0.4;88.4;7.7;0.0;0.4;79.4;4.9;0.2;0.8;88.6;6.4;5.2;8.1;5.9;6.4;85.975;Recuperação;6.566666666666667;85.10000000000001;1.6999999999999993;2.123333333333332;0.06;0.91;0.03;51.5;Risco Moderado
482;12;8;6.5;0.1;0.9;56.3;5.4;0.5;1.0;60.3;5.6;0.2;0.9;77.8;3.4;0.2;0.9;53.2;7.5;6.9;6.7;4.5;6.4;61.89999999999999;Reprovado;7.033333333333334;64.8;-0.7999999999999998;0.1733333333333332;0.955;0.025;0.02;96.75;Alto Risco
483;11;6;5.8;0.5;0.2;88.6;5.8;0.2;0.4;66.1;6.1;0.9;0.7;82.8;4.9;0.5;0.2;81.1;6.5;6.4;7.7;5.6000000000000005;6.550000000000001;79.65;Recuperação;6.866666666666667;79.16666666666667;1.2000000000000002;0.5233333333333333;0.095;0.79;0.115;49.0;Risco Moderado
484;12;6;3.0;0.9;0.1;61.8;5.9;0.9;0.3;73.3;5.4;0.9;0.1;74.9;6.0;0.3;0.1;61.8;4.0;7.1000000000000005;6.4;6.4;5.975;67.95;Reprovado;5.833333333333333;70.0;2.4000000000000004;2.643333333333334;0.915;0.075;0.01;95.25;Alto Risco
485;11;8;4.6;0.5;0.1;83.9;4.1;0.5;0.2;97.2;3.5;0.7;0.8;51.6;5.6;0.9;0.7;77.9;5.199999999999999;4.8;5.0;7.2;5.55;77.65;Recuperação;5.0;77.56666666666668;-0.1999999999999993;0.0399999999999999;0.15;0.83;0.02;56.5;Risco Moderado
486;12;7;5.6;0.5;0.9;78.3;6.7;0.7;0.5;96.6;6.8;0.8;0.7;80.6;6.5;0.5;0.2;97.8;7.0;7.9;8.299999999999999;7.2;7.6;88.32499999999999;Aprovado;7.733333333333333;85.16666666666666;1.299999999999999;0.4433333333333328;0.02;0.1;0.88;7.0;Baixo Risco
487;13;7;3.4;0.1;0.5;96.5;3.1;1.0;0.8;60.3;6.7;0.1;0.6;85.8;3.3;0.1;0.4;94.0;4.0;4.9;7.399999999999999;3.8;5.025;84.15;Recuperação;5.433333333333333;80.86666666666667;3.3999999999999986;3.1033333333333304;0.15;0.82;0.03;56.0;Risco Moderado
488;14;7;4.8;0.7;0.4;69.4;4.8;0.1;0.2;67.9;4.6;0.5;0.8;70.8;4.4;0.7;0.1;70.2;5.9;5.1;5.9;5.2;5.525;69.575;Reprovado;5.633333333333333;69.36666666666667;0.0;0.2133333333333337;0.96;0.04;0.0;98.0;Alto Risco
489;11;9;3.2;0.8;0.8;53.3;6.9;0.1;0.7;57.5;4.5;0.2;0.4;87.9;7.1;0.3;0.2;64.6;4.8;7.7;5.1000000000000005;7.6;6.300000000000001;65.82499999999999;Reprovado;5.866666666666667;66.23333333333333;0.3000000000000007;2.543333333333333;0.965;0.035;0.0;98.25;Alto Risco
490;11;6;3.4;0.4;0.8;51.0;5.8;0.7;0.0;75.5;7.2;0.2;0.2;61.4;3.4;0.7;0.8;61.7;4.6;6.5;7.6;4.9;5.9;62.400000000000006;Reprovado;6.233333333333333;62.63333333333333;3.0;2.3033333333333337;0.965;0.025;0.01;97.75;Alto Risco
491;14;6;5.0;0.8;0.3;91.3;4.3;0.3;0.4;73.0;3.4;0.8;0.5;61.1;7.3;0.3;0.8;76.6;6.1;5.0;4.7;8.4;6.050000000000001;75.5;Recuperação;5.266666666666667;75.13333333333334;-1.3999999999999997;0.543333333333333;0.145;0.85;0.005;57.0;Risco Moderado
492;11;6;3.7;1.0;0.7;76.2;6.5;0.2;0.8;95.0;7.4;0.1;0.5;58.1;3.5;0.6;0.2;55.7;5.4;7.5;8.0;4.3;6.3;71.25;Reprovado;6.966666666666666;76.43333333333332;2.6;1.9033333333333329;0.78;0.14;0.08;85.0;Alto Risco
493;11;9;5.8;0.2;0.8;88.8;5.8;0.0;0.3;96.5;4.3;0.5;0.5;68.6;7.2;0.8;0.3;77.5;6.8;6.1;5.3;8.3;6.625;82.85;Recuperação;6.066666666666666;84.63333333333334;-1.5;0.5633333333333334;0.045;0.92;0.035;50.5;Risco Moderado
494;12;6;6.4;0.5;0.7;61.7;7.0;0.0;0.6;69.2;6.0;0.9;0.6;92.4;4.8;0.9;0.1;50.1;7.6;7.6;7.5;5.8;7.125;68.35000000000001;Reprovado;7.566666666666666;74.43333333333334;-0.0999999999999996;0.0033333333333333;0.82;0.065;0.115;85.25;Alto Risco
495;11;9;7.0;0.3;0.2;67.3;6.7;0.8;0.2;74.6;7.7;0.2;0.9;91.4;6.1;0.3;0.1;66.2;7.5;7.7;8.8;6.499999999999999;7.625;74.875;Reprovado;8.0;77.76666666666667;1.3000000000000007;0.4900000000000005;0.785;0.055;0.16;81.25;Alto Risco
496;13;7;4.0;0.8;0.9;51.5;6.1;0.1;0.7;94.8;6.4;1.0;0.9;69.1;3.8;0.3;1.0;61.0;5.7;6.9;8.3;5.1;6.5;69.1;Reprovado;6.966666666666668;71.8;2.6000000000000005;1.693333333333334;0.92;0.03;0.05;93.5;Alto Risco
497;13;8;3.8;0.6;0.5;98.1;5.4;0.5;0.1;90.3;5.1;1.0;0.9;79.5;3.3;0.5;0.7;98.6;4.9;6.0;7.0;4.5;5.6;91.625;Recuperação;5.966666666666666;89.3;2.1;1.1033333333333328;0.035;0.96;0.005;51.5;Risco Moderado
498;14;6;3.5;0.6;0.3;83.4;3.7;0.6;0.9;50.2;6.4;0.6;0.8;86.0;4.1;0.9;0.5;86.4;4.4;5.2;7.8;5.5;5.725;76.5;Recuperação;5.800000000000001;73.2;3.3999999999999995;3.1599999999999997;0.185;0.78;0.035;57.5;Risco Moderado
499;11;6;6.2;0.8;0.4;96.7;4.3;0.4;0.2;66.0;4.7;0.2;0.9;62.1;3.6;0.9;0.8;67.5;7.4;4.9;5.800000000000001;5.3;5.8500000000000005;73.07499999999999;Reprovado;6.033333333333334;74.93333333333332;-1.5999999999999996;1.6033333333333333;0.765;0.23;0.005;88.0;Alto Risco
500;14;7;6.5;0.4;0.0;63.3;5.1;0.0;0.9;71.1;4.4;0.3;0.1;58.4;4.6;0.1;0.8;54.6;6.9;6.0;4.8;5.499999999999999;5.8;61.85;Reprovado;5.9;64.26666666666667;-2.1000000000000005;1.1100000000000003;0.98;0.02;0.0;99.0;Alto Risco
501;13;8;3.2;0.9;0.1;80.6;6.0;0.8;0.4;61.5;8.0;0.4;0.3;98.6;5.6;0.1;0.8;75.8;4.2;7.2;8.700000000000001;6.499999999999999;6.65;79.125;Recuperação;6.7;80.23333333333333;4.500000000000001;5.250000000000002;0.16;0.805;0.035;56.25;Risco Moderado
502;11;9;7.7;0.5;0.8;83.9;5.6;0.0;0.7;60.0;6.8;0.3;0.5;80.9;5.9;0.5;0.0;60.7;9.0;6.3;7.6;6.4;7.324999999999999;71.375;Reprovado;7.633333333333333;74.93333333333334;-1.4000000000000004;1.8233333333333337;0.775;0.09;0.135;82.0;Alto Risco
503;11;8;3.3;0.2;0.0;65.9;4.4;0.8;0.3;51.9;6.2;0.3;0.8;99.1;6.9;0.1;0.2;76.8;3.5;5.5;7.3;7.2;5.875;73.425;Reprovado;5.433333333333334;72.3;3.8;3.613333333333333;0.855;0.145;0.0;92.75;Alto Risco
504;14;7;5.7;0.7;0.4;92.4;3.0;0.9;0.9;82.2;4.8;1.0;0.5;66.9;6.3;0.3;0.7;91.8;6.800000000000001;4.8;6.3;7.3;6.300000000000001;83.325;Recuperação;5.966666666666668;80.50000000000001;-0.5000000000000009;1.083333333333334;0.125;0.875;0.0;56.25;Risco Moderado
505;13;7;6.5;0.8;0.5;97.4;5.5;0.4;0.1;63.1;3.2;0.2;0.7;85.2;6.0;0.1;0.4;80.8;7.8;6.0;4.1000000000000005;6.5;6.1000000000000005;81.625;Recuperação;5.966666666666668;81.89999999999999;-3.6999999999999993;3.423333333333332;0.06;0.925;0.015;52.25;Risco Moderado
506;11;8;7.4;0.3;0.1;94.2;4.4;0.5;0.2;52.6;3.2;0.7;0.1;61.1;5.1;0.6;1.0;81.7;7.8;5.1000000000000005;4.0;6.699999999999999;5.9;72.4;Reprovado;5.633333333333333;69.3;-3.8;3.823333333333333;0.96;0.035;0.005;97.75;Alto Risco
507;14;9;6.6;0.9;1.0;87.0;6.7;0.5;0.5;61.5;5.8;0.0;0.3;63.1;5.4;0.9;0.7;77.1;8.5;7.7;6.1;7.000000000000001;7.324999999999999;72.175;Reprovado;7.433333333333333;70.53333333333333;-2.4000000000000004;1.4933333333333338;0.965;0.02;0.015;97.5;Alto Risco
508;13;9;7.0;0.9;0.2;63.9;3.1;0.4;0.1;90.1;6.8;0.6;0.7;75.6;5.1;1.0;1.0;96.4;8.1;3.6;8.1;7.1;6.725;81.5;Recuperação;6.599999999999999;76.53333333333333;0.0;6.75;0.125;0.85;0.025;55.0;Risco Moderado
509;14;6;4.7;0.3;0.3;64.1;5.9;0.9;0.2;92.6;5.7;0.9;0.2;66.0;7.2;0.4;0.2;96.6;5.3;7.000000000000001;6.800000000000001;7.800000000000001;6.7250000000000005;79.82499999999999;Recuperação;6.366666666666667;74.23333333333333;1.5000000000000009;0.8633333333333344;0.225;0.77;0.005;61.0;Risco Moderado
510;12;9;7.1;1.0;0.3;98.2;7.7;0.9;0.9;74.2;7.2;0.3;0.4;58.4;4.2;0.6;0.9;75.6;8.4;9.5;7.9;5.7;7.874999999999999;76.6;Aprovado;8.6;76.93333333333334;-0.5;0.6699999999999997;0.22;0.04;0.74;24.0;Baixo Risco
511;11;8;3.4;0.1;0.2;50.5;3.9;0.3;1.0;70.8;3.2;0.2;0.3;63.1;3.0;0.9;0.3;65.3;3.7;5.2;3.7;4.2;4.2;62.425;Reprovado;4.2;61.46666666666667;0.0;0.75;0.985;0.015;0.0;99.25;Alto Risco
512;12;7;7.5;0.2;0.0;85.8;5.4;0.6;0.4;98.9;4.8;0.7;0.3;51.8;6.3;0.1;1.0;73.0;7.7;6.4;5.8;7.399999999999999;6.825;77.375;Recuperação;6.633333333333334;78.83333333333333;-1.9000000000000004;0.9433333333333336;0.145;0.795;0.06;54.25;Risco Moderado
513;13;6;5.7;0.2;0.7;85.3;3.5;0.9;0.9;60.0;4.2;0.7;0.7;85.2;4.0;0.7;0.2;59.3;6.6000000000000005;5.300000000000001;5.6000000000000005;4.9;5.600000000000001;72.45;Reprovado;5.833333333333335;76.83333333333333;-1.0;0.4633333333333332;0.7;0.295;0.005;84.75;Alto Risco
514;12;6;7.1;0.9;1.0;81.1;6.1;1.0;0.5;60.8;5.2;0.7;0.4;74.6;7.5;0.4;0.5;81.8;9.0;7.6;6.300000000000001;8.4;7.825000000000001;74.57499999999999;Reprovado;7.633333333333334;72.16666666666666;-2.6999999999999997;1.8233333333333324;0.9;0.065;0.035;93.25;Alto Risco
515;12;7;5.3;0.7;0.2;99.5;5.8;0.5;0.3;64.6;3.4;0.3;0.6;54.7;7.3;0.2;0.8;75.0;6.2;6.6;4.3;8.3;6.3500000000000005;73.45;Reprovado;5.7;72.93333333333334;-1.9000000000000004;1.5100000000000002;0.885;0.115;0.0;94.25;Alto Risco
516;13;9;6.2;0.2;0.7;65.6;5.0;0.5;0.7;58.6;7.8;0.3;0.1;58.6;3.4;0.4;0.4;55.2;7.1000000000000005;6.2;8.2;4.2;6.425;59.5;Reprovado;7.166666666666667;60.93333333333333;1.0999999999999988;1.0033333333333323;0.975;0.015;0.01;98.25;Alto Risco
517;14;7;5.6;0.4;0.7;67.0;5.6;0.3;0.7;69.0;4.1;1.0;0.8;55.1;3.5;0.1;0.5;59.9;6.7;6.6;5.9;4.1;5.824999999999999;62.75;Reprovado;6.400000000000001;63.7;-0.7999999999999998;0.1899999999999998;0.99;0.01;0.0;99.5;Alto Risco
518;12;9;6.7;0.6;0.8;53.9;7.5;1.0;1.0;95.5;7.6;0.9;0.4;80.6;5.5;0.7;1.0;74.0;8.1;9.5;8.9;7.2;8.425;76.0;Aprovado;8.833333333333334;76.66666666666667;0.8000000000000007;0.4933333333333335;0.08;0.04;0.88;10.0;Baixo Risco
519;14;7;3.4;0.1;0.4;72.1;4.0;0.1;0.3;80.8;5.1;0.5;0.6;54.7;6.0;0.3;0.4;94.4;3.9;4.4;6.199999999999999;6.7;5.3;75.5;Recuperação;4.833333333333333;69.19999999999999;2.2999999999999994;1.4633333333333325;0.24;0.76;0.0;62.0;Risco Moderado
520;12;8;3.3;0.9;0.3;63.1;3.1;0.6;0.7;70.6;7.9;0.8;0.7;87.7;4.4;0.3;0.6;78.3;4.5;4.4;9.4;5.3;5.9;74.925;Reprovado;6.1000000000000005;73.8;4.9;8.170000000000002;0.865;0.11;0.025;92.0;Alto Risco
521;14;9;4.2;0.8;0.3;67.2;7.3;0.3;0.1;96.7;5.8;0.5;0.2;51.0;6.6;0.1;0.1;84.1;5.3;7.699999999999999;6.5;6.799999999999999;6.574999999999999;74.75;Reprovado;6.5;71.63333333333334;1.2000000000000002;1.4399999999999995;0.91;0.07;0.02;94.5;Alto Risco
522;13;8;3.8;0.5;0.7;91.7;5.9;0.3;0.1;52.4;7.7;0.4;0.9;62.5;6.0;0.9;0.8;67.0;5.0;6.3;9.0;7.7;7.0;68.4;Reprovado;6.766666666666667;68.86666666666666;4.0;4.163333333333333;0.92;0.045;0.035;94.25;Alto Risco
523;12;6;7.4;1.0;0.8;96.8;7.5;0.4;0.0;60.5;3.0;0.2;0.6;94.5;4.6;0.5;0.6;78.6;9.2;7.9;3.8;5.699999999999999;6.65;82.6;Recuperação;6.966666666666668;83.93333333333334;-5.4;7.943333333333333;0.055;0.865;0.08;48.75;Risco Moderado
524;13;7;4.1;0.4;0.2;59.3;6.0;1.0;1.0;78.3;6.7;0.4;0.4;85.9;3.1;0.6;0.4;72.4;4.7;8.0;7.500000000000001;4.1000000000000005;6.075;73.975;Reprovado;6.733333333333333;74.5;2.8000000000000007;3.163333333333334;0.835;0.12;0.045;89.5;Alto Risco
525;12;6;7.9;1.0;0.4;68.6;7.1;0.1;0.8;80.8;7.5;0.5;0.2;53.6;6.8;0.6;0.0;83.0;9.3;7.999999999999999;8.2;7.399999999999999;8.225;71.5;Reprovado;8.5;67.66666666666666;-1.1000000000000014;0.4900000000000012;0.935;0.01;0.055;94.0;Alto Risco
526;13;6;4.7;0.7;0.9;96.4;5.1;0.6;0.8;52.0;3.7;0.0;0.9;91.1;4.1;0.4;0.6;52.5;6.300000000000001;6.499999999999999;4.6000000000000005;5.1;5.625;73.0;Reprovado;5.800000000000001;79.83333333333333;-1.7000000000000002;1.089999999999999;0.705;0.295;0.0;85.25;Alto Risco
527;13;6;3.9;0.6;0.8;53.1;6.7;0.1;0.5;70.2;3.5;0.4;0.8;74.7;7.2;0.2;0.0;74.7;5.3;7.3;4.7;7.4;6.175000000000001;68.175;Reprovado;5.766666666666667;66.0;-0.5999999999999996;1.853333333333333;0.96;0.04;0.0;98.0;Alto Risco
528;12;6;6.9;0.2;1.0;54.6;7.6;0.2;0.3;82.5;5.1;0.8;0.2;92.3;5.1;0.7;0.0;64.8;8.100000000000001;8.1;6.1;5.8;7.025000000000001;73.55;Reprovado;7.4333333333333345;76.46666666666665;-2.0000000000000018;1.3333333333333344;0.8;0.055;0.145;82.75;Alto Risco
529;12;7;6.3;0.9;0.8;58.1;5.9;0.4;0.2;84.9;7.7;0.7;0.3;80.0;5.9;0.1;0.6;66.3;8.0;6.500000000000001;8.700000000000001;6.6;7.450000000000001;72.325;Reprovado;7.733333333333334;74.33333333333333;0.7000000000000011;1.2633333333333332;0.775;0.015;0.21;78.25;Alto Risco
530;12;6;5.5;0.4;0.4;79.8;3.9;0.5;0.3;81.9;5.7;0.6;0.8;84.1;7.4;0.1;0.2;98.0;6.300000000000001;4.7;7.1;7.7;6.45;85.94999999999999;Recuperação;6.033333333333334;81.93333333333332;0.7999999999999989;1.493333333333333;0.075;0.915;0.01;53.25;Risco Moderado
531;11;7;5.8;0.2;0.6;57.5;4.3;0.3;0.4;66.0;5.6;0.9;0.7;99.7;7.3;0.7;0.2;59.1;6.6;5.0;7.2;8.2;6.75;70.575;Reprovado;6.266666666666667;74.39999999999999;0.6000000000000005;1.2933333333333334;0.885;0.1;0.015;93.5;Alto Risco
532;14;7;6.6;0.0;0.7;98.4;4.0;0.3;0.8;54.7;3.7;0.0;0.8;61.6;4.9;0.2;0.7;65.6;7.3;5.1;4.5;5.800000000000001;5.675;70.075;Reprovado;5.633333333333333;71.56666666666668;-2.8;2.1733333333333333;0.915;0.085;0.0;95.75;Alto Risco
533;11;8;4.1;0.6;0.1;72.3;4.2;0.1;0.5;71.4;3.0;0.6;0.4;81.2;4.0;0.3;0.1;75.5;4.799999999999999;4.8;4.0;4.4;4.499999999999999;75.1;Reprovado;4.533333333333332;74.96666666666665;-0.7999999999999989;0.213333333333333;0.805;0.19;0.005;90.0;Alto Risco
534;11;9;8.0;0.5;0.5;75.1;4.5;0.3;0.1;56.4;7.1;0.8;0.7;73.0;6.9;0.5;0.3;93.2;9.0;4.9;8.6;7.7;7.55;74.425;Reprovado;7.5;68.16666666666667;-0.4000000000000003;5.109999999999999;0.9;0.03;0.07;91.5;Alto Risco
535;13;9;7.9;0.7;0.7;62.3;5.8;1.0;0.0;97.4;3.4;0.5;0.4;52.0;5.2;0.4;0.1;70.8;9.3;6.8;4.3;5.7;6.525;70.625;Reprovado;6.800000000000001;70.56666666666666;-5.000000000000001;6.250000000000002;0.885;0.07;0.045;92.0;Alto Risco
536;12;7;6.3;0.9;0.2;73.5;5.9;0.9;0.1;73.8;6.2;0.3;0.2;50.7;4.0;0.7;0.6;87.2;7.4;6.9;6.7;5.3;6.575;71.3;Reprovado;7.0;66.0;-0.7000000000000002;0.13;0.985;0.005;0.01;98.75;Alto Risco
537;14;8;4.0;0.1;0.8;83.1;5.1;0.3;0.4;65.9;7.6;0.1;0.6;56.0;7.5;0.6;0.7;92.8;4.9;5.8;8.299999999999999;8.799999999999999;6.949999999999999;74.45;Reprovado;6.333333333333333;68.33333333333333;3.3999999999999986;3.103333333333331;0.975;0.01;0.015;98.0;Alto Risco
538;13;7;6.4;0.7;0.6;87.6;6.1;0.6;0.9;88.3;4.0;0.9;1.0;82.5;4.0;0.6;0.7;65.5;7.7;7.6;5.9;5.3;6.625000000000001;80.975;Recuperação;7.066666666666667;86.13333333333333;-1.7999999999999998;1.023333333333333;0.035;0.805;0.16;43.75;Risco Moderado
539;11;7;3.4;0.2;1.0;87.7;3.4;0.9;0.6;74.9;6.3;0.5;0.3;78.4;3.1;0.7;0.3;69.6;4.6;4.9;7.1;4.1;5.175000000000001;77.65;Recuperação;5.533333333333334;80.33333333333334;2.5;1.8633333333333328;0.155;0.835;0.01;57.25;Risco Moderado
540;12;7;3.2;0.9;0.0;78.9;3.4;0.0;0.8;65.5;3.4;0.9;0.5;77.7;3.1;0.3;0.1;67.8;4.1000000000000005;4.2;4.8;3.5;4.15;72.47500000000001;Reprovado;4.366666666666667;74.03333333333335;0.6999999999999993;0.1433333333333331;0.9;0.1;0.0;95.0;Alto Risco
541;13;8;4.3;0.8;0.3;95.2;3.9;0.8;0.5;90.6;6.0;0.6;0.7;51.6;6.1;0.3;0.1;91.6;5.4;5.2;7.3;6.499999999999999;6.1;82.25;Recuperação;5.966666666666668;79.13333333333334;1.8999999999999997;1.3433333333333328;0.125;0.855;0.02;55.25;Risco Moderado
542;12;9;5.3;0.5;0.6;90.9;5.6;0.9;0.4;93.4;3.8;0.7;0.5;73.5;6.3;0.4;0.4;52.2;6.4;6.9;5.0;7.1000000000000005;6.3500000000000005;77.5;Recuperação;6.1000000000000005;85.93333333333334;-1.4000000000000004;0.9700000000000004;0.04;0.955;0.005;51.75;Risco Moderado
543;13;8;7.3;0.7;0.3;87.9;4.1;0.1;0.1;83.7;6.7;0.8;0.8;96.2;4.6;0.3;0.9;65.4;8.3;4.299999999999999;8.3;5.8;6.675;83.30000000000001;Recuperação;6.966666666666666;89.26666666666667;0.0;5.333333333333338;0.015;0.75;0.235;39.0;Baixo Risco
544;12;6;6.6;0.3;0.7;52.8;4.4;0.2;0.9;52.3;4.5;0.7;0.8;69.9;4.6;1.0;0.2;84.0;7.6;5.500000000000001;6.0;5.8;6.2250000000000005;64.75;Reprovado;6.366666666666667;58.333333333333336;-1.5999999999999996;1.203333333333332;0.98;0.02;0.0;99.0;Alto Risco
545;11;8;6.7;0.5;0.8;50.3;5.0;1.0;0.8;78.3;5.3;0.4;0.1;81.2;4.7;0.8;0.3;78.3;8.0;6.8;5.8;5.8;6.6000000000000005;72.025;Reprovado;6.866666666666667;69.93333333333334;-2.2;1.2133333333333334;0.885;0.075;0.04;92.25;Alto Risco
546;14;8;5.1;0.8;0.1;60.6;7.1;0.5;0.2;88.2;6.0;0.5;1.0;89.0;6.4;0.2;0.1;71.8;5.999999999999999;7.8;7.5;6.7;6.999999999999999;77.4;Recuperação;7.099999999999999;79.26666666666667;1.5000000000000009;0.9300000000000008;0.105;0.755;0.14;48.25;Risco Moderado
547;11;8;4.7;0.5;0.5;83.2;3.1;0.0;0.5;56.8;3.9;0.8;0.8;89.2;3.3;0.0;0.6;77.0;5.7;3.6;5.5;3.9;4.675;76.55;Reprovado;4.933333333333334;76.39999999999999;-0.2000000000000001;1.3433333333333333;0.735;0.26;0.005;86.5;Alto Risco
548;14;8;4.9;0.4;0.5;70.6;6.2;0.3;0.5;61.4;6.7;0.4;0.9;76.0;7.6;0.0;0.7;59.9;5.800000000000001;7.0;8.0;8.299999999999999;7.275;66.975;Reprovado;6.933333333333334;69.33333333333333;2.1999999999999997;1.2133333333333325;0.9;0.06;0.04;93.0;Alto Risco
549;12;9;7.9;0.5;0.4;70.1;6.3;0.4;0.6;94.1;4.5;0.4;0.7;92.9;4.1;0.2;0.6;71.5;8.8;7.3;5.6000000000000005;4.9;6.65;82.15;Recuperação;7.233333333333334;85.7;-3.2;2.563333333333333;0.015;0.73;0.255;38.0;Baixo Risco
550;13;6;3.2;0.8;0.9;94.2;7.0;0.7;0.9;51.0;6.3;0.1;0.9;69.6;8.0;0.1;0.9;75.1;4.9;8.6;7.3;9.0;7.45;72.475;Reprovado;6.933333333333334;71.6;2.3999999999999995;3.523333333333332;0.895;0.07;0.035;93.0;Alto Risco
551;11;9;7.3;0.3;0.8;94.8;7.7;0.7;0.6;87.6;3.8;0.9;0.1;94.4;3.9;0.5;0.5;95.1;8.4;9.0;4.8;4.9;6.775;92.975;Recuperação;7.399999999999999;92.26666666666664;-3.6000000000000005;5.160000000000001;0.035;0.815;0.15;44.25;Risco Moderado
552;14;9;5.9;0.2;0.7;95.5;3.1;1.0;0.5;73.7;6.4;0.1;0.3;62.0;6.9;0.9;0.1;63.0;6.800000000000001;4.6;6.8;7.9;6.525;73.55;Reprovado;6.066666666666666;77.06666666666666;-8.881784197001252e-16;1.6133333333333344;0.805;0.18;0.015;89.5;Alto Risco
553;11;8;5.2;0.7;0.7;65.7;3.8;0.3;0.1;72.3;3.6;0.6;0.9;64.0;4.1;0.7;0.3;93.4;6.6000000000000005;4.199999999999999;5.1000000000000005;5.1;5.25;73.85;Reprovado;5.300000000000001;67.33333333333333;-1.5;1.4700000000000013;0.985;0.015;0.0;99.25;Alto Risco
554;14;7;6.6;0.8;0.5;84.6;7.4;0.5;0.1;50.4;5.1;0.4;0.2;52.7;3.4;0.2;0.7;82.2;7.899999999999999;8.0;5.7;4.3;6.475;67.475;Reprovado;7.199999999999999;62.56666666666666;-2.1999999999999984;1.6899999999999986;1.0;0.0;0.0;100.0;Alto Risco
555;11;7;5.4;0.1;0.9;63.6;5.3;0.5;0.2;91.0;4.2;0.4;0.1;89.8;7.4;0.4;0.6;51.0;6.4;6.0;4.7;8.4;6.375;73.85;Reprovado;5.7;81.46666666666665;-1.7000000000000002;0.79;0.615;0.375;0.01;80.25;Alto Risco
556;14;9;7.4;0.2;0.7;59.5;5.8;0.4;0.0;68.0;6.7;0.7;0.8;70.9;7.3;0.5;0.5;86.2;8.3;6.2;8.200000000000001;8.3;7.750000000000001;71.15;Reprovado;7.566666666666667;66.13333333333334;-0.0999999999999996;1.4033333333333342;0.925;0.04;0.035;94.5;Alto Risco
557;14;9;7.5;0.1;0.7;59.2;6.3;0.2;0.7;77.0;4.3;0.1;0.8;61.5;5.0;0.8;0.7;51.8;8.299999999999999;7.2;5.199999999999999;6.5;6.8;62.375;Reprovado;6.9;65.89999999999999;-3.1;2.47;0.97;0.025;0.005;98.25;Alto Risco
558;12;8;5.1;0.3;0.9;67.1;6.4;1.0;0.7;83.9;7.4;0.6;0.2;61.6;6.5;0.8;0.6;99.9;6.3;8.1;8.2;7.899999999999999;7.624999999999999;78.125;Aprovado;7.533333333333332;70.86666666666666;1.8999999999999997;1.1433333333333329;0.285;0.04;0.675;30.499999999999996;Baixo Risco
559;14;9;4.4;0.5;0.3;71.5;7.7;0.9;0.1;85.1;7.5;0.8;0.9;95.1;5.8;0.9;0.9;93.6;5.2;8.7;9.2;7.6;7.675000000000001;86.32499999999999;Aprovado;7.699999999999999;83.89999999999999;3.999999999999999;4.749999999999998;0.09;0.15;0.76;16.5;Baixo Risco
560;12;8;6.0;0.7;0.8;91.5;8.0;0.5;0.8;97.8;4.0;0.8;0.7;91.7;7.3;0.5;0.6;64.9;7.5;9.3;5.5;8.4;7.675000000000001;86.475;Aprovado;7.433333333333334;93.66666666666669;-2.0;3.613333333333334;0.045;0.175;0.78;13.25;Baixo Risco
561;14;7;7.6;0.7;0.2;56.0;6.6;0.6;0.2;76.6;6.1;0.2;0.5;77.7;4.6;0.7;0.8;62.9;8.499999999999998;7.399999999999999;6.8;6.1;7.199999999999999;68.3;Reprovado;7.5666666666666655;70.10000000000001;-1.6999999999999984;0.7433333333333321;0.91;0.02;0.07;92.0;Alto Risco
562;13;7;4.1;0.6;0.3;86.7;4.4;0.2;0.3;70.0;3.4;0.9;0.8;80.8;5.6;0.1;0.2;69.1;4.999999999999999;4.9;5.1;5.9;5.225;76.65;Recuperação;4.999999999999999;79.16666666666667;0.1000000000000005;0.0099999999999999;0.115;0.88;0.005;55.5;Risco Moderado
563;13;6;6.1;0.4;0.3;76.6;7.4;0.5;0.2;97.7;5.0;0.7;0.4;73.7;5.4;0.6;0.7;67.8;6.8;8.1;6.1000000000000005;6.7;6.925;78.95;Recuperação;7.0;82.66666666666667;-0.6999999999999993;1.0299999999999991;0.08;0.715;0.205;43.75;Risco Moderado
564;13;7;6.2;0.8;1.0;64.4;3.2;0.7;0.4;82.1;6.6;0.9;0.2;69.6;4.8;0.2;0.9;68.6;8.0;4.300000000000001;7.7;5.9;6.475;71.175;Reprovado;6.666666666666667;72.03333333333333;-0.2999999999999998;4.223333333333332;0.84;0.13;0.03;90.5;Alto Risco
565;14;9;6.7;0.5;0.9;74.6;4.2;0.5;0.3;64.9;6.3;0.5;0.3;95.8;7.5;0.4;0.4;65.9;8.1;5.0;7.1;8.3;7.125;75.30000000000001;Aprovado;6.733333333333333;78.43333333333334;-1.0;2.503333333333333;0.08;0.24;0.68;20.0;Baixo Risco
566;12;7;3.7;1.0;0.7;65.0;7.5;1.0;0.5;56.3;6.1;0.5;0.5;56.3;3.8;0.6;0.8;81.1;5.4;9.0;7.1;5.199999999999999;6.675;64.675;Reprovado;7.166666666666667;59.2;1.6999999999999993;3.2433333333333327;0.95;0.035;0.015;96.75;Alto Risco
567;12;8;6.6;0.6;0.7;79.8;4.3;0.6;0.4;92.1;4.4;0.9;0.5;70.9;3.7;0.3;0.7;58.2;7.899999999999999;5.3;5.800000000000001;4.7;5.925;75.25;Recuperação;6.333333333333333;80.93333333333332;-2.099999999999998;1.903333333333331;0.1;0.895;0.005;54.75;Risco Moderado
568;14;7;7.5;0.1;0.6;71.7;4.1;0.4;1.0;68.1;4.9;0.9;0.8;67.2;5.9;0.1;0.1;92.3;8.2;5.5;6.6000000000000005;6.1;6.6;74.825;Reprovado;6.766666666666667;69.0;-1.5999999999999988;1.8433333333333324;0.94;0.02;0.04;95.0;Alto Risco
569;13;6;3.9;0.7;0.9;58.2;3.7;0.8;0.1;83.0;3.5;0.4;0.8;74.9;6.3;0.0;0.6;90.6;5.5;4.6;4.7;6.9;5.425;76.675;Recuperação;4.933333333333334;72.03333333333333;-0.7999999999999998;0.2433333333333334;0.225;0.765;0.01;60.75;Risco Moderado
570;13;7;4.2;0.3;0.5;55.8;7.3;0.2;0.1;73.5;6.6;0.3;0.6;72.9;4.0;0.0;0.1;73.8;5.0;7.6;7.499999999999999;4.1;6.049999999999999;69.0;Reprovado;6.699999999999999;67.4;2.499999999999999;2.169999999999999;0.95;0.045;0.005;97.25;Alto Risco
571;12;8;7.9;0.7;0.4;77.3;5.5;0.4;0.1;59.9;5.5;0.4;0.8;75.9;5.0;0.0;1.0;92.6;9.0;6.0;6.7;6.0;6.925;76.425;Recuperação;7.233333333333333;71.03333333333333;-2.3;2.4633333333333334;0.24;0.735;0.025;60.75;Risco Moderado
572;13;8;3.9;0.1;0.2;95.1;6.4;0.3;0.6;80.1;6.5;0.4;0.2;57.0;7.7;0.1;0.8;62.4;4.2;7.3;7.1000000000000005;8.6;6.800000000000001;73.64999999999999;Reprovado;6.2;77.39999999999999;2.9000000000000004;3.01;0.72;0.255;0.025;84.75;Alto Risco
573;11;9;7.3;0.2;0.8;67.2;4.2;0.4;0.1;53.0;4.2;0.3;0.1;75.7;4.2;0.2;0.1;50.9;8.3;4.7;4.6;4.5;5.525;61.7;Reprovado;5.866666666666667;65.3;-3.700000000000001;4.443333333333335;0.945;0.045;0.01;96.75;Alto Risco
574;12;7;5.5;0.9;0.7;86.7;6.8;0.8;0.8;70.7;4.6;0.3;0.9;62.1;6.3;0.2;0.1;81.0;7.1000000000000005;8.4;5.8;6.6;6.975;75.125;Recuperação;7.1000000000000005;73.16666666666667;-1.3000000000000007;1.6900000000000008;0.32;0.66;0.02;65.0;Risco Moderado
575;13;8;4.2;0.2;0.4;82.9;6.8;0.5;0.5;77.3;4.7;0.9;0.1;59.2;6.7;1.0;0.6;72.9;4.800000000000001;7.8;5.7;8.3;6.65;73.07499999999999;Reprovado;6.1000000000000005;73.13333333333333;0.8999999999999995;2.3699999999999983;0.895;0.095;0.01;94.25;Alto Risco
576;12;6;7.4;0.8;0.0;96.6;4.6;0.8;0.5;71.8;3.1;0.1;0.2;53.2;5.2;0.3;0.3;78.4;8.200000000000001;5.9;3.4000000000000004;5.8;5.825;75.0;Recuperação;5.833333333333333;73.86666666666666;-4.800000000000001;5.763333333333335;0.145;0.83;0.025;56.0;Risco Moderado
577;11;9;5.2;0.3;0.8;91.0;5.1;0.6;0.6;87.4;4.7;0.7;0.7;88.1;7.7;0.1;0.0;95.0;6.3;6.299999999999999;6.1000000000000005;7.8;6.625;90.375;Recuperação;6.233333333333333;88.83333333333333;-0.1999999999999993;0.0133333333333331;0.02;0.96;0.02;50.0;Risco Moderado
578;12;6;5.6;0.6;0.0;78.3;4.0;0.3;0.2;91.4;7.0;0.2;0.4;71.4;6.7;0.5;0.5;98.5;6.199999999999999;4.5;7.6;7.7;6.5;84.9;Recuperação;6.099999999999999;80.36666666666666;1.4000000000000004;2.4099999999999997;0.15;0.84;0.01;57.0;Risco Moderado
579;12;7;4.8;0.7;0.7;82.9;7.9;0.8;0.2;88.6;7.5;0.3;0.9;81.3;5.3;0.9;0.4;81.7;6.2;8.9;8.7;6.6000000000000005;7.6;83.625;Aprovado;7.933333333333334;84.26666666666667;2.499999999999999;2.2633333333333328;0.075;0.065;0.86;10.75;Baixo Risco
580;12;7;6.0;0.5;1.0;94.9;6.2;0.2;0.3;51.9;5.6;0.1;0.3;86.4;5.8;0.7;0.1;88.2;7.5;6.7;5.999999999999999;6.6;6.699999999999999;80.35000000000001;Recuperação;6.733333333333333;77.73333333333333;-1.5000000000000009;0.5633333333333339;0.115;0.82;0.065;52.5;Risco Moderado
581;12;7;3.8;0.3;0.4;70.0;7.7;0.2;0.6;59.7;5.3;0.3;0.0;84.0;6.5;0.3;0.8;54.2;4.5;8.5;5.6;7.6;6.550000000000001;66.975;Reprovado;6.2;71.23333333333333;1.0999999999999996;4.2700000000000005;0.875;0.105;0.02;92.75;Alto Risco
582;11;9;5.0;0.2;0.2;66.3;4.5;0.5;0.2;76.8;3.2;0.8;0.3;73.5;6.0;0.6;0.9;58.0;5.4;5.2;4.3;7.5;5.6000000000000005;68.65;Reprovado;4.966666666666668;72.2;-1.1000000000000003;0.3433333333333336;0.9;0.1;0.0;95.0;Alto Risco
583;14;8;7.8;0.0;0.7;50.5;6.9;0.3;0.1;96.7;7.4;0.9;0.6;69.4;7.4;0.7;0.8;86.7;8.5;7.3;8.9;8.9;8.4;75.825;Aprovado;8.233333333333334;72.2;0.4000000000000003;0.6933333333333337;0.26;0.035;0.705;27.75;Baixo Risco
584;12;9;4.3;0.3;0.8;91.3;6.8;0.0;1.0;91.7;3.1;0.2;0.4;68.8;4.8;0.7;0.8;71.6;5.4;7.8;3.7;6.3;5.8;80.85;Recuperação;5.633333333333333;83.93333333333334;-1.7000000000000002;4.243333333333332;0.07;0.925;0.005;53.25;Risco Moderado
585;12;6;6.3;0.7;0.5;90.0;6.5;0.6;0.0;92.1;7.7;0.5;0.5;82.0;4.5;0.7;0.2;72.3;7.5;7.1;8.7;5.4;7.174999999999999;84.10000000000001;Aprovado;7.766666666666666;88.03333333333335;1.1999999999999993;0.6933333333333329;0.065;0.04;0.895;8.5;Baixo Risco
586;13;9;4.6;0.9;1.0;55.2;7.8;0.5;0.8;65.2;5.4;0.5;0.9;74.7;4.1;0.9;0.3;65.4;6.5;9.1;6.800000000000001;5.3;6.925000000000001;65.125;Reprovado;7.466666666666666;65.03333333333335;0.3000000000000007;2.0233333333333325;0.96;0.015;0.025;96.75;Alto Risco
587;12;6;6.9;0.9;0.1;78.8;5.0;0.4;0.8;71.5;4.7;0.9;0.9;92.5;3.2;0.9;0.2;80.4;7.9;6.2;6.500000000000001;4.300000000000001;6.2250000000000005;80.80000000000001;Recuperação;6.866666666666667;80.93333333333334;-1.3999999999999997;0.8233333333333333;0.11;0.725;0.165;47.25;Risco Moderado
588;13;9;3.7;0.8;0.5;73.2;3.7;1.0;0.3;73.5;7.6;0.8;0.3;93.7;3.2;0.6;0.8;59.3;5.0;5.0;8.700000000000001;4.6000000000000005;5.825000000000001;74.925;Reprovado;6.233333333333334;80.13333333333333;3.700000000000001;4.563333333333336;0.705;0.265;0.03;83.75;Alto Risco
589;14;8;7.8;0.8;0.7;55.9;6.4;0.6;0.1;57.9;3.1;0.5;0.5;58.5;7.4;0.4;0.9;81.3;9.3;7.1;4.1;8.700000000000001;7.300000000000001;63.400000000000006;Reprovado;6.833333333333333;57.43333333333334;-5.200000000000001;6.813333333333336;0.965;0.03;0.005;98.0;Alto Risco
590;11;6;5.3;0.7;0.9;99.0;6.6;0.9;0.1;51.6;5.9;0.7;0.5;56.8;6.4;0.6;0.7;58.7;6.9;7.6;7.1000000000000005;7.7;7.325;66.52499999999999;Reprovado;7.2;69.13333333333333;0.2000000000000001;0.1299999999999997;0.93;0.045;0.025;95.25;Alto Risco
591;11;7;4.2;0.3;0.2;60.7;5.9;0.1;0.7;97.3;5.7;0.8;0.9;81.5;6.3;0.8;0.9;53.2;4.7;6.7;7.4;8.0;6.7;73.175;Reprovado;6.266666666666667;79.83333333333333;2.7;1.9633333333333332;0.675;0.3;0.025;82.5;Alto Risco
592;14;7;3.4;0.9;0.8;53.4;4.0;0.6;0.6;62.0;4.1;0.0;1.0;65.1;6.1;0.0;0.6;66.5;5.1;5.199999999999999;5.1;6.699999999999999;5.525;61.75;Reprovado;5.133333333333333;60.16666666666666;0.0;0.0033333333333333;0.95;0.035;0.015;96.75;Alto Risco
593;11;9;3.8;0.7;0.6;79.7;5.5;0.9;0.8;62.0;5.1;0.4;0.2;50.9;7.2;1.0;0.4;61.6;5.1;7.2;5.7;8.6;6.65;63.55;Reprovado;6.0;64.2;0.6000000000000005;1.1700000000000004;0.98;0.02;0.0;99.0;Alto Risco
594;14;7;5.6;0.6;0.4;86.9;4.6;0.6;0.9;54.2;6.3;0.9;0.7;94.4;5.4;0.2;0.4;94.4;6.6;6.1;7.9;6.000000000000001;6.65;82.47500000000001;Recuperação;6.866666666666667;78.50000000000001;1.3000000000000007;0.8633333333333341;0.09;0.82;0.09;50.0;Risco Moderado
595;14;6;4.7;0.1;0.1;51.6;5.1;0.7;0.7;96.4;6.6;0.7;0.4;61.3;7.4;0.5;0.1;52.7;4.9;6.5;7.7;8.0;6.775;65.5;Reprovado;6.366666666666667;69.76666666666667;2.8;1.9733333333333327;0.875;0.11;0.015;93.0;Alto Risco
596;14;7;7.1;0.4;0.9;82.9;6.2;0.4;0.2;79.0;3.0;0.5;0.0;96.5;4.8;0.9;0.0;58.8;8.4;6.800000000000001;3.5;5.7;6.1000000000000005;79.3;Recuperação;6.233333333333334;86.13333333333333;-4.9;6.243333333333334;0.045;0.91;0.045;50.0;Risco Moderado
597;11;8;5.2;0.5;0.2;76.6;6.7;0.1;0.2;83.4;7.7;0.5;0.0;85.9;7.6;0.2;0.7;77.4;5.9;7.0;8.2;8.5;7.4;80.825;Aprovado;7.033333333333334;81.96666666666667;2.299999999999999;1.323333333333332;0.095;0.15;0.755;17.0;Baixo Risco
598;13;8;4.2;0.9;0.3;55.2;4.2;0.5;0.8;95.6;3.8;0.3;0.5;88.1;6.5;0.5;0.4;74.1;5.4;5.5;4.6;7.4;5.725;78.25;Recuperação;5.166666666666667;79.63333333333334;-0.8000000000000007;0.2433333333333336;0.07;0.925;0.005;53.25;Risco Moderado
599;14;9;6.1;0.5;0.3;58.6;5.0;0.4;0.2;67.3;4.2;0.5;0.5;60.1;4.3;0.1;0.6;52.3;6.9;5.6000000000000005;5.2;4.999999999999999;5.675;59.575;Reprovado;5.9;62.0;-1.7000000000000002;0.79;1.0;0.0;0.0;100.0;Alto Risco
600;12;6;6.5;0.4;0.9;78.4;4.3;0.9;0.1;81.1;4.3;0.7;0.0;61.7;5.8;0.4;0.6;50.4;7.800000000000001;5.3;5.0;6.8;6.2250000000000005;67.89999999999999;Reprovado;6.033333333333334;73.73333333333333;-2.8000000000000007;2.3633333333333346;0.83;0.165;0.005;91.25;Alto Risco
601;11;8;3.8;1.0;0.7;64.8;4.0;0.2;0.7;51.9;3.2;0.4;0.7;76.1;5.7;0.2;0.3;99.4;5.5;4.9;4.3;6.2;5.225;73.05;Reprovado;4.9;64.26666666666667;-1.2000000000000002;0.3600000000000001;0.955;0.045;0.0;97.75;Alto Risco
602;14;8;3.8;0.1;0.8;96.9;6.9;1.0;0.4;59.3;3.6;0.7;0.3;58.6;3.7;0.4;0.5;82.9;4.7;8.3;4.6;4.6000000000000005;5.550000000000001;74.425;Reprovado;5.866666666666667;71.6;-0.1000000000000005;4.443333333333335;0.915;0.08;0.005;95.5;Alto Risco
603;14;6;3.2;0.4;0.3;90.9;7.5;1.0;0.9;91.6;7.9;0.9;0.6;65.3;6.0;0.4;0.5;68.3;3.9;9.4;9.4;6.9;7.4;79.025;Aprovado;7.566666666666667;82.60000000000001;5.5;10.083333333333336;0.1;0.155;0.745;17.75;Baixo Risco
604;12;7;6.7;0.0;0.6;99.2;4.9;0.2;0.7;88.3;4.6;0.2;0.3;66.1;4.6;1.0;0.4;73.5;7.3;5.800000000000001;5.1;6.0;6.050000000000001;81.775;Recuperação;6.066666666666667;84.53333333333333;-2.2;1.2633333333333332;0.105;0.855;0.04;53.25;Risco Moderado
605;13;7;6.3;0.7;0.6;63.0;6.8;0.3;0.1;67.5;3.6;0.5;0.2;58.0;3.3;1.0;0.8;63.3;7.6;7.199999999999999;4.3;5.1;6.049999999999999;62.95;Reprovado;6.366666666666666;62.833333333333336;-3.3;3.2433333333333327;0.98;0.02;0.0;99.0;Alto Risco
606;13;9;5.4;0.9;0.8;98.5;7.5;0.9;0.9;68.8;3.5;0.4;0.4;60.3;7.7;0.1;0.5;67.2;7.1000000000000005;9.3;4.3;8.3;7.250000000000001;73.7;Reprovado;6.900000000000001;75.86666666666667;-2.8000000000000007;6.280000000000003;0.79;0.17;0.04;87.5;Alto Risco
607;13;7;7.2;0.3;0.9;71.6;7.2;1.0;0.3;76.7;6.6;0.7;0.2;89.4;6.2;0.7;0.6;82.5;8.4;8.5;7.5;7.5;7.975;80.05000000000001;Aprovado;8.133333333333333;79.23333333333333;-0.9000000000000004;0.3033333333333334;0.12;0.07;0.81;15.5;Baixo Risco
608;14;6;7.0;0.9;0.0;67.4;3.9;0.4;0.3;50.0;7.3;0.2;0.5;58.4;7.4;0.1;0.9;94.1;7.9;4.6;8.0;8.4;7.225;67.475;Reprovado;6.833333333333333;58.6;0.0999999999999996;3.743333333333334;0.99;0.005;0.005;99.25;Alto Risco
609;14;8;5.9;0.3;0.7;52.5;7.8;0.3;0.4;62.1;4.3;0.6;0.2;51.4;6.4;0.0;0.9;59.2;6.9;8.5;5.1;7.300000000000001;6.95;56.3;Reprovado;6.833333333333333;55.333333333333336;-1.8000000000000007;2.893333333333334;0.98;0.02;0.0;99.0;Alto Risco
610;14;7;7.3;0.9;0.1;52.6;4.9;0.5;0.1;60.4;3.1;0.9;0.5;81.5;4.8;0.1;0.9;92.0;8.299999999999999;5.5;4.5;5.8;6.025;71.625;Reprovado;6.099999999999999;64.83333333333333;-3.799999999999999;3.8799999999999977;0.91;0.08;0.01;95.0;Alto Risco
611;11;9;4.0;0.8;0.5;84.6;4.7;0.7;0.5;62.5;4.1;0.4;0.2;98.8;5.6;1.0;0.3;56.1;5.3;5.9;4.7;6.9;5.699999999999999;75.5;Recuperação;5.3;81.96666666666665;-0.5999999999999996;0.3600000000000001;0.035;0.965;0.0;51.75;Risco Moderado
612;12;7;3.6;0.8;0.3;72.9;3.3;0.3;0.1;90.3;3.3;0.9;0.7;66.6;6.4;0.9;0.0;60.7;4.7;3.7;4.9;7.300000000000001;5.15;72.625;Reprovado;4.433333333333334;76.6;0.2000000000000001;0.4133333333333334;0.8;0.195;0.005;89.75;Alto Risco
613;14;6;4.3;0.0;0.3;61.3;5.4;0.7;0.4;64.0;3.5;1.0;0.8;55.9;7.8;0.2;0.3;51.9;4.6;6.500000000000001;5.3;8.3;6.175000000000001;58.275;Reprovado;5.466666666666668;60.4;0.7000000000000002;0.9233333333333346;0.985;0.015;0.0;99.25;Alto Risco
614;12;9;3.3;1.0;0.4;80.7;3.5;0.1;0.4;59.6;5.2;0.1;0.1;78.5;4.3;0.2;0.3;57.0;4.7;4.0;5.4;4.8;4.725;68.95;Reprovado;4.7;72.93333333333334;0.7000000000000002;0.4900000000000002;0.86;0.14;0.0;93.0;Alto Risco
615;12;7;5.7;0.7;0.6;62.6;4.2;0.0;0.8;75.2;4.1;0.2;0.5;95.3;7.4;0.2;0.9;95.9;7.0;5.0;4.8;8.5;6.325;82.25;Recuperação;5.6000000000000005;77.7;-2.2;1.48;0.055;0.94;0.005;52.5;Risco Moderado
616;13;9;7.7;0.3;0.3;78.9;4.6;0.4;0.8;93.3;5.6;1.0;0.1;89.2;7.6;0.5;0.6;73.0;8.3;5.8;6.699999999999999;8.7;7.375;83.6;Aprovado;6.933333333333334;87.13333333333333;-1.6000000000000014;1.6033333333333348;0.04;0.135;0.825;10.75;Baixo Risco
617;11;6;3.2;0.8;0.7;68.0;7.0;0.4;0.2;62.1;4.3;1.0;0.6;81.1;6.4;0.6;0.1;53.9;4.7;7.6;5.9;7.1;6.324999999999999;66.27499999999999;Reprovado;6.066666666666667;70.39999999999999;1.2000000000000002;2.123333333333332;0.95;0.05;0.0;97.5;Alto Risco
618;14;8;3.6;0.3;0.4;91.2;7.4;0.3;0.4;53.9;7.7;0.1;0.3;65.8;7.7;0.2;0.1;98.0;4.3;8.1;8.1;8.0;7.125;77.225;Aprovado;6.833333333333333;70.3;3.8;4.8133333333333335;0.27;0.05;0.68;29.5;Baixo Risco
619;13;6;5.3;0.9;0.1;91.0;4.5;0.5;0.4;67.8;7.5;0.0;0.5;77.1;5.0;0.8;0.2;93.9;6.3;5.4;8.0;6.0;6.425;82.45;Recuperação;6.566666666666666;78.63333333333334;1.7000000000000002;1.743333333333333;0.125;0.865;0.01;55.75;Risco Moderado
620;13;6;7.7;0.1;0.8;73.9;7.3;0.3;0.2;87.4;5.8;0.2;0.5;54.6;7.8;0.3;0.6;87.7;8.6;7.8;6.5;8.7;7.899999999999999;75.9;Aprovado;7.633333333333333;71.96666666666667;-2.1;1.123333333333333;0.33;0.015;0.655;33.75;Baixo Risco
621;14;6;4.6;0.7;0.3;67.5;7.3;0.2;0.8;77.5;4.8;1.0;0.9;83.9;6.5;0.9;0.7;96.7;5.6;8.3;6.7;8.1;7.175000000000001;81.4;Aprovado;6.866666666666667;76.3;1.1000000000000003;1.8433333333333344;0.18;0.15;0.67;25.5;Baixo Risco
622;12;6;5.5;0.5;0.4;68.1;6.8;0.3;0.7;90.8;4.9;0.2;0.5;86.3;3.2;0.7;0.9;61.0;6.4;7.8;5.6000000000000005;4.800000000000001;6.15;76.55;Recuperação;6.6000000000000005;81.73333333333333;-0.7999999999999998;1.239999999999999;0.08;0.895;0.025;52.75;Risco Moderado
623;13;8;3.2;0.1;0.7;90.3;3.7;1.0;0.2;98.0;5.1;0.5;0.6;98.3;7.5;0.4;0.9;91.8;4.0;4.9;6.199999999999999;8.8;5.975;94.6;Recuperação;5.033333333333333;95.53333333333336;2.1999999999999997;1.2233333333333325;0.07;0.925;0.005;53.25;Risco Moderado
624;12;8;3.7;0.2;0.3;66.4;6.5;0.4;0.4;89.6;6.6;0.8;0.4;63.0;5.4;0.8;0.2;84.5;4.2;7.300000000000001;7.8;6.4;6.425000000000001;75.875;Recuperação;6.433333333333334;73.0;3.6;3.803333333333333;0.27;0.72;0.01;63.0;Risco Moderado
625;11;9;7.9;0.0;0.1;60.5;7.7;0.4;0.1;80.2;5.3;0.0;0.9;50.9;5.3;0.8;0.3;93.5;8.0;8.2;6.2;6.4;7.199999999999999;71.275;Reprovado;7.466666666666666;63.86666666666667;-1.7999999999999998;1.2133333333333327;0.945;0.04;0.015;96.5;Alto Risco
626;12;7;7.8;0.5;0.4;54.2;6.4;0.6;0.6;74.7;7.3;0.6;0.8;77.3;5.8;0.3;0.2;89.8;8.700000000000001;7.6;8.7;6.3;7.825;74.0;Reprovado;8.333333333333334;68.73333333333333;-1.7763568394002505e-15;0.4033333333333337;0.91;0.005;0.085;91.25;Alto Risco
627;11;8;3.0;0.3;0.9;73.3;4.7;1.0;0.1;52.0;7.7;0.3;0.3;85.3;3.7;0.3;0.4;67.3;4.2;5.8;8.3;4.4;5.675000000000001;69.475;Reprovado;6.1000000000000005;70.2;4.1000000000000005;4.270000000000001;0.875;0.07;0.055;91.0;Alto Risco
628;12;8;7.8;0.6;0.6;74.1;5.5;0.2;1.0;99.2;4.7;0.9;0.8;89.5;5.3;0.9;0.9;88.7;9.0;6.7;6.4;7.1000000000000005;7.300000000000001;87.875;Aprovado;7.366666666666667;87.60000000000001;-2.6;2.023333333333333;0.07;0.14;0.79;14.000000000000002;Baixo Risco
629;13;7;6.2;0.3;0.7;92.0;6.2;0.7;0.8;69.2;5.8;0.3;0.4;59.7;7.2;0.2;0.6;63.1;7.2;7.7;6.5;8.0;7.35;71.0;Reprovado;7.133333333333333;73.63333333333333;-0.7000000000000002;0.3633333333333334;0.83;0.13;0.04;89.5;Alto Risco
630;13;8;7.3;0.3;0.6;61.1;5.6;0.7;0.4;57.6;3.5;0.7;0.8;63.1;3.1;0.0;0.7;66.4;8.2;6.7;5.0;3.8;5.925;62.05;Reprovado;6.633333333333333;60.6;-3.1999999999999997;2.563333333333332;0.995;0.005;0.0;99.75;Alto Risco
631;11;6;5.3;0.7;0.2;69.0;3.6;0.6;0.6;83.3;4.0;0.7;0.8;75.6;4.4;0.5;0.5;55.4;6.2;4.8;5.5;5.4;5.475;70.825;Reprovado;5.5;75.96666666666667;-0.7000000000000002;0.4900000000000002;0.8;0.19;0.01;89.5;Alto Risco
632;14;6;5.6;0.0;0.4;90.4;4.6;0.1;0.9;64.2;5.1;0.2;0.2;66.5;3.0;0.8;0.0;96.8;6.0;5.6;5.5;3.8;5.2250000000000005;79.47500000000001;Recuperação;5.7;73.7;-0.5;0.07;0.195;0.805;0.0;59.75;Risco Moderado
633;11;7;5.4;0.9;0.8;91.2;7.0;0.7;0.6;79.3;4.0;0.0;0.7;93.0;5.1;0.8;0.1;64.6;7.1000000000000005;8.3;4.7;5.999999999999999;6.525;82.025;Recuperação;6.7;87.83333333333333;-2.4000000000000004;3.360000000000001;0.08;0.895;0.025;52.75;Risco Moderado
634;11;9;6.3;0.9;0.1;69.2;7.3;0.1;0.2;79.3;7.4;0.4;0.3;73.7;6.6;0.9;0.5;76.0;7.3;7.6;8.100000000000001;8.0;7.75;74.55;Reprovado;7.666666666666667;74.06666666666666;0.8000000000000016;0.163333333333334;0.815;0.06;0.125;84.5;Alto Risco
635;12;9;3.7;0.7;0.3;73.0;3.7;0.6;0.4;72.3;3.8;0.3;0.3;90.0;7.0;0.5;0.7;69.6;4.7;4.7;4.4;8.2;5.5;76.225;Recuperação;4.6000000000000005;78.43333333333334;-0.2999999999999998;0.0299999999999999;0.125;0.875;0.0;56.25;Risco Moderado
636;12;7;3.1;0.6;0.3;65.2;7.8;0.7;0.8;91.8;5.3;0.8;0.3;79.0;7.7;0.1;0.2;98.0;4.0;9.3;6.4;8.0;6.925;83.5;Recuperação;6.566666666666667;78.66666666666667;2.4000000000000004;7.043333333333335;0.135;0.85;0.015;56.0;Risco Moderado
637;11;7;4.5;0.9;0.4;96.6;4.6;0.2;0.6;63.2;6.0;0.8;0.7;88.7;6.0;0.6;0.7;66.8;5.800000000000001;5.4;7.5;7.3;6.5;78.825;Recuperação;6.233333333333334;82.83333333333333;1.6999999999999993;1.2433333333333327;0.025;0.97;0.005;51.0;Risco Moderado
638;13;6;6.5;0.2;1.0;55.9;6.3;0.8;0.7;72.4;6.5;0.5;0.2;66.6;4.3;0.8;0.8;88.9;7.7;7.8;7.2;5.9;7.15;70.95;Reprovado;7.566666666666666;64.96666666666667;-0.5;0.1033333333333332;0.965;0.01;0.025;97.0;Alto Risco
639;12;9;4.0;0.1;0.1;96.7;6.8;0.0;0.9;76.9;4.9;0.6;0.0;91.6;7.6;0.1;0.4;92.8;4.199999999999999;7.7;5.5;8.1;6.375;89.50000000000001;Recuperação;5.8;88.40000000000002;1.3000000000000007;3.1300000000000017;0.03;0.955;0.015;50.75;Risco Moderado
640;14;8;6.4;0.2;0.5;84.2;7.1;0.8;0.9;83.2;7.3;0.6;0.7;63.7;6.9;0.2;0.7;71.8;7.1000000000000005;8.799999999999999;8.6;7.800000000000001;8.075;75.72500000000001;Aprovado;8.166666666666666;77.03333333333335;1.4999999999999991;0.863333333333332;0.1;0.055;0.845;12.75;Baixo Risco
641;12;6;7.8;0.8;0.2;76.6;7.7;0.5;0.9;89.2;5.8;0.8;0.2;77.3;5.9;0.0;0.4;68.9;8.799999999999999;9.1;6.8;6.300000000000001;7.75;78.0;Aprovado;8.233333333333333;81.03333333333335;-1.9999999999999991;1.5633333333333328;0.125;0.05;0.825;15.0;Baixo Risco
642;12;7;3.5;0.0;1.0;51.6;4.6;0.2;0.1;69.7;5.2;0.4;0.1;60.7;6.5;0.6;0.7;87.4;4.5;4.9;5.7;7.8;5.725;67.35;Reprovado;5.033333333333334;60.66666666666666;1.2000000000000002;0.3733333333333334;0.965;0.035;0.0;98.25;Alto Risco
643;14;9;6.4;0.6;0.1;73.8;7.3;0.1;0.5;82.3;3.3;0.3;0.2;73.8;7.6;0.9;0.8;95.6;7.1;7.899999999999999;3.8;9.3;7.025;81.375;Aprovado;6.266666666666666;76.63333333333333;-3.3;4.723333333333331;0.13;0.255;0.615;25.75;Baixo Risco
644;11;8;5.2;1.0;0.4;70.4;3.7;1.0;0.7;57.5;5.3;0.3;0.4;65.9;6.6;0.7;1.0;87.7;6.6000000000000005;5.4;6.0;8.3;6.575;70.375;Reprovado;6.0;64.60000000000001;-0.6000000000000005;0.3600000000000001;0.98;0.02;0.0;99.0;Alto Risco
645;14;8;7.3;0.9;0.7;58.1;6.5;0.1;0.8;96.6;7.1;0.5;0.5;63.3;4.8;1.0;0.3;61.4;8.899999999999999;7.399999999999999;8.1;6.1;7.625;69.85;Reprovado;8.133333333333333;72.66666666666667;-0.7999999999999989;0.5633333333333332;0.84;0.045;0.115;86.25;Alto Risco
646;11;6;3.9;0.5;0.7;82.8;6.7;0.2;0.6;69.2;6.1;0.4;0.0;98.3;6.6;0.1;0.4;94.4;5.1000000000000005;7.5;6.5;7.1;6.550000000000001;86.17500000000001;Recuperação;6.366666666666667;83.43333333333334;1.3999999999999997;1.4533333333333325;0.085;0.89;0.025;53.0;Risco Moderado
647;11;9;6.5;0.1;0.4;98.6;6.4;0.3;0.2;86.5;7.2;0.4;1.0;58.0;3.2;0.9;0.2;69.4;7.0;6.9;8.600000000000001;4.300000000000001;6.7;78.125;Recuperação;7.5;81.03333333333333;1.6000000000000014;0.9100000000000014;0.075;0.7;0.225;42.5;Risco Moderado
648;11;9;7.2;0.8;0.3;78.1;4.3;0.6;0.8;51.0;5.5;0.1;0.7;89.4;4.9;0.8;0.2;78.8;8.3;5.699999999999999;6.3;5.9;6.550000000000001;74.325;Reprovado;6.766666666666667;72.83333333333333;-2.000000000000001;1.8533333333333355;0.785;0.185;0.03;87.75;Alto Risco
649;14;7;7.7;0.6;0.4;85.7;7.4;0.5;0.7;60.3;3.6;0.7;0.3;99.2;5.0;0.3;0.7;91.6;8.700000000000001;8.6;4.6;6.0;6.975;84.19999999999999;Recuperação;7.3;81.73333333333333;-4.100000000000001;5.470000000000002;0.09;0.79;0.12;48.5;Risco Moderado
650;11;9;6.4;0.1;0.3;53.4;3.8;0.1;0.1;74.4;3.1;0.2;0.3;51.0;3.8;1.0;0.9;59.4;6.8;4.0;3.6;5.7;5.025;59.55;Reprovado;4.8;59.6;-3.2;3.04;0.98;0.02;0.0;99.0;Alto Risco
651;13;9;5.5;0.1;0.2;70.9;3.3;0.3;0.5;93.9;4.5;0.2;0.4;85.0;3.1;0.3;0.4;89.2;5.8;4.1;5.1000000000000005;3.8;4.7;84.75;Reprovado;5.0;83.26666666666667;-0.6999999999999993;0.7300000000000001;0.7;0.285;0.015;84.25;Alto Risco
652;14;6;6.1;0.9;0.5;55.8;6.6;0.2;0.2;76.4;6.5;0.4;0.6;62.6;3.7;0.9;0.2;79.8;7.5;7.0;7.5;4.800000000000001;6.7;68.64999999999999;Reprovado;7.333333333333333;64.93333333333332;0.0;0.0833333333333333;0.98;0.005;0.015;98.25;Alto Risco
653;13;9;7.3;0.7;0.3;80.6;5.4;0.2;0.3;96.5;7.0;0.2;0.1;52.0;6.3;0.9;0.3;94.7;8.3;5.9;7.3;7.5;7.25;80.95;Aprovado;7.166666666666667;76.36666666666666;-1.0000000000000009;1.4533333333333336;0.195;0.13;0.675;26.0;Baixo Risco
654;11;8;5.9;0.8;0.3;96.9;7.2;0.4;0.0;74.2;4.5;0.6;0.2;70.1;7.0;0.8;0.5;58.6;7.0;7.6;5.3;8.3;7.050000000000001;74.95;Reprovado;6.633333333333333;80.4;-1.7000000000000002;1.4233333333333331;0.7;0.29;0.01;84.5;Alto Risco
655;12;6;3.2;0.9;0.7;83.1;4.9;0.7;0.4;74.5;5.5;0.4;0.9;96.8;7.9;0.6;0.3;71.0;4.800000000000001;6.000000000000001;6.800000000000001;8.8;6.6000000000000005;81.35;Recuperação;5.866666666666667;84.8;2.0;1.0133333333333334;0.055;0.93;0.015;52.0;Risco Moderado
656;11;6;7.7;0.6;1.0;53.8;3.8;0.2;0.5;56.0;5.1;0.4;0.3;50.6;4.7;0.1;0.2;91.6;9.3;4.5;5.8;5.0;6.15;63.0;Reprovado;6.533333333333334;53.46666666666667;-3.500000000000001;6.163333333333335;0.965;0.03;0.005;98.0;Alto Risco
657;13;7;6.4;0.5;0.6;67.7;7.2;0.4;0.6;90.1;5.1;0.5;0.4;79.4;6.0;0.5;0.7;51.0;7.5;8.200000000000001;6.0;7.2;7.225;72.05000000000001;Reprovado;7.233333333333334;79.06666666666668;-1.5;1.2633333333333343;0.695;0.08;0.225;73.5;Alto Risco
658;13;9;6.4;0.4;0.1;77.5;5.7;0.4;0.7;62.3;4.2;0.2;0.9;75.1;7.7;0.4;0.0;55.6;6.9;6.800000000000001;5.300000000000001;8.1;6.775;67.625;Reprovado;6.333333333333333;71.63333333333334;-1.5999999999999996;0.8033333333333331;0.955;0.035;0.01;97.25;Alto Risco
659;14;7;4.1;0.3;0.1;70.2;3.9;1.0;0.8;95.0;3.7;0.2;0.7;93.7;3.8;0.8;0.5;99.5;4.499999999999999;5.7;4.6000000000000005;5.1;4.975;89.6;Reprovado;4.933333333333334;86.3;0.1000000000000014;0.4433333333333337;0.655;0.34;0.005;82.5;Alto Risco
660;12;8;6.3;0.4;1.0;91.7;6.6;1.0;0.2;95.5;4.0;0.9;0.3;54.2;6.6;0.8;0.8;64.0;7.7;7.8;5.2;8.2;7.225;76.35;Aprovado;6.9;80.46666666666665;-2.5;2.1699999999999995;0.1;0.215;0.685;20.75;Baixo Risco
661;14;6;5.0;0.8;0.3;90.7;5.6;0.8;0.1;97.2;3.3;0.4;0.7;84.1;6.8;0.9;0.3;98.8;6.1;6.499999999999999;4.4;8.0;6.249999999999999;92.7;Recuperação;5.666666666666667;90.66666666666669;-1.6999999999999993;1.2433333333333318;0.03;0.96;0.01;51.0;Risco Moderado
662;13;6;6.3;0.6;0.1;80.6;6.0;0.2;0.9;76.0;4.0;0.4;0.0;84.0;3.4;0.0;0.6;59.1;6.999999999999999;7.1000000000000005;4.4;4.0;5.625;74.925;Reprovado;6.166666666666667;80.2;-2.5999999999999988;2.3433333333333324;0.72;0.25;0.03;84.5;Alto Risco
663;11;6;3.5;0.9;0.6;68.7;5.3;0.1;0.2;83.9;3.0;0.0;0.7;83.5;7.3;0.8;0.7;68.1;5.0;5.6;3.7;8.799999999999999;5.775;76.05000000000001;Recuperação;4.766666666666667;78.7;-1.2999999999999998;0.9433333333333328;0.14;0.855;0.005;56.75;Risco Moderado
664;12;8;6.3;0.4;0.6;62.8;7.1;0.3;1.0;88.9;6.1;0.5;0.5;97.1;7.1;0.9;0.7;87.6;7.3;8.399999999999999;7.1;8.7;7.874999999999999;84.1;Aprovado;7.599999999999999;82.93333333333332;-0.2000000000000001;0.4899999999999991;0.105;0.1;0.795;15.5;Baixo Risco
665;11;8;8.0;0.6;0.6;55.3;7.1;0.3;0.8;56.6;4.6;0.6;0.8;91.2;3.2;0.8;0.4;82.9;9.2;8.2;5.999999999999999;4.4;6.949999999999999;71.5;Reprovado;7.8;67.7;-3.2;2.68;0.91;0.075;0.015;94.75;Alto Risco
666;11;7;3.2;0.6;0.3;67.7;6.5;0.5;0.5;80.0;7.9;0.6;1.0;52.1;3.5;0.1;0.3;79.1;4.1000000000000005;7.5;9.5;3.9;6.25;69.725;Reprovado;7.033333333333334;66.6;5.4;7.453333333333331;0.95;0.01;0.04;95.5;Alto Risco
667;12;7;7.9;0.6;0.0;70.7;3.5;0.8;1.0;51.7;4.0;0.7;0.9;73.6;3.2;0.1;0.8;76.5;8.5;5.3;5.6000000000000005;4.1000000000000005;5.875000000000001;68.125;Reprovado;6.466666666666668;65.33333333333333;-2.8999999999999995;3.123333333333333;0.93;0.065;0.005;96.25;Alto Risco
668;14;7;5.0;0.7;1.0;83.8;7.2;0.9;0.1;74.9;4.7;0.2;0.9;69.9;4.7;0.0;0.8;92.2;6.7;8.2;5.800000000000001;5.5;6.55;80.2;Recuperação;6.9;76.2;-0.8999999999999995;1.4699999999999984;0.185;0.755;0.06;56.25;Risco Moderado
669;11;9;7.4;0.2;0.3;82.9;6.4;0.8;0.3;57.7;4.8;0.3;0.5;65.5;5.5;0.6;0.3;61.7;7.9;7.5;5.6;6.4;6.85;66.95;Reprovado;7.0;68.7;-2.3000000000000007;1.510000000000001;0.975;0.015;0.01;98.25;Alto Risco
670;13;6;6.9;0.5;0.7;53.5;6.5;0.4;0.6;59.1;3.0;0.8;0.4;72.6;5.7;0.6;0.1;72.1;8.1;7.5;4.2;6.4;6.55;64.32499999999999;Reprovado;6.6000000000000005;61.73333333333333;-3.9;4.409999999999999;0.965;0.025;0.01;97.75;Alto Risco
671;11;6;5.8;0.1;0.7;69.8;4.8;0.7;0.4;68.3;7.2;0.9;0.5;69.2;4.3;1.0;0.1;57.8;6.6;5.9;8.6;5.4;6.625;66.275;Reprovado;7.033333333333334;69.10000000000001;2.0;1.9633333333333325;0.92;0.05;0.03;94.5;Alto Risco
672;12;7;6.7;0.4;0.6;59.1;7.4;0.3;0.9;71.6;3.2;0.1;0.7;71.6;7.6;0.4;0.1;79.8;7.7;8.6;4.0;8.1;7.1;70.52499999999999;Reprovado;6.766666666666667;67.43333333333332;-3.7;5.9433333333333325;0.955;0.035;0.01;97.25;Alto Risco
673;12;6;7.4;0.5;0.3;57.8;6.6;0.1;0.1;81.2;7.7;0.5;0.9;99.0;4.8;0.3;0.6;62.5;8.200000000000001;6.799999999999999;9.1;5.699999999999999;7.45;75.125;Aprovado;8.033333333333333;79.33333333333333;0.8999999999999986;1.3433333333333346;0.135;0.065;0.8;16.75;Baixo Risco
674;12;7;5.0;0.7;0.3;91.4;3.6;0.7;0.5;53.7;7.5;0.2;0.2;54.4;3.2;0.6;0.1;66.7;6.0;4.8;7.9;3.9;5.65;66.55000000000001;Reprovado;6.233333333333334;66.50000000000001;1.9000000000000004;2.4433333333333342;0.955;0.04;0.005;97.5;Alto Risco
675;14;9;4.6;1.0;0.6;52.1;5.0;0.0;0.6;75.2;5.7;0.1;0.9;96.1;4.5;0.8;0.3;73.6;6.199999999999999;5.6;6.7;5.6;6.025;74.25;Reprovado;6.166666666666667;74.46666666666667;0.5000000000000009;0.3033333333333336;0.835;0.165;0.0;91.75;Alto Risco
676;11;9;6.3;0.6;0.9;71.0;7.4;0.4;0.7;59.1;5.7;0.3;0.8;74.0;5.7;0.9;0.8;51.3;7.8;8.5;6.8;7.4;7.625;63.85;Reprovado;7.7;68.03333333333333;-1.0;0.7300000000000001;0.965;0.005;0.03;96.75;Alto Risco
677;14;8;7.0;0.7;0.9;58.4;3.2;0.3;0.3;78.7;6.3;0.1;1.0;81.2;5.0;0.8;0.3;54.6;8.6;3.8;7.399999999999999;6.1;6.475;68.22500000000001;Reprovado;6.599999999999999;72.76666666666667;-1.200000000000001;6.239999999999998;0.905;0.085;0.01;94.75;Alto Risco
678;14;9;6.8;0.5;0.1;94.0;7.8;0.7;0.4;81.9;4.9;0.7;0.9;91.5;4.4;0.4;0.8;84.3;7.399999999999999;8.9;6.500000000000001;5.6000000000000005;7.1000000000000005;87.925;Aprovado;7.599999999999999;89.13333333333333;-0.8999999999999977;1.4699999999999998;0.065;0.125;0.81;12.75;Baixo Risco
679;12;7;7.0;0.6;0.2;77.9;6.4;0.8;0.8;77.8;6.2;0.5;0.3;68.0;3.7;0.6;0.7;71.4;7.8;8.0;7.0;5.0;6.95;73.775;Reprovado;7.6;74.56666666666666;-0.7999999999999998;0.2799999999999999;0.815;0.095;0.09;86.25;Alto Risco
680;12;9;5.2;0.1;0.9;61.6;6.2;0.3;0.2;86.9;3.2;0.1;0.1;71.5;7.1;0.9;0.2;93.2;6.2;6.7;3.4000000000000004;8.2;6.125;78.3;Recuperação;5.433333333333334;73.33333333333333;-2.8;3.163333333333333;0.19;0.805;0.005;59.25;Risco Moderado
681;14;8;7.1;0.3;0.7;75.1;4.4;0.8;0.8;66.8;3.3;0.0;0.1;70.5;8.0;0.5;0.7;84.7;8.1;6.0;3.4;9.2;6.675;74.27499999999999;Reprovado;5.833333333333333;70.8;-4.699999999999999;5.543333333333333;0.87;0.125;0.005;93.25;Alto Risco
682;11;6;3.6;0.4;0.9;86.6;4.2;0.3;0.6;88.3;5.3;0.8;0.3;68.7;4.6;0.2;0.7;50.4;4.9;5.1;6.4;5.5;5.475;73.49999999999999;Reprovado;5.466666666666666;81.19999999999999;1.5;0.6633333333333336;0.68;0.315;0.005;83.75;Alto Risco
683;13;7;5.7;0.5;0.2;97.9;7.7;0.4;0.8;71.6;5.7;0.2;0.6;96.3;4.9;0.2;0.4;80.8;6.4;8.9;6.5;5.500000000000001;6.825;86.65;Recuperação;7.266666666666667;88.60000000000001;0.0999999999999996;2.003333333333334;0.07;0.8;0.13;47.0;Risco Moderado
684;14;6;3.0;0.0;0.6;61.0;4.5;0.7;0.7;74.2;7.4;0.6;0.8;91.4;6.1;0.0;0.2;54.7;3.6;5.9;8.8;6.3;6.15;70.325;Reprovado;6.1000000000000005;75.53333333333333;5.200000000000001;6.790000000000002;0.79;0.19;0.02;88.5;Alto Risco
685;11;8;4.6;0.1;0.7;94.3;6.9;0.7;0.2;82.4;3.5;0.3;0.9;55.4;6.6;0.7;0.5;89.0;5.4;7.800000000000001;4.7;7.8;6.425;80.275;Recuperação;5.966666666666668;77.36666666666666;-0.7000000000000002;2.6433333333333344;0.09;0.9;0.01;54.0;Risco Moderado
686;12;8;4.8;0.3;0.7;96.7;5.0;1.0;0.6;50.9;7.1;0.6;0.6;55.4;5.0;0.1;0.9;99.6;5.8;6.6;8.299999999999999;6.0;6.674999999999999;75.65;Recuperação;6.899999999999999;67.66666666666667;2.499999999999999;1.629999999999999;0.36;0.62;0.02;67.0;Risco Moderado
687;12;8;5.0;1.0;0.4;95.8;3.7;0.2;0.9;82.7;4.1;0.3;0.0;71.4;7.5;0.2;0.6;76.6;6.4;4.800000000000001;4.4;8.3;5.9750000000000005;81.625;Recuperação;5.2;83.3;-2.0;1.12;0.075;0.925;0.0;53.75;Risco Moderado
688;11;6;6.5;0.3;0.0;81.8;3.1;0.7;0.4;80.9;5.0;0.1;0.2;54.9;5.8;0.3;0.2;84.1;6.8;4.2;5.3;6.3;5.65;75.425;Recuperação;5.433333333333334;72.53333333333333;-1.5;1.703333333333333;0.29;0.695;0.015;63.75;Risco Moderado
689;13;6;4.9;0.5;0.6;81.5;5.7;0.6;1.0;65.5;4.6;0.2;0.1;81.0;5.3;0.6;0.7;61.9;6.0;7.3;4.9;6.6;6.199999999999999;72.475;Reprovado;6.066666666666667;76.0;-1.0999999999999996;1.4433333333333327;0.795;0.195;0.01;89.25;Alto Risco
690;12;6;5.2;0.2;0.3;70.2;7.9;0.9;0.5;54.3;5.0;0.2;0.4;57.2;6.2;0.4;0.4;71.9;5.7;9.3;5.6000000000000005;7.000000000000001;6.9;63.4;Reprovado;6.866666666666667;60.56666666666666;-0.0999999999999996;4.443333333333334;0.965;0.03;0.005;98.0;Alto Risco
691;12;6;4.2;0.6;0.5;87.6;4.8;0.2;0.1;54.5;3.8;0.4;0.5;76.1;7.8;0.7;0.6;92.8;5.3;5.1;4.7;9.1;6.049999999999999;77.75;Recuperação;5.033333333333332;72.73333333333333;-0.5999999999999996;0.0933333333333332;0.175;0.825;0.0;58.75;Risco Moderado
692;12;8;4.9;0.3;1.0;76.6;4.8;0.8;0.4;96.2;5.5;0.7;0.0;50.4;7.0;0.1;0.7;58.4;6.2;6.0;6.2;7.8;6.55;70.4;Reprovado;6.133333333333333;74.4;0.0;0.0133333333333333;0.79;0.195;0.015;88.75;Alto Risco
693;11;8;4.1;0.2;0.4;83.9;4.7;0.6;1.0;84.5;7.0;0.3;0.3;65.8;3.2;0.1;0.5;63.3;4.7;6.3;7.6;3.8;5.6000000000000005;74.375;Reprovado;6.2;78.06666666666666;2.8999999999999995;2.109999999999999;0.715;0.255;0.03;84.25;Alto Risco
694;14;7;3.4;0.5;0.8;71.4;5.6;0.3;0.3;56.4;5.2;0.0;0.2;83.9;4.7;0.5;0.8;72.3;4.7;6.199999999999999;5.4;6.0;5.574999999999999;71.0;Reprovado;5.433333333333333;70.56666666666668;0.7000000000000002;0.5633333333333327;0.93;0.07;0.0;96.5;Alto Risco
695;12;7;6.0;0.0;0.2;86.6;5.2;0.5;0.9;67.8;5.5;0.5;0.6;74.2;5.4;0.3;0.7;85.6;6.2;6.6000000000000005;6.6;6.4;6.449999999999999;78.54999999999998;Recuperação;6.466666666666666;76.19999999999999;0.3999999999999994;0.0533333333333333;0.16;0.81;0.03;56.5;Risco Moderado
696;14;6;6.3;0.0;0.7;91.2;7.4;0.3;0.9;79.6;7.2;0.6;0.5;98.9;4.6;0.3;0.6;68.8;7.0;8.6;8.3;5.499999999999999;7.35;84.62500000000001;Aprovado;7.966666666666666;89.90000000000002;1.3000000000000007;0.7233333333333334;0.07;0.11;0.82;12.5;Baixo Risco
697;13;9;6.1;0.2;1.0;57.3;5.5;0.6;0.4;91.8;6.5;1.0;0.5;93.7;6.5;0.1;0.2;96.4;7.3;6.5;8.0;6.8;7.15;84.80000000000001;Aprovado;7.266666666666667;80.93333333333334;0.7000000000000002;0.5633333333333334;0.05;0.15;0.8;12.5;Baixo Risco
698;12;9;5.3;0.0;0.1;91.6;5.5;0.9;0.1;52.2;5.5;0.6;0.4;68.0;7.1;0.9;0.8;54.7;5.4;6.5;6.5;8.8;6.8;66.625;Reprovado;6.133333333333333;70.60000000000001;1.0999999999999996;0.4033333333333331;0.96;0.035;0.005;97.75;Alto Risco
699;12;8;4.9;0.1;0.0;77.0;3.7;0.6;0.7;61.8;4.3;0.5;1.0;52.3;6.7;0.7;0.9;68.5;5.0;5.0;5.8;8.3;6.025;64.9;Reprovado;5.266666666666667;63.70000000000001;0.7999999999999998;0.2133333333333332;0.98;0.02;0.0;99.0;Alto Risco
700;13;8;7.3;0.3;0.4;92.2;7.9;0.6;0.3;94.5;7.4;0.6;0.2;92.3;7.9;0.1;0.1;85.4;8.0;8.8;8.2;8.1;8.275;91.1;Aprovado;8.333333333333334;93.0;0.1999999999999993;0.1733333333333337;0.005;0.045;0.95;2.75;Baixo Risco
701;12;8;5.6;0.8;0.1;71.6;4.2;0.5;0.8;50.5;5.9;0.9;0.5;95.6;4.4;0.1;0.5;61.3;6.499999999999999;5.5;7.300000000000001;5.0;6.075;69.75;Reprovado;6.433333333333334;72.56666666666666;0.8000000000000016;0.8133333333333339;0.875;0.11;0.015;93.0;Alto Risco
702;14;7;5.4;0.6;0.7;69.0;3.4;0.1;0.4;60.1;4.1;0.8;0.7;91.0;7.4;1.0;0.3;82.8;6.7;3.9;5.6;8.700000000000001;6.225;75.725;Recuperação;5.4;73.36666666666666;-1.1000000000000003;1.99;0.195;0.8;0.005;59.5;Risco Moderado
703;11;7;3.1;0.5;0.9;95.8;6.3;0.2;0.5;98.0;4.3;0.3;0.6;56.4;6.8;0.7;0.8;58.2;4.5;7.0;5.199999999999999;8.3;6.25;77.10000000000001;Recuperação;5.566666666666666;83.4;0.6999999999999993;1.663333333333333;0.06;0.92;0.02;52.0;Risco Moderado
704;14;8;4.7;0.3;0.4;62.6;6.0;0.5;0.8;80.7;7.0;0.2;0.9;99.9;4.8;0.4;0.7;52.8;5.4;7.3;8.1;5.9;6.674999999999999;74.0;Reprovado;6.933333333333333;81.06666666666668;2.6999999999999997;1.923333333333332;0.725;0.17;0.105;81.0;Alto Risco
705;11;8;4.9;0.9;0.3;92.2;5.1;0.3;0.4;63.1;3.2;0.3;0.4;62.9;6.7;0.7;0.1;56.1;6.1000000000000005;5.8;3.9;7.5;5.825;68.575;Reprovado;5.266666666666667;72.73333333333333;-2.2000000000000006;1.4233333333333338;0.82;0.175;0.005;90.75;Alto Risco
706;11;8;5.0;0.4;0.4;74.2;5.1;0.2;0.4;53.3;8.0;0.5;0.5;86.2;3.5;0.8;0.9;96.5;5.800000000000001;5.7;9.0;5.2;6.425;77.55;Recuperação;6.833333333333333;71.23333333333333;3.1999999999999997;3.5233333333333325;0.23;0.695;0.075;57.75;Risco Moderado
707;14;9;5.9;0.1;0.7;75.7;6.9;0.5;0.4;51.4;3.7;0.7;0.1;95.4;6.9;0.8;0.2;77.6;6.7;7.800000000000001;4.5;7.9;6.725;75.025;Recuperação;6.333333333333333;74.16666666666667;-2.2;2.823333333333334;0.175;0.82;0.005;58.5;Risco Moderado
708;14;7;5.7;0.6;0.0;65.4;4.0;0.3;0.4;62.2;7.0;0.5;0.6;61.8;5.7;0.5;0.8;89.8;6.3;4.7;8.1;7.0;6.525;69.8;Reprovado;6.366666666666667;63.13333333333333;1.7999999999999998;2.8933333333333326;0.995;0.005;0.0;99.75;Alto Risco
709;14;9;6.0;0.1;0.6;78.7;7.1;0.3;0.5;94.1;5.0;0.1;0.3;95.4;4.5;0.4;0.5;66.6;6.699999999999999;7.899999999999999;5.4;5.4;6.35;83.70000000000002;Recuperação;6.666666666666667;89.40000000000002;-1.299999999999999;1.5633333333333312;0.04;0.895;0.065;48.75;Risco Moderado
710;14;9;6.8;0.3;0.6;66.3;6.2;0.5;0.8;70.8;5.5;0.7;0.2;65.5;6.3;0.0;0.3;79.6;7.699999999999999;7.5;6.4;6.6;7.050000000000001;70.55;Reprovado;7.2;67.53333333333333;-1.299999999999999;0.4899999999999993;0.965;0.03;0.005;98.0;Alto Risco
711;13;8;7.1;0.5;0.6;52.0;5.1;0.1;0.4;86.0;7.4;0.8;0.5;98.8;6.2;0.9;0.2;74.7;8.2;5.6;8.700000000000001;7.300000000000001;7.45;77.875;Aprovado;7.5;78.93333333333334;0.5000000000000018;2.7700000000000014;0.125;0.105;0.77;17.75;Baixo Risco
712;12;8;6.6;0.9;0.2;63.6;5.3;0.9;0.5;95.9;5.1;0.3;0.5;64.1;4.0;0.6;0.2;97.3;7.7;6.7;5.9;4.8;6.275;80.225;Recuperação;6.766666666666667;74.53333333333333;-1.7999999999999998;0.8133333333333331;0.24;0.73;0.03;60.5;Risco Moderado
713;11;6;7.8;0.5;0.7;50.3;4.3;0.9;0.7;70.4;5.7;0.7;0.1;97.7;3.2;0.2;0.7;87.4;9.0;5.9;6.5;4.1000000000000005;6.375;76.45;Recuperação;7.133333333333333;72.8;-2.5;2.7033333333333327;0.185;0.735;0.08;55.25;Risco Moderado
714;14;6;3.1;0.7;0.1;98.9;6.8;0.7;0.3;59.6;3.2;0.4;0.7;52.7;5.2;0.9;0.6;86.5;3.9;7.8;4.3;6.7;5.675;74.425;Reprovado;5.333333333333333;70.39999999999999;0.3999999999999999;4.6033333333333335;0.86;0.125;0.015;92.25;Alto Risco
715;14;9;4.0;1.0;0.2;98.3;5.6;0.1;0.3;75.9;3.0;0.9;0.6;85.5;5.8;0.9;0.1;52.3;5.2;5.999999999999999;4.5;6.8;5.625;78.0;Recuperação;5.233333333333333;86.56666666666666;-0.7000000000000002;0.5633333333333326;0.06;0.915;0.025;51.75;Risco Moderado
716;14;7;3.0;0.1;0.9;69.8;4.6;0.8;0.9;95.4;4.2;0.8;0.2;76.6;7.4;1.0;0.1;77.5;4.0;6.3;5.2;8.5;6.0;79.82499999999999;Recuperação;5.166666666666667;80.6;1.2000000000000002;1.3233333333333333;0.15;0.84;0.01;57.0;Risco Moderado
717;13;8;6.2;0.3;0.7;86.4;6.0;0.8;0.7;90.2;6.4;0.5;0.5;73.9;7.6;0.9;0.1;73.3;7.2;7.5;7.4;8.6;7.675000000000001;80.95;Aprovado;7.366666666666667;83.50000000000001;0.2000000000000001;0.0233333333333333;0.015;0.06;0.925;4.5;Baixo Risco
718;14;8;7.5;0.4;0.0;67.3;8.0;0.8;0.6;53.3;3.6;0.7;0.7;61.2;5.6;1.0;0.7;96.4;7.9;9.4;5.0;7.3;7.4;69.55000000000001;Reprovado;7.433333333333334;60.6;-2.9000000000000004;5.003333333333334;0.975;0.015;0.01;98.25;Alto Risco
719;14;9;4.2;0.4;0.2;83.6;5.2;0.1;0.6;84.6;3.6;0.9;0.5;85.3;6.8;0.2;0.7;62.9;4.800000000000001;5.9;5.0;7.7;5.85;79.1;Recuperação;5.233333333333333;84.5;0.1999999999999993;0.3433333333333332;0.065;0.925;0.01;52.75;Risco Moderado
720;14;6;7.6;0.4;0.2;90.3;7.6;0.6;0.0;78.6;5.1;0.5;0.4;59.5;5.2;0.8;0.1;63.5;8.2;8.2;6.0;6.1;7.125;72.975;Reprovado;7.466666666666666;76.13333333333333;-2.1999999999999997;1.6133333333333324;0.795;0.1;0.105;84.5;Alto Risco
721;12;7;3.3;0.9;0.3;97.3;4.7;0.8;0.6;95.4;6.2;0.3;0.3;77.6;6.7;0.8;0.6;70.6;4.5;6.1;6.8;8.1;6.375;85.225;Recuperação;5.8;90.09999999999998;2.3;1.3899999999999997;0.055;0.915;0.03;51.25;Risco Moderado
722;13;6;7.7;0.7;0.2;70.0;3.3;0.6;0.5;56.1;6.6;0.8;0.6;62.7;4.0;0.2;0.1;62.2;8.6;4.4;7.999999999999999;4.3;6.325;62.75;Reprovado;7.0;62.93333333333334;-0.6000000000000005;5.1599999999999975;0.97;0.015;0.015;97.75;Alto Risco
723;14;6;4.8;0.6;0.1;89.2;4.0;0.6;0.5;76.7;3.9;0.2;0.9;97.8;4.9;0.1;0.9;56.5;5.499999999999999;5.1;5.0;5.9;5.375;80.05;Recuperação;5.199999999999999;87.89999999999999;-0.4999999999999991;0.0699999999999997;0.04;0.955;0.005;51.75;Risco Moderado
724;11;6;3.5;0.3;0.5;63.3;5.1;0.5;0.4;94.0;3.4;0.4;0.7;51.4;6.2;1.0;0.9;92.9;4.3;6.0;4.5;8.1;5.725;75.4;Recuperação;4.933333333333334;69.56666666666668;0.2000000000000001;0.8633333333333335;0.2;0.8;0.0;60.0;Risco Moderado
725;11;6;5.4;0.8;0.7;99.5;4.1;0.5;0.1;70.5;7.7;0.9;0.1;60.0;3.1;0.3;0.7;77.9;6.9;4.699999999999999;8.7;4.1;6.1;76.975;Recuperação;6.766666666666666;76.66666666666667;1.799999999999999;4.013333333333334;0.175;0.77;0.055;56.0;Risco Moderado
726;11;8;4.3;1.0;0.6;51.3;3.0;0.0;0.2;74.1;4.3;0.7;0.5;62.1;6.6;0.9;0.9;93.1;5.9;3.2;5.5;8.4;5.75;70.15;Reprovado;4.866666666666667;62.5;-0.4000000000000003;2.123333333333333;0.985;0.015;0.0;99.25;Alto Risco
727;13;8;4.4;0.8;0.7;80.2;7.6;0.6;1.0;53.5;7.3;0.4;0.9;70.7;7.2;0.0;0.8;91.6;5.9;9.2;8.6;8.0;7.925;74.0;Reprovado;7.899999999999999;68.13333333333333;2.6999999999999997;3.089999999999998;0.935;0.04;0.025;95.5;Alto Risco
728;13;6;4.5;0.0;0.1;83.0;7.2;0.1;0.4;63.9;7.3;0.2;0.1;61.6;5.0;0.0;0.8;64.1;4.6;7.7;7.6;5.8;6.425;68.15;Reprovado;6.633333333333333;69.5;3.0;3.103333333333334;0.915;0.06;0.025;94.5;Alto Risco
729;11;7;7.0;0.6;1.0;84.4;6.7;0.4;0.5;66.2;6.9;0.4;1.0;74.6;5.2;0.5;0.6;77.4;8.6;7.6;8.3;6.3;7.7;75.65;Aprovado;8.166666666666666;75.06666666666668;-0.2999999999999989;0.2633333333333335;0.195;0.075;0.73;23.25;Baixo Risco
730;14;9;5.7;0.1;0.8;56.0;3.8;0.3;0.1;97.3;3.8;0.3;0.9;93.6;7.3;0.2;0.3;54.2;6.6;4.199999999999999;5.0;7.8;5.9;75.275;Recuperação;5.266666666666667;82.3;-1.5999999999999996;1.4933333333333336;0.06;0.94;0.0;53.0;Risco Moderado
731;13;7;4.6;0.3;0.8;96.9;3.6;0.5;0.0;64.1;7.1;0.2;0.1;85.6;6.9;0.7;0.2;95.8;5.699999999999999;4.1;7.399999999999999;7.800000000000001;6.25;85.6;Recuperação;5.733333333333332;82.2;1.6999999999999993;2.7233333333333314;0.15;0.805;0.045;55.25;Risco Moderado
732;11;7;6.1;0.1;0.8;59.1;3.3;0.1;0.7;73.0;6.8;0.7;0.9;79.0;4.4;0.6;0.3;70.2;6.999999999999999;4.1;8.4;5.3;6.2;70.325;Reprovado;6.5;70.36666666666666;1.4000000000000012;4.8100000000000005;0.9;0.07;0.03;93.5;Alto Risco
733;11;7;6.6;0.6;0.9;81.1;6.6;0.7;0.5;83.6;6.0;0.3;0.4;54.5;4.6;0.1;0.6;69.7;8.1;7.8;6.7;5.299999999999999;6.975;72.225;Reprovado;7.533333333333332;73.06666666666666;-1.3999999999999997;0.5433333333333329;0.86;0.06;0.08;89.0;Alto Risco
734;14;6;4.4;0.7;0.5;61.1;7.6;0.8;0.5;58.1;4.7;0.5;0.8;84.7;6.4;0.2;0.2;65.1;5.6000000000000005;8.9;6.0;6.800000000000001;6.825;67.25;Reprovado;6.833333333333333;67.96666666666667;0.3999999999999994;3.243333333333333;0.93;0.035;0.035;94.75;Alto Risco
735;12;8;5.1;0.1;0.2;65.4;5.2;0.2;0.2;74.3;4.3;0.4;0.4;58.3;5.8;0.4;0.3;73.0;5.4;5.6000000000000005;5.1000000000000005;6.5;5.65;67.75;Reprovado;5.366666666666667;66.0;-0.2999999999999998;0.0633333333333333;0.98;0.02;0.0;99.0;Alto Risco
736;13;7;3.6;0.4;0.6;77.3;3.6;0.1;0.7;86.9;3.6;1.0;0.4;89.3;3.8;0.2;0.5;62.6;4.6;4.4;5.0;4.5;4.625;79.025;Reprovado;4.666666666666667;84.5;0.4000000000000003;0.0933333333333332;0.73;0.27;0.0;86.5;Alto Risco
737;14;6;3.9;0.5;0.7;70.9;5.6;0.1;0.2;93.3;5.5;0.4;0.6;62.5;4.5;0.8;0.2;68.7;5.1000000000000005;5.9;6.5;5.5;5.75;73.85;Reprovado;5.833333333333333;75.56666666666666;1.3999999999999997;0.493333333333333;0.725;0.26;0.015;85.5;Alto Risco
738;11;7;6.4;0.4;0.7;58.0;4.7;0.9;0.2;81.3;5.9;0.1;0.8;70.9;7.5;0.4;0.6;90.0;7.500000000000001;5.800000000000001;6.8;8.5;7.15;75.05000000000001;Aprovado;6.7;70.06666666666668;-0.7000000000000011;0.7300000000000001;0.26;0.095;0.645;30.75;Baixo Risco
739;11;7;3.9;0.1;0.5;58.5;4.9;0.5;0.5;83.5;4.8;0.1;0.0;67.5;6.4;0.1;0.9;91.7;4.5;5.9;4.9;7.4;5.675000000000001;75.3;Recuperação;5.1000000000000005;69.83333333333333;0.4000000000000003;0.5200000000000002;0.23;0.76;0.01;61.0;Risco Moderado
740;14;6;5.6;0.4;0.1;70.9;6.1;0.5;0.3;56.3;5.4;0.6;0.6;92.9;7.9;0.5;0.7;65.2;6.1;6.9;6.6;9.1;7.175000000000001;71.325;Reprovado;6.533333333333334;73.36666666666667;0.5;0.1633333333333336;0.85;0.13;0.02;91.5;Alto Risco
741;13;8;6.5;0.8;0.4;87.9;6.6;0.1;0.2;97.3;4.8;0.6;0.2;56.3;6.8;0.1;0.7;73.5;7.7;6.9;5.6;7.6;6.949999999999999;78.75;Recuperação;6.733333333333334;80.5;-2.1000000000000005;1.123333333333334;0.115;0.79;0.095;51.0;Risco Moderado
742;12;8;3.5;0.1;0.9;94.9;3.6;0.6;0.6;56.6;6.2;0.4;0.3;78.3;7.7;0.1;0.6;93.7;4.5;4.8;6.9;8.4;6.15;80.875;Recuperação;5.400000000000001;76.60000000000001;2.4000000000000004;1.7100000000000006;0.16;0.84;0.0;58.0;Risco Moderado
743;12;9;5.8;0.1;0.6;54.2;3.2;0.9;0.7;88.7;7.5;0.4;0.3;57.1;4.1;0.2;0.5;52.6;6.499999999999999;4.800000000000001;8.200000000000001;4.8;6.075;63.15;Reprovado;6.5;66.66666666666667;1.700000000000002;2.890000000000001;0.915;0.07;0.015;95.0;Alto Risco
744;11;6;4.3;0.4;0.5;69.7;8.0;0.8;0.8;63.2;3.8;0.1;0.5;85.2;6.9;0.9;0.2;94.5;5.2;9.6;4.4;8.0;6.800000000000001;78.15;Recuperação;6.400000000000001;72.7;-0.7999999999999998;7.839999999999998;0.19;0.775;0.035;57.75;Risco Moderado
745;13;9;7.8;0.9;0.3;55.0;4.2;0.6;0.4;96.7;4.9;0.5;0.3;95.3;3.1;0.9;0.9;61.0;9.0;5.2;5.7;4.9;6.199999999999999;77.0;Recuperação;6.633333333333333;82.33333333333333;-3.3;4.263333333333334;0.055;0.85;0.095;48.0;Risco Moderado
746;12;9;5.4;0.7;0.4;50.8;3.3;0.1;0.1;86.0;3.7;0.5;0.1;71.7;6.4;0.8;0.2;83.9;6.500000000000001;3.5;4.3;7.4;5.425000000000001;73.1;Reprovado;4.766666666666667;69.5;-2.200000000000001;2.413333333333335;0.885;0.11;0.005;94.0;Alto Risco
747;13;9;7.0;0.7;0.9;83.1;3.9;0.1;0.3;87.7;6.1;0.1;0.1;74.4;5.3;0.3;0.1;79.1;8.6;4.3;6.299999999999999;5.699999999999999;6.224999999999999;81.075;Recuperação;6.399999999999999;81.73333333333333;-2.3000000000000007;4.63;0.055;0.92;0.025;51.5;Risco Moderado
748;13;8;5.8;0.4;0.7;80.1;3.2;0.0;1.0;61.0;6.6;0.1;0.0;96.4;4.7;0.3;0.8;77.6;6.9;4.2;6.699999999999999;5.8;5.9;78.775;Recuperação;5.933333333333334;79.16666666666667;-0.200000000000001;2.2633333333333328;0.09;0.905;0.005;54.25;Risco Moderado
749;11;6;3.2;0.6;0.8;58.2;5.0;0.3;0.6;72.2;7.7;0.1;0.5;76.0;7.3;0.5;0.2;93.0;4.6000000000000005;5.9;8.3;8.0;6.7;74.85;Reprovado;6.266666666666667;68.8;3.7;3.523333333333334;0.965;0.03;0.005;98.0;Alto Risco
750;12;9;6.2;0.0;0.5;61.7;7.0;0.1;0.7;80.9;4.4;0.1;1.0;74.4;7.3;0.7;0.4;55.1;6.7;7.8;5.5;8.4;7.1;68.025;Reprovado;6.666666666666667;72.33333333333334;-1.2000000000000002;1.3233333333333333;0.845;0.115;0.04;90.25;Alto Risco
751;14;6;7.8;0.6;0.6;51.2;4.7;0.3;0.0;88.5;7.8;0.6;0.1;78.9;3.1;1.0;0.0;67.4;9.0;5.0;8.5;4.1;6.65;71.5;Reprovado;7.5;72.86666666666666;-0.5;4.75;0.8;0.1;0.1;85.0;Alto Risco
752;11;6;6.0;0.9;0.2;91.7;5.2;0.4;0.5;55.2;3.3;0.2;0.9;84.5;6.0;0.1;0.1;76.9;7.1000000000000005;6.1000000000000005;4.4;6.199999999999999;5.95;77.075;Recuperação;5.866666666666667;77.13333333333334;-2.7;1.8633333333333335;0.13;0.87;0.0;56.5;Risco Moderado
753;12;8;7.1;0.6;0.7;98.7;6.4;0.9;0.0;98.1;6.0;0.3;0.7;55.3;4.8;0.0;0.2;90.6;8.399999999999999;7.300000000000001;7.0;5.0;6.925;85.67500000000001;Recuperação;7.566666666666666;84.03333333333335;-1.3999999999999986;0.5433333333333319;0.07;0.775;0.155;45.75;Risco Moderado
754;12;9;7.4;0.9;0.4;56.8;5.5;0.6;0.6;94.5;3.3;0.2;0.6;91.1;5.1;0.7;0.1;60.8;8.700000000000001;6.699999999999999;4.1;5.9;6.35;75.8;Recuperação;6.5;80.8;-4.600000000000001;5.320000000000003;0.055;0.895;0.05;50.25;Risco Moderado
755;12;9;4.1;0.7;0.4;61.6;7.3;0.8;0.9;63.5;7.5;1.0;0.6;71.8;7.2;0.8;0.7;90.1;5.2;9.0;9.1;8.7;7.999999999999999;71.75;Reprovado;7.766666666666666;65.63333333333333;3.9;4.943333333333332;0.92;0.035;0.045;93.75;Alto Risco
756;12;6;4.1;0.1;0.6;93.4;7.3;0.7;1.0;91.1;5.6;0.9;0.8;53.6;4.5;0.8;0.8;70.0;4.799999999999999;9.0;7.3;6.1;6.799999999999999;77.025;Recuperação;7.033333333333332;79.36666666666666;2.500000000000001;4.463333333333336;0.07;0.795;0.135;46.75;Risco Moderado
757;12;7;6.1;0.9;0.9;96.3;3.0;0.1;0.5;75.9;6.3;0.2;0.1;89.3;7.7;0.7;0.4;59.4;7.9;3.6;6.6;8.8;6.7250000000000005;80.225;Recuperação;6.033333333333334;87.16666666666667;-1.3000000000000007;4.863333333333334;0.055;0.93;0.015;52.0;Risco Moderado
758;13;8;5.1;0.1;0.1;71.0;6.9;0.7;0.5;73.1;7.2;0.3;0.5;68.8;3.9;1.0;0.9;87.9;5.299999999999999;8.100000000000001;8.0;5.800000000000001;6.8;75.19999999999999;Recuperação;7.133333333333333;70.96666666666665;2.700000000000001;2.523333333333337;0.305;0.65;0.045;63.0;Risco Moderado
759;11;8;7.2;0.5;0.8;52.5;5.3;0.3;0.9;65.7;3.8;0.2;0.7;55.0;6.3;0.5;0.2;54.5;8.5;6.5;4.7;7.0;6.675;56.925;Reprovado;6.566666666666666;57.73333333333333;-3.8;3.613333333333333;0.955;0.04;0.005;97.5;Alto Risco
760;13;8;7.5;0.1;0.3;52.0;7.9;0.6;0.7;79.0;3.2;0.5;0.6;81.7;6.4;0.9;0.3;75.7;7.899999999999999;9.2;4.3;7.6;7.25;72.1;Reprovado;7.133333333333333;70.89999999999999;-3.5999999999999988;6.443333333333332;0.865;0.095;0.04;91.25;Alto Risco
761;14;8;4.8;0.0;0.4;78.7;5.4;0.3;0.1;86.5;7.4;0.0;0.8;94.0;4.3;1.0;0.2;53.2;5.2;5.8;8.200000000000001;5.5;6.175000000000001;78.1;Recuperação;6.400000000000001;86.39999999999999;3.000000000000001;2.520000000000002;0.07;0.925;0.005;53.25;Risco Moderado
762;12;9;4.2;0.4;0.0;69.6;7.9;1.0;0.5;70.5;4.6;0.7;0.1;94.4;4.6;0.8;0.6;67.8;4.6000000000000005;9.4;5.4;5.999999999999999;6.35;75.575;Recuperação;6.466666666666666;78.16666666666667;0.7999999999999998;6.613333333333333;0.095;0.88;0.025;53.5;Risco Moderado
763;11;9;6.9;0.3;0.3;51.4;6.8;0.3;0.2;81.5;3.6;0.5;0.7;97.9;7.2;0.3;0.4;80.1;7.5;7.3;4.8;7.9;6.875;77.725;Recuperação;6.533333333333334;76.93333333333334;-2.7;2.2633333333333336;0.125;0.84;0.035;54.5;Risco Moderado
764;12;7;4.4;0.5;0.5;79.2;4.2;0.3;0.5;85.0;5.3;0.9;0.5;93.4;6.8;0.2;0.6;77.8;5.4;5.0;6.7;7.6;6.175000000000001;83.85000000000001;Recuperação;5.7;85.86666666666667;1.2999999999999998;0.79;0.05;0.945;0.005;52.25;Risco Moderado
765;11;8;7.1;0.6;0.1;50.6;5.7;0.9;0.5;85.6;6.0;0.2;0.4;50.1;4.6;0.5;0.8;70.2;7.799999999999999;7.1000000000000005;6.6000000000000005;5.9;6.85;64.125;Reprovado;7.166666666666667;62.1;-1.1999999999999984;0.3633333333333323;0.895;0.045;0.06;91.75;Alto Risco
766;13;8;5.1;0.0;0.5;89.4;8.0;0.0;0.6;52.6;3.2;0.8;0.3;69.0;5.7;0.5;0.5;71.5;5.6;8.6;4.3;6.7;6.3;70.625;Reprovado;6.166666666666667;70.33333333333333;-1.2999999999999998;4.863333333333332;0.935;0.055;0.01;96.25;Alto Risco
767;11;6;6.3;0.1;0.9;65.3;7.3;0.7;0.4;93.0;4.4;0.8;0.6;90.9;3.3;0.9;0.6;61.3;7.3;8.4;5.8;4.8;6.575;77.625;Recuperação;7.166666666666667;83.06666666666668;-1.5;1.703333333333334;0.065;0.79;0.145;46.0;Risco Moderado
768;14;9;3.5;0.6;0.1;52.0;3.5;0.7;0.2;72.9;3.2;0.1;0.9;68.3;4.0;0.1;0.9;72.8;4.199999999999999;4.4;4.2;5.0;4.45;66.5;Reprovado;4.266666666666667;64.39999999999999;8.881784197001252e-16;0.0133333333333334;0.94;0.055;0.005;96.75;Alto Risco
769;14;8;6.1;0.3;0.8;79.4;6.5;0.8;0.5;63.1;5.1;0.4;0.5;80.1;5.4;0.3;0.3;97.7;7.199999999999999;7.8;6.0;6.0;6.75;80.075;Recuperação;7.0;74.2;-1.1999999999999993;0.8399999999999996;0.19;0.775;0.035;57.75;Risco Moderado
770;11;7;5.3;0.7;0.4;69.9;4.7;1.0;0.8;62.1;7.5;0.2;0.8;80.3;3.4;0.8;0.4;92.5;6.4;6.5;8.5;4.6000000000000005;6.5;76.2;Recuperação;7.133333333333333;70.76666666666667;2.1;1.403333333333333;0.27;0.67;0.06;60.5;Risco Moderado
771;11;7;5.9;0.7;0.7;98.7;3.0;1.0;0.7;74.2;7.9;0.3;0.4;68.3;7.2;0.1;0.7;57.3;7.300000000000001;4.7;8.600000000000001;8.0;7.15;74.625;Reprovado;6.866666666666667;80.39999999999999;1.3000000000000007;3.943333333333336;0.79;0.15;0.06;86.5;Alto Risco
772;11;9;3.8;0.8;0.3;77.2;5.0;0.1;0.3;94.3;6.2;0.3;0.1;95.2;6.6;0.3;0.6;51.5;4.9;5.4;6.6;7.499999999999999;6.1;79.55;Recuperação;5.633333333333333;88.89999999999999;1.6999999999999993;0.7633333333333326;0.045;0.945;0.01;51.75;Risco Moderado
773;11;7;6.7;0.7;0.2;63.8;4.2;0.8;0.9;68.9;3.8;0.6;0.1;75.2;7.7;0.4;0.2;96.7;7.6;5.9;4.499999999999999;8.299999999999999;6.574999999999999;76.14999999999999;Recuperação;6.0;69.3;-3.1000000000000005;2.4100000000000006;0.325;0.675;0.0;66.25;Risco Moderado
774;14;7;7.3;0.4;0.2;85.5;7.1;0.6;0.9;87.5;7.5;0.4;0.1;73.2;6.5;0.6;0.4;76.3;7.9;8.6;8.0;7.5;8.0;80.625;Aprovado;8.166666666666666;82.06666666666666;0.0999999999999996;0.1433333333333331;0.08;0.04;0.88;10.0;Baixo Risco
775;12;9;4.1;0.7;0.1;63.6;4.7;0.6;0.2;54.8;5.6;0.9;0.4;99.9;7.7;0.2;0.5;76.9;4.9;5.5;6.9;8.4;6.424999999999999;73.80000000000001;Reprovado;5.766666666666667;72.76666666666667;2.0;1.0533333333333337;0.845;0.145;0.01;91.75;Alto Risco
776;11;8;3.5;0.3;0.2;95.2;7.1;0.1;0.0;73.8;3.8;0.1;0.3;74.7;5.8;0.9;0.4;89.0;4.0;7.199999999999999;4.2;7.1000000000000005;5.625;83.175;Recuperação;5.133333333333333;81.23333333333333;0.2000000000000001;3.213333333333332;0.1;0.885;0.015;54.25;Risco Moderado
777;11;8;3.1;0.3;0.7;68.7;3.0;0.7;0.7;99.6;7.6;1.0;0.7;58.9;6.0;0.4;0.2;65.7;4.1;4.4;9.3;6.6000000000000005;6.1;73.22500000000001;Reprovado;5.933333333333334;75.73333333333333;5.200000000000001;8.523333333333335;0.82;0.15;0.03;89.5;Alto Risco
778;14;7;6.2;0.8;0.9;77.5;4.5;1.0;0.8;88.5;6.8;0.2;0.7;75.7;7.9;0.9;0.9;74.1;7.9;6.3;7.7;9.7;7.9;78.94999999999999;Aprovado;7.3;80.56666666666666;-0.2000000000000001;0.7600000000000006;0.115;0.125;0.76;17.75;Baixo Risco
779;14;7;6.0;0.4;0.8;52.5;4.2;0.9;1.0;60.5;6.7;0.8;0.1;90.7;6.2;0.5;0.8;98.4;7.2;6.1000000000000005;7.6;7.5;7.1;75.525;Aprovado;6.966666666666666;67.89999999999999;0.3999999999999994;0.6033333333333326;0.275;0.08;0.645;31.500000000000004;Baixo Risco
780;13;8;5.7;0.8;0.7;71.3;4.2;0.4;0.9;75.1;6.5;0.3;0.2;88.8;3.2;0.3;0.5;83.6;7.2;5.500000000000001;7.0;4.0;5.925000000000001;79.69999999999999;Recuperação;6.566666666666667;78.39999999999999;-0.2000000000000001;0.8633333333333325;0.105;0.885;0.01;54.75;Risco Moderado
781;11;9;4.2;0.8;0.1;91.6;3.3;0.0;0.6;61.7;4.0;0.1;0.3;89.4;6.6;0.1;0.7;57.7;5.1;3.9;4.4;7.399999999999999;5.199999999999999;75.10000000000001;Recuperação;4.466666666666667;80.9;-0.6999999999999993;0.3633333333333331;0.1;0.9;0.0;55.0;Risco Moderado
782;13;7;5.0;0.9;0.3;90.3;3.9;0.4;0.5;70.5;4.1;0.9;0.5;85.4;7.5;0.0;0.9;56.7;6.2;4.8;5.5;8.4;6.225;75.72500000000001;Recuperação;5.5;82.06666666666668;-0.7000000000000002;0.4900000000000002;0.07;0.93;0.0;53.5;Risco Moderado
783;14;6;6.0;0.9;0.3;61.2;5.8;0.8;0.0;89.0;6.4;0.3;0.1;62.7;7.0;0.5;0.1;60.2;7.2;6.6;6.8;7.6;7.050000000000001;68.27499999999999;Reprovado;6.866666666666667;70.96666666666665;-0.4000000000000003;0.0933333333333334;0.875;0.07;0.055;91.0;Alto Risco
784;14;9;5.5;0.4;0.2;61.3;4.5;0.7;0.2;88.6;4.1;0.7;0.1;93.1;5.9;0.1;0.3;88.3;6.1000000000000005;5.4;4.9;6.3;5.675;82.82499999999999;Recuperação;5.466666666666666;80.99999999999999;-1.2000000000000002;0.3633333333333334;0.1;0.9;0.0;55.0;Risco Moderado
785;12;7;7.9;0.3;0.5;90.9;5.1;0.5;0.5;61.4;5.2;0.6;0.9;94.7;6.4;0.4;0.5;64.8;8.700000000000001;6.1;6.7;7.300000000000001;7.2;77.95;Aprovado;7.166666666666667;82.33333333333333;-2.000000000000001;1.8533333333333355;0.08;0.115;0.805;13.75;Baixo Risco
786;11;7;3.7;0.6;0.5;96.5;4.9;0.1;0.6;96.1;6.9;0.5;0.8;59.7;8.0;0.6;0.8;51.1;4.8;5.6;8.200000000000001;9.4;7.0;75.85000000000001;Aprovado;6.2;84.10000000000001;3.400000000000001;3.160000000000003;0.065;0.315;0.62;22.25;Baixo Risco
787;13;6;6.5;0.4;0.4;54.8;7.4;0.4;0.6;79.6;6.9;0.5;0.2;56.5;3.5;0.3;0.0;97.2;7.300000000000001;8.4;7.6;3.8;6.775;72.02499999999999;Reprovado;7.766666666666667;63.633333333333326;0.2999999999999989;0.3233333333333333;0.955;0.015;0.03;96.25;Alto Risco
788;14;6;5.0;0.6;0.4;72.5;7.5;0.5;0.7;69.0;5.3;0.7;0.4;98.8;6.3;0.2;1.0;58.5;6.0;8.7;6.4;7.5;7.15;74.7;Reprovado;7.033333333333334;80.10000000000001;0.4000000000000003;2.123333333333332;0.7;0.2;0.1;80.0;Alto Risco
789;14;8;5.1;0.7;0.8;66.9;5.5;0.9;0.3;75.1;7.0;0.1;0.4;93.4;4.4;0.8;0.5;50.5;6.6;6.7;7.5;5.7;6.625;71.475;Reprovado;6.933333333333334;78.46666666666667;0.9000000000000004;0.2433333333333334;0.775;0.135;0.09;84.25;Alto Risco
790;13;9;6.6;0.7;0.8;93.5;4.7;0.6;0.6;80.3;7.2;0.7;0.8;94.7;6.2;0.9;0.4;61.9;8.1;5.9;8.700000000000001;7.500000000000001;7.550000000000001;82.6;Aprovado;7.566666666666667;89.5;0.6000000000000014;2.173333333333334;0.07;0.125;0.805;13.25;Baixo Risco
791;12;9;6.5;0.4;0.3;54.2;3.5;0.3;0.1;78.0;6.3;0.9;0.5;94.3;6.0;0.1;0.3;61.8;7.2;3.9;7.7;6.4;6.3;72.075;Reprovado;6.266666666666667;75.5;0.5;4.263333333333334;0.74;0.23;0.03;85.5;Alto Risco
792;14;8;8.0;0.2;0.9;60.6;7.8;0.5;0.4;74.3;4.1;0.1;0.1;77.1;3.8;0.2;0.2;71.1;9.1;8.700000000000001;4.299999999999999;4.2;6.575;70.775;Reprovado;7.366666666666667;70.66666666666667;-4.800000000000001;7.093333333333337;0.885;0.085;0.03;92.75;Alto Risco
793;11;9;3.6;0.4;1.0;87.6;3.3;0.1;0.8;75.2;4.4;0.1;0.7;82.3;4.0;1.0;0.8;96.0;5.0;4.2;5.2;5.8;5.05;85.275;Recuperação;4.8;81.7;0.2000000000000001;0.2799999999999999;0.07;0.93;0.0;53.5;Risco Moderado
794;14;9;3.5;0.1;0.3;52.6;4.5;1.0;0.7;58.8;4.6;0.7;0.4;77.3;6.1;0.0;1.0;94.0;3.9;6.2;5.7;7.1;5.725;70.675;Reprovado;5.266666666666667;62.9;1.8000000000000005;1.4633333333333336;0.94;0.035;0.025;95.75;Alto Risco
795;11;9;6.6;0.9;0.4;74.6;4.5;0.4;1.0;90.6;3.6;0.4;0.3;52.6;3.6;1.0;0.4;72.8;7.9;5.9;4.3;5.0;5.775;72.64999999999999;Reprovado;6.033333333333334;72.6;-3.6000000000000005;3.2533333333333343;0.83;0.15;0.02;90.5;Alto Risco
796;13;9;5.9;0.3;0.5;72.1;4.6;0.5;0.3;77.1;4.4;0.4;0.4;87.3;4.3;0.0;1.0;70.5;6.7;5.4;5.200000000000001;5.3;5.65;76.75;Recuperação;5.766666666666668;78.83333333333333;-1.4999999999999991;0.6633333333333328;0.115;0.865;0.02;54.75;Risco Moderado
797;11;9;4.4;0.2;0.9;66.7;3.8;0.4;0.5;56.6;4.0;0.1;0.5;75.3;7.2;0.9;0.8;77.8;5.500000000000001;4.7;4.6;8.9;5.925000000000001;69.10000000000001;Reprovado;4.933333333333334;66.2;-0.9000000000000012;0.2433333333333339;0.96;0.03;0.01;97.5;Alto Risco
798;13;6;3.4;0.0;0.9;69.7;6.9;0.7;0.3;88.3;5.3;0.5;0.3;82.4;4.6;0.3;0.5;62.2;4.3;7.9;6.1;5.4;5.924999999999999;75.65;Recuperação;6.099999999999999;80.13333333333334;1.7999999999999998;3.240000000000001;0.09;0.9;0.01;54.0;Risco Moderado
799;11;9;3.4;0.6;0.1;76.5;3.6;0.7;0.4;96.6;7.5;0.1;0.2;75.1;5.4;0.9;0.7;52.6;4.1;4.7;7.8;7.000000000000001;5.9;75.2;Recuperação;5.533333333333334;82.73333333333333;3.7;3.943333333333333;0.09;0.885;0.025;53.25;Risco Moderado
800;13;6;7.5;0.6;0.4;58.1;6.2;0.7;0.9;97.4;3.5;0.5;0.4;74.6;7.7;0.3;0.4;97.0;8.5;7.800000000000001;4.4;8.4;7.275;81.775;Aprovado;6.900000000000001;76.7;-4.1;4.81;0.165;0.14;0.695;23.5;Baixo Risco
