,prova_b1,prova_b2,prova_b3,trab1_b1,trab1_b2,trab1_b3,trab2_b1,trab2_b2,trab2_b3,freq_b1,freq_b2,freq_b3,idade,serie,media_nota_b1_b3,media_freq_b1_b3,slope_nota,var_nota,resultado_final
0,6.5,5.9,4.8,0.2,0.1,0.7,0.3,0.3,0.8,77.7,84.2,51.0,13,6,6.533333333333334,70.96666666666667,-0.7000000000000002,0.16333333333333344,0
1,3.8,7.0,3.7,0.3,0.1,0.7,0.1,0.3,0.3,75.2,94.1,88.6,14,7,5.433333333333333,85.96666666666665,0.5000000000000009,2.963333333333331,1
2,5.9,6.8,5.6,0.2,0.9,0.1,0.4,0.1,0.5,59.7,60.2,58.5,11,6,6.833333333333333,59.46666666666667,-0.3000000000000016,0.7233333333333333,0
3,6.0,3.8,3.6,0.4,0.2,0.9,0.3,0.7,1.0,92.9,93.7,52.2,13,6,5.633333333333333,79.60000000000001,-1.2000000000000002,1.0133333333333332,0
4,5.1,3.7,7.7,0.1,0.8,0.6,0.7,0.0,0.7,83.8,53.0,82.7,13,7,6.466666666666666,73.16666666666667,3.0999999999999996,5.303333333333333,2
5,6.7,4.3,3.9,0.5,0.5,0.4,0.6,0.6,0.8,91.9,94.4,88.7,14,9,6.099999999999999,91.66666666666667,-2.7,2.19,1
6,7.7,4.8,4.3,0.1,0.1,0.8,0.4,0.9,0.4,92.9,66.5,90.7,11,9,6.5,83.36666666666667,-2.6999999999999993,2.1899999999999986,1
7,7.6,5.0,5.0,0.8,1.0,0.3,0.2,0.9,0.8,87.4,65.7,74.7,11,6,7.2,75.93333333333334,-2.5,1.63,0
8,5.3,6.4,4.9,0.2,0.2,0.7,1.0,0.4,0.0,72.0,75.6,60.3,13,7,6.366666666666667,69.3,-0.8999999999999995,0.5033333333333335,0
9,3.6,3.3,7.0,0.5,0.9,0.0,0.5,0.5,0.1,80.5,97.0,86.9,12,6,5.466666666666666,88.13333333333333,2.5,2.003333333333333,1
10,7.9,3.2,5.3,0.9,0.2,0.8,0.7,0.1,0.2,58.0,52.4,85.0,13,8,6.433333333333334,65.13333333333334,-3.2,9.013333333333332,0
11,7.2,5.0,3.9,0.7,0.9,0.4,0.1,0.7,0.4,83.7,67.6,62.3,13,8,6.433333333333334,71.2,-3.3,2.743333333333333,0
12,3.6,6.5,4.3,0.5,0.0,0.6,0.5,0.8,0.8,59.0,92.8,95.2,13,6,5.866666666666666,82.33333333333333,1.0999999999999996,1.8433333333333335,1
13,7.6,4.0,5.5,0.3,0.5,0.2,0.0,0.2,0.3,84.7,69.8,55.2,13,9,6.199999999999999,69.89999999999999,-1.8999999999999986,2.5899999999999976,0
14,7.3,6.2,3.7,0.3,0.8,0.7,0.5,0.4,0.7,61.5,60.0,99.1,14,9,6.866666666666667,73.53333333333333,-2.999999999999999,2.463333333333332,0
15,5.6,4.3,6.1,0.7,0.9,0.8,1.0,0.8,0.7,55.9,71.2,93.0,11,6,6.966666666666666,73.36666666666666,0.2999999999999998,0.723333333333333,0
16,6.0,7.4,5.8,1.0,0.9,0.5,0.4,0.9,0.6,58.3,69.3,84.4,14,6,7.833333333333333,70.66666666666667,-0.5,1.463333333333332,2
17,5.0,7.5,6.6,0.7,0.8,0.6,0.0,0.2,0.4,50.1,95.8,96.9,14,8,7.266666666666666,80.93333333333334,1.8999999999999995,2.043333333333333,1
18,3.3,4.5,7.7,0.6,0.9,0.5,0.0,0.6,0.6,85.9,88.1,86.1,14,9,6.233333333333333,86.7,4.899999999999999,6.043333333333331,1
19,4.7,4.1,7.6,0.7,0.2,0.9,0.4,0.2,0.3,86.6,75.3,59.5,13,6,6.366666666666667,73.8,3.0,4.863333333333334,0
20,7.0,5.1,7.7,0.5,0.3,0.5,0.2,0.1,0.1,75.7,99.4,72.1,12,8,7.166666666666667,82.4,0.5999999999999988,2.173333333333334,1
21,3.0,4.2,4.2,0.1,0.3,0.8,0.0,0.9,1.0,58.1,73.3,53.6,11,9,4.833333333333333,61.666666666666664,2.9,2.3433333333333333,0
22,4.7,6.4,3.7,0.6,0.4,0.8,0.8,0.8,0.1,54.2,52.9,69.5,12,7,6.099999999999999,58.86666666666667,-1.5,2.25,0
23,5.0,7.1,4.5,1.0,0.4,0.4,0.5,0.8,0.1,51.0,63.1,87.1,14,8,6.6000000000000005,67.06666666666666,-1.5,2.7300000000000013,0
24,5.7,6.4,7.5,0.2,0.5,0.2,0.3,0.0,0.9,58.3,71.8,69.3,14,9,7.233333333333334,66.46666666666665,2.3999999999999995,1.5233333333333325,0
25,7.6,7.1,7.9,0.7,0.2,0.4,0.9,0.8,0.3,94.5,57.8,66.5,12,9,8.633333333333333,72.93333333333334,-0.5999999999999979,0.30333333333333307,0
26,4.7,5.0,7.3,0.2,0.7,0.8,0.1,0.4,0.7,62.1,97.4,79.8,12,8,6.633333333333333,79.76666666666667,3.799999999999999,3.8233333333333306,1
27,4.7,3.8,3.6,0.5,0.2,0.2,1.0,0.3,0.3,67.7,88.3,93.6,12,7,4.866666666666667,83.2,-2.0999999999999996,1.3433333333333333,1
28,6.7,6.7,7.7,0.1,0.3,0.5,0.3,0.5,0.4,55.3,63.4,52.4,14,8,7.733333333333333,57.03333333333333,1.5,0.6033333333333333,0
29,5.3,4.8,5.1,0.5,0.5,0.8,0.9,0.1,0.3,61.1,79.5,69.3,14,9,6.1000000000000005,69.96666666666665,-0.5000000000000009,0.4299999999999998,0
30,4.1,6.4,3.0,0.8,0.8,0.4,0.6,0.8,0.3,76.0,86.1,57.9,11,6,5.733333333333333,73.33333333333333,-1.799999999999999,4.663333333333333,0
31,5.3,4.4,5.2,0.3,0.7,0.6,0.8,0.6,0.4,80.4,97.1,84.8,11,6,6.1000000000000005,87.43333333333334,-0.20000000000000018,0.13000000000000006,1
32,3.7,3.4,3.2,0.7,0.6,0.2,1.0,0.2,0.7,62.3,94.1,55.3,14,8,4.566666666666667,70.56666666666666,-1.2999999999999998,0.5233333333333333,0
33,3.9,8.0,5.7,0.8,0.2,0.1,0.3,0.2,0.5,52.9,75.8,83.2,12,9,6.566666666666666,70.63333333333333,1.2999999999999998,2.9433333333333302,0
34,5.5,3.8,4.7,0.9,0.5,0.8,1.0,0.2,0.9,69.6,88.7,64.3,12,6,6.1000000000000005,74.2,-1.0,2.170000000000001,0
35,5.1,7.9,5.4,0.2,0.1,0.1,0.4,0.1,0.0,61.7,78.1,59.9,11,9,6.433333333333334,66.56666666666668,-0.20000000000000018,2.093333333333333,0
36,7.6,7.9,6.1,0.4,0.4,0.3,0.4,0.6,0.5,61.0,77.6,96.8,14,8,8.066666666666668,78.46666666666665,-1.5,1.0833333333333333,2
37,4.8,7.0,7.3,0.2,0.4,0.9,0.3,0.8,0.6,98.0,55.7,50.9,11,6,7.433333333333333,68.2,3.499999999999999,3.503333333333333,0
38,5.9,6.3,6.3,1.0,0.0,0.3,0.5,0.0,0.9,80.8,56.3,71.9,11,9,7.066666666666666,69.66666666666667,0.09999999999999964,0.4433333333333336,0
39,6.2,5.9,5.2,0.9,0.3,1.0,0.2,0.0,0.0,77.8,76.5,51.1,13,6,6.566666666666666,68.46666666666667,-1.1000000000000005,0.4033333333333337,0
40,3.1,7.3,7.1,0.5,1.0,1.0,0.6,0.6,0.6,70.8,63.4,74.2,13,8,7.266666666666667,69.46666666666665,4.499999999999999,7.063333333333333,2
41,6.3,4.4,7.5,0.8,1.0,0.3,0.5,0.8,0.9,71.4,51.1,75.1,13,9,7.5,65.86666666666666,1.0999999999999996,1.569999999999999,0
42,3.9,5.3,3.6,0.5,0.4,0.0,0.8,0.3,0.2,77.0,86.1,66.1,12,6,5.0,76.39999999999999,-1.4000000000000004,1.2400000000000002,1
43,7.8,6.1,5.7,0.6,0.0,0.7,0.8,0.3,0.9,84.8,51.6,56.6,14,8,7.633333333333333,64.33333333333333,-1.8999999999999986,2.0433333333333317,0
44,3.7,5.1,4.4,0.1,0.2,0.5,0.4,0.6,0.0,85.1,79.8,68.8,14,6,5.000000000000001,77.89999999999999,0.7000000000000002,0.7300000000000001,1
45,5.1,5.1,3.2,0.8,0.4,0.1,0.3,0.3,0.7,58.6,77.0,83.6,14,6,5.333333333333333,73.06666666666666,-2.1999999999999993,1.3733333333333326,0
46,3.4,4.7,6.3,0.1,0.9,0.7,0.3,0.0,0.9,75.0,98.4,89.1,14,7,5.766666666666667,87.5,4.1000000000000005,4.2233333333333345,1
47,8.0,5.8,7.3,0.8,0.1,0.0,0.2,0.7,0.7,70.6,74.2,76.5,13,7,7.866666666666667,73.76666666666667,-1.0,1.4533333333333338,2
48,5.5,7.3,3.8,0.8,0.8,0.9,0.1,0.6,0.4,93.5,53.2,79.5,12,8,6.733333333333333,75.39999999999999,-1.2999999999999998,3.3233333333333306,0
49,6.0,4.0,7.1,0.7,0.1,0.1,0.3,0.6,0.0,81.6,77.6,60.0,12,7,6.3,73.06666666666666,0.1999999999999993,1.9300000000000006,0
50,3.3,7.7,7.3,0.0,1.0,0.1,0.3,0.7,0.9,76.6,92.1,64.4,13,8,7.099999999999999,77.7,4.699999999999999,9.49,0
51,6.7,6.4,7.6,0.3,0.4,0.2,1.0,0.7,0.5,55.8,99.8,58.1,12,7,7.933333333333334,71.23333333333333,0.3000000000000007,0.16333333333333322,0
52,4.0,7.1,4.3,0.3,0.8,1.0,0.6,0.2,0.0,80.3,71.5,62.5,13,6,6.1000000000000005,71.43333333333334,0.39999999999999947,3.039999999999999,1
53,7.5,5.8,7.5,0.4,0.3,0.7,0.3,0.4,0.7,55.9,66.0,61.2,14,8,7.866666666666667,61.03333333333334,0.6999999999999975,1.5233333333333323,0
54,4.0,6.9,4.6,0.1,0.6,0.8,0.6,0.1,0.5,66.9,95.3,76.0,13,8,6.066666666666666,79.39999999999999,1.200000000000001,2.123333333333334,1
55,4.0,3.1,5.8,0.9,0.2,0.4,0.1,0.1,0.1,57.1,59.6,78.1,14,6,4.8999999999999995,64.93333333333334,1.2999999999999998,2.1099999999999994,0
56,3.2,7.1,3.3,0.6,0.1,0.3,0.4,0.7,0.2,84.6,80.8,97.2,14,8,5.3,87.53333333333332,-0.40000000000000036,5.109999999999996,1
57,5.4,3.2,3.2,0.3,0.9,0.2,0.6,0.9,0.1,60.3,70.3,59.8,11,8,4.933333333333334,63.46666666666666,-2.7999999999999994,1.9633333333333325,0
58,5.8,7.4,6.6,0.4,0.9,0.5,0.5,1.0,0.6,69.6,52.1,82.1,13,7,7.8999999999999995,67.93333333333332,0.9999999999999991,1.720000000000001,0
59,3.3,8.0,5.2,0.4,0.9,0.6,0.4,0.6,0.6,94.8,67.4,90.9,11,8,6.666666666666667,84.36666666666666,2.3000000000000007,7.343333333333335,1
60,6.9,4.5,4.3,0.6,0.6,0.6,1.0,0.2,0.5,60.2,63.3,78.0,13,9,6.400000000000001,67.16666666666667,-3.0999999999999996,3.3099999999999996,0
61,5.3,4.1,4.0,0.5,0.8,0.3,0.9,0.1,0.8,75.4,84.3,62.8,13,6,5.599999999999999,74.16666666666667,-1.6000000000000005,0.9100000000000009,1
62,5.6,6.8,6.3,0.9,0.1,0.9,0.6,0.8,0.9,71.0,97.4,63.1,11,7,7.633333333333333,77.16666666666667,1.0,0.2533333333333333,2
63,5.2,4.3,3.0,0.5,0.3,0.2,0.6,0.6,0.6,50.9,63.4,52.0,11,7,5.1000000000000005,55.43333333333334,-2.5,1.57,0
64,5.0,7.3,7.0,1.0,0.3,1.0,0.6,0.6,0.0,89.6,90.6,65.3,13,9,7.599999999999999,81.83333333333333,1.4000000000000004,0.76,2
65,5.8,3.5,3.4,0.9,0.6,0.0,0.2,0.8,0.7,53.5,52.8,87.2,12,6,5.3,64.5,-2.8000000000000007,2.080000000000001,0
66,3.8,3.6,4.0,0.2,0.4,0.5,0.4,0.7,0.4,73.7,76.9,52.4,14,6,4.666666666666667,67.66666666666667,0.5,0.06333333333333332,0
67,3.9,7.9,4.9,0.9,0.1,0.3,0.0,0.8,0.6,78.0,53.5,61.0,11,7,6.466666666666668,64.16666666666667,1.0,4.333333333333336,0
68,7.3,6.4,5.4,0.1,0.6,0.4,0.5,0.1,0.6,81.4,96.7,85.3,14,8,7.133333333333333,87.80000000000001,-1.4999999999999982,0.5633333333333319,2
69,7.7,7.2,4.8,0.8,0.8,0.6,0.5,0.7,0.4,84.4,88.3,89.1,12,7,7.833333333333333,87.26666666666665,-3.2,3.123333333333333,2
70,4.9,4.6,4.6,0.4,0.4,0.4,0.2,0.9,0.9,62.7,82.9,72.8,12,6,5.766666666666668,72.80000000000001,0.39999999999999947,0.05333333333333319,1
71,4.4,6.4,7.8,0.9,0.1,0.4,1.0,0.3,0.1,50.5,91.2,84.9,12,9,7.133333333333333,75.53333333333333,1.9999999999999982,1.0833333333333317,2
72,6.2,6.0,6.2,0.9,0.2,0.7,0.9,0.6,0.7,86.2,82.4,69.4,11,7,7.466666666666666,79.33333333333334,-0.40000000000000036,0.3733333333333334,2
73,5.0,6.0,3.1,0.8,0.2,0.7,0.7,0.3,0.0,76.8,98.4,58.0,12,6,5.6000000000000005,77.73333333333333,-2.7,2.43,0
74,3.1,6.4,5.2,0.8,0.3,0.8,0.5,1.0,0.9,91.8,85.7,69.9,11,7,6.333333333333333,82.46666666666667,2.5,2.963333333333333,1
75,3.8,5.9,7.4,0.3,0.6,0.2,0.9,0.0,0.1,91.1,96.2,79.0,12,8,6.3999999999999995,88.76666666666667,2.7,1.83,1
76,6.6,5.1,4.5,0.1,0.6,0.6,0.1,0.6,0.1,92.2,75.9,97.4,14,7,6.099999999999999,88.5,-1.5999999999999996,0.6699999999999997,1
77,6.3,4.4,3.5,0.4,0.7,0.6,0.8,0.2,0.3,74.3,55.9,53.4,14,7,5.733333333333334,61.199999999999996,-3.0999999999999996,2.5433333333333326,0
78,3.1,6.8,6.8,0.2,0.4,0.4,0.1,0.7,0.4,66.7,76.4,75.4,13,6,6.3,72.83333333333334,4.199999999999999,6.329999999999999,0
79,4.1,4.1,6.0,0.7,0.8,0.5,0.8,0.2,0.2,89.6,56.3,66.4,14,6,5.8,70.76666666666667,1.1000000000000005,0.6700000000000005,0
80,4.2,6.5,5.9,0.3,0.2,0.3,0.3,0.2,0.6,72.6,79.6,75.4,13,6,6.166666666666667,75.86666666666666,2.0,1.4033333333333338,1
81,6.4,4.2,3.3,1.0,0.5,0.1,0.9,0.5,0.4,59.2,74.1,51.2,14,7,5.766666666666667,61.5,-4.500000000000001,5.3033333333333355,0
82,3.1,6.1,3.7,0.6,0.8,0.2,0.9,0.9,0.0,92.7,81.1,65.7,11,8,5.433333333333334,79.83333333333333,-0.7000000000000006,4.323333333333332,1
83,3.5,6.7,6.1,0.8,0.2,0.1,0.1,0.2,0.3,94.1,50.5,91.0,14,9,6.0,78.53333333333333,2.0999999999999988,2.0099999999999993,1
84,7.0,4.1,4.0,0.1,0.1,0.7,0.5,0.1,0.8,73.3,59.7,77.7,13,9,5.8,70.23333333333333,-2.0999999999999996,2.790000000000001,0
85,3.9,3.3,5.5,0.9,0.9,0.7,1.0,0.8,0.7,53.8,74.6,72.5,13,6,5.900000000000001,66.96666666666665,1.1000000000000005,0.9100000000000004,0
86,6.3,3.7,5.7,0.9,0.3,1.0,0.5,0.5,0.7,69.4,97.5,64.3,12,6,6.533333333333334,77.06666666666666,-0.2999999999999998,3.123333333333334,0
87,4.2,6.0,4.4,0.5,0.7,0.7,0.9,0.9,0.7,90.2,69.2,64.9,11,7,6.333333333333333,74.76666666666667,0.20000000000000018,1.213333333333332,0
88,3.5,7.2,7.7,0.6,0.0,0.1,0.6,0.1,0.3,95.1,71.2,69.2,14,9,6.7,78.5,3.4000000000000004,3.1600000000000006,1
89,4.2,3.2,7.2,0.8,0.7,0.9,0.4,0.6,0.1,60.2,85.7,91.8,12,6,6.033333333333334,79.23333333333333,2.799999999999999,3.723333333333332,1
90,6.6,6.7,6.6,0.2,0.3,0.9,0.3,0.2,0.3,53.3,80.2,98.4,14,8,7.366666666666667,77.3,0.7000000000000002,0.1433333333333333,1
91,7.3,4.7,3.4,0.5,0.1,0.4,0.2,0.2,0.8,93.9,64.9,71.9,14,8,5.866666666666667,76.9,-3.4000000000000004,3.453333333333334,1
92,7.2,5.4,3.5,0.4,0.6,0.6,0.8,0.7,1.0,69.5,70.5,69.7,12,6,6.733333333333334,69.89999999999999,-3.3000000000000007,2.7233333333333345,0
93,5.0,7.6,5.5,0.1,0.2,1.0,0.4,0.6,0.5,77.1,60.9,92.3,12,6,6.966666666666666,76.76666666666667,1.5,2.103333333333334,1
94,6.3,4.7,3.8,0.4,0.4,0.5,0.5,0.8,0.0,98.4,98.3,71.3,12,9,5.800000000000001,89.33333333333333,-2.9000000000000004,2.1100000000000003,1
95,4.0,5.3,7.9,0.1,0.1,0.9,0.5,0.3,0.1,53.3,56.5,77.6,12,9,6.3999999999999995,62.46666666666666,4.300000000000001,4.990000000000002,0
96,4.5,3.1,3.8,0.0,0.1,0.1,0.6,0.4,0.3,82.4,68.6,61.5,12,7,4.3,70.83333333333333,-0.8999999999999995,0.5699999999999996,0
97,7.5,3.4,5.4,0.1,0.3,0.2,0.9,0.4,0.6,53.7,51.3,87.2,14,9,6.266666666666667,64.06666666666666,-2.3,4.843333333333334,0
98,3.1,4.3,4.8,1.0,0.1,0.4,1.0,1.0,0.1,68.8,61.1,76.6,12,8,5.266666666666667,68.83333333333333,0.20000000000000018,0.023333333333333435,1
99,3.4,3.1,6.2,0.5,0.9,0.6,0.4,0.3,0.9,90.2,89.0,90.5,11,8,5.433333333333334,89.89999999999999,3.4000000000000004,3.853333333333334,1
100,4.0,6.2,3.6,1.0,0.0,0.8,0.8,0.3,0.4,71.7,60.1,89.0,13,6,5.7,73.60000000000001,-0.9999999999999991,0.7299999999999993,1
101,3.1,5.1,5.2,0.4,0.5,1.0,0.8,0.4,0.9,99.9,54.0,60.8,12,9,5.800000000000001,71.56666666666666,2.8000000000000007,1.9900000000000009,0
102,3.9,5.7,4.4,0.3,0.1,0.4,0.6,0.6,0.8,78.0,73.7,85.8,12,7,5.6000000000000005,79.16666666666667,0.8000000000000007,0.6400000000000003,0
103,5.9,3.9,7.4,0.5,0.3,0.0,1.0,0.3,0.8,66.1,50.5,90.0,14,8,6.7,68.86666666666666,0.8000000000000007,3.790000000000002,0
104,5.1,4.5,3.2,0.4,0.9,0.8,0.2,0.9,0.6,61.0,54.2,67.3,12,8,5.533333333333334,60.833333333333336,-1.1000000000000005,0.7433333333333343,0
105,7.5,6.3,7.6,0.1,0.2,0.6,0.1,0.3,0.6,67.5,90.4,58.6,12,7,7.766666666666666,72.16666666666667,1.0999999999999996,1.0033333333333325,0
106,7.1,7.8,7.2,0.6,1.0,0.2,0.9,0.9,0.6,68.6,88.6,50.1,12,7,8.766666666666666,69.1,-0.5999999999999996,0.7433333333333327,0
107,4.7,3.3,4.5,0.2,0.2,0.5,0.4,0.1,0.6,53.4,95.8,72.5,14,8,4.833333333333333,73.89999999999999,0.29999999999999893,1.1633333333333333,1
108,4.3,7.5,6.9,0.6,0.7,0.7,0.8,0.7,0.6,68.5,92.7,67.6,12,8,7.599999999999999,76.26666666666667,2.5000000000000018,2.83,2
109,4.9,5.9,3.2,0.7,0.5,0.8,0.9,0.9,1.0,73.2,84.2,77.7,13,7,6.266666666666667,78.36666666666667,-1.5000000000000009,1.3633333333333342,1
110,6.0,5.8,7.8,0.2,0.9,0.5,0.1,0.2,0.7,86.1,52.6,59.4,14,8,7.3999999999999995,66.03333333333333,2.7,2.0100000000000002,0
111,4.3,5.5,5.6,0.1,0.6,0.3,0.9,1.0,0.8,82.8,89.1,93.0,13,6,6.366666666666666,88.3,1.3999999999999995,0.8933333333333331,1
112,6.1,3.3,4.5,0.8,0.5,1.0,0.4,0.5,0.9,85.4,92.3,62.9,14,6,6.0,80.2,-0.8999999999999995,2.37,1
113,5.0,3.4,4.8,0.5,0.2,0.7,0.5,0.9,0.2,50.4,90.0,61.3,12,7,5.3999999999999995,67.23333333333333,-0.2999999999999998,0.6300000000000001,0
114,5.8,6.0,3.3,0.1,0.2,0.4,0.6,0.7,0.1,60.9,75.4,74.0,13,9,5.733333333333333,70.10000000000001,-2.6999999999999993,2.8433333333333333,1
115,5.2,4.7,7.9,1.0,0.9,0.3,0.9,0.3,0.5,83.1,61.6,74.9,14,7,7.233333333333334,73.2,1.6000000000000005,1.9733333333333345,0
116,4.5,7.6,3.2,0.1,0.3,0.7,0.0,0.2,0.5,74.2,92.3,60.8,11,7,5.7,75.76666666666667,-0.1999999999999993,4.329999999999998,0
117,7.7,5.0,6.3,0.7,0.4,0.2,0.5,0.3,0.8,50.3,86.4,63.6,12,9,7.300000000000001,66.76666666666667,-1.6000000000000005,2.5600000000000005,0
118,6.8,3.7,5.2,1.0,0.8,0.2,0.7,0.1,0.4,90.2,99.0,58.5,14,9,6.3,82.56666666666666,-2.6999999999999993,3.99,1
119,3.7,6.6,7.7,0.2,0.3,0.5,0.7,0.1,0.6,88.6,57.8,85.9,11,9,6.8,77.43333333333332,4.199999999999998,4.439999999999997,2
120,7.3,4.5,4.2,0.1,1.0,0.3,0.7,0.1,0.5,77.4,61.3,88.5,14,6,6.233333333333333,75.73333333333333,-3.0999999999999996,2.703333333333333,1
121,5.4,5.6,5.7,0.1,0.7,0.6,0.1,0.4,0.0,53.3,60.6,73.1,11,8,6.2,62.333333333333336,0.7000000000000002,0.3100000000000003,0
122,7.5,6.5,5.4,0.3,0.6,0.1,0.3,0.8,0.6,88.3,89.6,85.7,12,6,7.366666666666666,87.86666666666666,-2.0,1.213333333333333,2
123,7.0,7.5,6.5,0.1,0.9,0.7,0.4,0.1,0.8,79.2,59.3,86.8,13,8,8.0,75.10000000000001,0.5,0.25,2
124,5.1,7.0,3.3,0.7,0.0,0.3,0.8,0.1,0.2,89.1,53.3,56.9,11,6,5.833333333333333,66.43333333333332,-2.8,3.163333333333333,0
125,3.1,6.4,4.0,0.1,0.3,0.0,0.3,0.6,0.6,87.6,99.9,98.3,14,8,5.133333333333334,95.26666666666667,1.0999999999999996,3.8233333333333333,1
126,4.3,6.4,4.1,0.5,0.5,0.1,0.2,0.2,0.6,90.2,51.2,91.1,12,6,5.633333333333333,77.5,-0.20000000000000107,1.6233333333333348,1
127,5.7,7.7,6.7,1.0,0.2,0.9,1.0,0.1,0.2,75.9,91.8,60.2,11,9,7.833333333333333,75.96666666666665,0.10000000000000053,0.023333333333333286,2
128,6.2,4.5,3.9,0.8,0.7,0.9,0.0,0.2,0.1,57.0,68.3,59.3,14,7,5.766666666666667,61.53333333333333,-2.0999999999999996,1.203333333333333,0
129,4.3,3.0,5.9,0.6,0.9,0.2,1.0,0.9,1.0,83.6,92.1,56.3,14,6,5.933333333333334,77.33333333333333,1.2000000000000002,1.3233333333333341,1
130,3.7,4.4,4.1,0.3,0.4,0.8,0.7,0.8,0.4,81.0,77.7,56.9,14,8,5.2,71.86666666666666,0.5999999999999996,0.2100000000000001,0
131,7.2,4.1,7.3,0.6,0.3,0.6,0.8,0.4,0.2,87.1,95.1,87.4,11,9,7.166666666666667,89.86666666666667,-0.5,4.263333333333334,2
132,7.9,6.3,7.7,0.5,1.0,1.0,0.3,0.7,0.2,58.5,96.3,73.5,11,6,8.533333333333333,76.10000000000001,0.1999999999999975,0.223333333333333,2
133,5.6,6.2,5.6,0.4,0.4,0.4,0.0,0.5,0.7,59.7,50.5,89.1,11,6,6.6000000000000005,66.43333333333334,0.7000000000000002,0.3100000000000003,0
134,3.9,6.0,4.8,0.1,0.5,0.7,0.7,0.7,0.6,94.5,53.8,87.3,13,9,6.0,78.53333333333335,1.3999999999999995,1.5699999999999998,1
135,4.4,3.1,4.2,0.9,0.4,0.1,0.8,0.7,0.6,87.5,62.5,80.2,11,6,5.066666666666667,76.73333333333333,-1.2000000000000002,0.9233333333333337,1
136,3.1,6.6,3.2,0.4,0.9,0.4,0.7,0.6,0.1,95.4,83.5,84.3,11,7,5.333333333333333,87.73333333333333,-0.5,5.803333333333331,1
137,7.6,4.6,4.3,0.2,0.6,1.0,0.1,0.3,0.9,87.9,94.4,50.9,11,6,6.533333333333332,77.73333333333333,-1.6999999999999984,1.5233333333333323,0
138,3.6,6.3,6.3,0.4,0.8,0.5,0.8,0.0,0.4,79.9,73.0,65.6,13,7,6.366666666666666,72.83333333333333,2.4000000000000004,1.8433333333333335,0
139,5.9,5.8,5.7,0.4,0.8,0.3,0.8,0.5,0.3,82.7,80.3,81.9,11,7,6.833333333333333,81.63333333333334,-0.8000000000000007,0.21333333333333349,1
140,4.4,4.7,7.7,0.8,0.3,0.1,0.7,0.9,0.5,94.5,59.4,50.5,14,9,6.7,68.13333333333334,2.4000000000000004,1.9200000000000006,0
141,5.8,3.7,5.0,0.7,0.4,0.7,0.8,0.6,0.4,78.9,90.2,51.6,11,6,6.033333333333334,73.56666666666668,-1.1999999999999993,1.693333333333333,1
142,6.3,3.5,6.5,0.8,0.8,0.6,0.8,0.8,0.9,81.6,98.4,92.6,14,9,7.0,90.86666666666667,0.10000000000000142,2.709999999999999,2
143,7.1,7.2,5.4,0.0,0.4,0.4,0.6,1.0,0.9,57.8,63.4,84.2,14,6,7.666666666666667,68.46666666666665,-0.9999999999999982,0.9033333333333335,0
144,4.0,7.6,5.6,0.4,0.8,1.0,0.1,0.2,0.3,73.7,74.7,63.3,14,6,6.666666666666667,70.56666666666666,2.4000000000000004,4.243333333333332,0
145,3.1,6.2,4.3,0.5,0.9,0.0,0.5,0.7,0.9,85.8,54.3,84.4,13,8,5.7,74.83333333333333,1.1000000000000005,3.610000000000002,0
146,3.7,3.5,5.3,0.0,0.6,0.3,0.1,0.7,0.8,63.5,78.0,89.6,13,6,5.0,77.03333333333333,2.6000000000000005,1.7200000000000006,1
147,7.5,5.0,5.4,0.3,0.7,0.9,0.4,1.0,0.9,60.1,75.1,65.3,13,9,7.366666666666667,66.83333333333333,-0.9999999999999982,0.5833333333333325,0
148,7.4,6.6,6.5,0.8,0.8,0.3,0.4,1.0,0.2,65.7,57.2,51.8,11,7,8.0,58.23333333333333,-1.6000000000000014,0.7600000000000002,0
149,6.0,6.9,7.7,0.1,0.8,0.3,0.1,0.7,0.6,62.1,72.1,96.6,14,6,7.733333333333333,76.93333333333332,2.4000000000000004,1.7733333333333343,0
150,6.0,3.6,4.6,0.5,0.4,0.5,0.3,0.2,0.3,60.7,66.7,67.3,13,8,5.466666666666666,64.89999999999999,-1.3999999999999995,1.693333333333333,0
151,6.3,3.0,3.2,0.2,0.1,0.8,0.1,0.8,0.8,71.2,76.1,55.3,13,9,5.1000000000000005,67.53333333333335,-1.7999999999999998,1.8899999999999995,0
152,3.9,6.6,5.5,0.0,0.4,0.1,0.8,0.1,0.0,95.4,79.3,74.6,11,6,5.8,83.1,0.8999999999999995,1.4699999999999993,1
153,7.6,4.8,5.7,0.2,0.7,0.9,0.9,0.8,0.6,75.4,50.4,88.4,13,9,7.3999999999999995,71.4,-1.4999999999999991,1.469999999999999,0
154,5.1,4.3,3.8,1.0,0.5,0.8,0.1,0.9,0.3,59.4,88.1,61.1,11,8,5.599999999999999,69.53333333333333,-1.299999999999999,0.4299999999999994,0
155,4.9,3.1,6.8,0.8,0.7,0.2,1.0,0.4,0.3,53.8,85.7,63.5,12,8,6.066666666666666,67.66666666666667,0.5999999999999996,2.703333333333333,0
156,5.6,5.7,7.9,1.0,0.4,0.7,0.5,0.6,0.6,84.8,68.3,62.1,13,9,7.666666666666667,71.73333333333333,2.0999999999999996,1.8033333333333321,1
157,3.2,7.3,7.7,0.5,0.6,0.4,0.3,0.4,0.9,69.1,52.6,99.6,12,6,7.099999999999999,73.76666666666667,5.0,7.329999999999999,2
158,3.8,7.8,4.0,0.1,0.2,0.4,0.1,0.4,0.6,91.1,87.7,59.9,11,7,5.8,79.56666666666668,1.0,5.32,1
159,6.7,5.8,7.4,0.5,0.7,0.8,0.5,0.3,0.9,83.0,97.8,78.8,14,8,7.866666666666667,86.53333333333335,1.3999999999999995,1.343333333333333,2
160,3.4,5.6,6.5,0.5,0.5,1.0,0.8,0.8,0.3,89.8,62.0,96.3,13,6,6.466666666666668,82.7,3.0999999999999996,2.543333333333333,0
161,6.0,3.4,5.3,0.8,0.2,0.1,0.7,0.9,0.5,63.6,66.2,57.3,11,6,5.966666666666666,62.366666666666674,-1.5999999999999996,2.2533333333333334,0
162,4.2,5.7,5.7,0.1,0.3,0.4,0.1,0.9,0.5,84.6,59.2,98.5,14,7,5.966666666666668,80.76666666666667,2.2,1.8633333333333337,1
163,4.9,4.9,7.2,0.5,0.7,0.5,0.1,0.2,0.0,63.2,78.8,97.4,14,8,6.333333333333333,79.8,2.2,1.4233333333333333,0
164,4.4,6.0,5.4,0.2,0.5,0.4,0.4,0.9,0.6,97.0,57.7,94.2,12,8,6.266666666666668,82.96666666666665,1.3999999999999995,1.4533333333333327,1
165,4.8,4.9,4.9,0.3,0.2,0.4,0.3,0.7,0.7,81.8,67.8,60.7,11,6,5.733333333333334,70.10000000000001,0.6000000000000005,0.0933333333333335,0
166,6.6,4.2,5.5,0.7,1.0,0.1,0.2,0.3,0.6,66.2,84.9,81.7,14,6,6.3999999999999995,77.60000000000001,-1.3000000000000007,1.03,1
167,4.5,3.5,5.9,0.5,0.7,0.7,0.3,0.1,0.7,63.5,78.0,88.0,13,7,5.633333333333333,76.5,2.000000000000001,2.333333333333335,1
168,5.8,4.6,3.9,0.4,1.0,0.4,0.8,0.3,0.6,59.5,69.3,99.3,13,7,5.933333333333334,76.03333333333335,-2.0999999999999996,1.103333333333333,1
169,5.4,3.5,7.5,0.4,0.4,0.2,0.9,0.9,0.1,84.7,71.0,59.0,12,8,6.433333333333334,71.56666666666666,1.0999999999999988,2.3033333333333337,0
170,6.3,3.9,6.4,0.5,0.5,0.8,0.4,0.6,0.1,60.9,78.1,88.3,14,9,6.5,75.76666666666667,0.09999999999999964,1.69,1
171,7.7,7.9,6.2,0.8,0.9,0.8,0.9,0.7,0.6,79.8,50.3,66.9,11,8,8.833333333333334,65.66666666666667,-1.8000000000000007,1.143333333333334,0
172,6.7,5.2,3.5,0.9,0.5,0.5,0.3,0.3,0.3,63.2,53.9,58.8,13,6,6.066666666666666,58.633333333333326,-3.6000000000000005,3.243333333333334,0
173,4.1,5.7,6.0,1.0,0.7,0.3,0.5,0.7,0.1,83.1,94.1,71.1,14,8,6.366666666666667,82.76666666666667,0.8000000000000007,0.563333333333334,1
174,3.2,7.4,3.6,0.8,0.3,0.6,0.2,0.0,0.4,90.7,53.9,89.7,14,9,5.5,78.10000000000001,0.40000000000000036,3.6699999999999995,1
175,4.3,8.0,3.4,0.3,0.4,0.3,0.6,0.4,0.6,88.9,85.3,73.2,12,7,6.1000000000000005,82.46666666666665,-0.8999999999999995,5.670000000000003,1
176,6.0,5.9,5.6,0.7,0.1,0.2,1.0,0.6,0.3,88.0,96.0,76.9,13,9,6.8,86.96666666666665,-1.6000000000000005,0.6700000000000005,2
177,3.3,7.1,5.0,0.4,0.2,0.7,0.6,0.1,0.7,59.4,63.5,99.8,13,9,6.033333333333334,74.23333333333333,2.1000000000000005,2.503333333333332,0
178,5.5,4.6,5.9,0.3,0.0,0.0,0.4,0.8,0.6,54.4,68.5,70.0,11,9,6.033333333333334,64.3,0.2999999999999998,0.32333333333333314,0
179,6.0,4.5,3.4,0.8,0.0,0.1,0.6,0.2,0.3,84.9,78.4,80.8,13,7,5.3,81.36666666666667,-3.5999999999999988,3.509999999999997,1
180,4.7,5.0,5.2,0.0,1.0,0.0,0.1,0.7,0.8,68.4,94.1,68.3,11,9,5.833333333333333,76.93333333333334,1.2000000000000002,0.9233333333333337,0
181,6.9,6.4,3.9,0.9,0.2,0.2,0.9,0.4,0.6,71.6,97.1,69.6,13,9,6.800000000000001,79.43333333333332,-4.000000000000002,4.030000000000004,2
182,3.5,6.4,7.9,0.5,0.7,0.1,0.5,0.6,0.6,51.6,87.0,84.8,12,9,6.933333333333333,74.46666666666665,4.1,4.643333333333333,0
183,3.4,4.6,5.8,0.6,0.8,1.0,0.4,0.1,0.6,63.0,54.3,96.9,13,6,5.766666666666666,71.39999999999999,2.9999999999999982,2.3033333333333306,1
184,6.6,3.7,6.4,0.7,0.6,0.3,0.6,0.0,0.0,51.7,83.5,77.1,11,9,6.3,70.76666666666667,-1.1999999999999984,3.359999999999998,0
185,5.5,6.2,4.6,0.9,0.2,0.1,0.6,0.9,0.7,94.0,70.5,88.4,11,7,6.566666666666667,84.3,-1.5999999999999996,1.0433333333333334,1
186,6.4,3.6,3.5,0.6,0.7,0.2,0.1,0.3,0.4,62.2,73.5,54.5,12,9,5.266666666666667,63.4,-2.999999999999999,2.583333333333332,0
187,5.2,5.9,7.9,0.6,0.6,0.9,0.7,0.8,0.9,77.9,52.5,60.6,13,9,7.833333333333333,63.666666666666664,3.1999999999999993,2.773333333333332,0
188,4.2,6.5,4.4,0.1,0.7,0.5,0.2,1.0,0.8,51.9,59.6,75.1,13,7,6.133333333333333,62.199999999999996,1.2000000000000002,3.5633333333333317,0
189,7.1,6.5,5.1,0.5,0.8,0.4,0.7,0.2,0.6,83.3,89.5,51.0,12,9,7.3,74.60000000000001,-2.1999999999999993,1.2399999999999993,0
190,7.0,6.8,6.2,0.2,1.0,0.9,0.8,0.3,0.3,66.2,72.7,62.6,13,7,7.833333333333333,67.16666666666667,-0.5999999999999996,0.1433333333333331,0
191,6.5,7.4,3.1,0.7,0.6,0.4,0.8,0.7,0.2,94.9,65.1,75.9,13,9,6.8,78.63333333333334,-4.3,7.329999999999998,1
192,4.4,5.5,7.1,0.5,0.3,0.3,0.6,1.0,0.3,94.4,69.2,50.7,11,7,6.666666666666667,71.43333333333334,2.1999999999999993,1.2233333333333327,0
193,6.0,6.7,5.7,0.7,0.6,0.2,0.5,0.9,0.5,66.3,92.7,63.2,13,9,7.266666666666666,74.06666666666666,-0.7999999999999998,0.8133333333333324,0
194,4.8,6.1,4.4,0.0,0.1,0.4,0.1,0.5,0.3,95.0,87.4,75.7,13,9,5.566666666666666,86.03333333333335,0.20000000000000018,0.973333333333332,1
195,3.5,3.9,3.3,0.1,0.9,0.3,0.8,0.8,0.5,99.8,63.6,78.7,12,6,4.7,80.7,-0.3000000000000007,0.6299999999999998,1
196,7.6,3.1,3.8,0.7,0.1,0.7,0.3,0.1,0.2,91.3,55.9,96.3,12,6,5.533333333333334,81.16666666666667,-3.8999999999999995,7.543333333333332,1
197,3.7,4.4,7.5,0.1,0.3,0.3,0.5,1.0,1.0,92.2,62.6,82.3,14,9,6.266666666666667,79.03333333333335,4.5,5.303333333333334,1
198,7.8,5.2,6.4,0.1,0.8,0.6,0.3,1.0,0.1,62.5,96.0,70.7,11,9,7.433333333333333,76.39999999999999,-1.0999999999999996,0.4433333333333329,0
199,5.2,6.1,4.2,0.0,0.6,0.1,0.1,0.2,0.9,78.8,79.1,96.5,13,8,5.8,84.8,-0.09999999999999964,0.9100000000000004,1
200,3.9,7.2,3.3,1.0,0.4,0.2,0.6,0.3,0.9,53.4,76.7,89.2,13,7,5.933333333333334,73.10000000000001,-1.0999999999999996,3.2033333333333336,1
201,5.7,4.0,6.5,0.7,0.5,0.4,0.1,0.1,0.5,54.7,79.8,60.0,14,8,6.166666666666667,64.83333333333333,0.9000000000000004,2.0433333333333343,0
202,7.4,3.6,5.9,0.4,0.9,0.9,0.7,0.3,0.7,99.9,68.3,56.5,13,6,6.933333333333334,74.89999999999999,-0.9999999999999991,3.663333333333334,2
203,6.7,7.8,5.0,0.3,0.3,0.4,0.3,0.8,0.4,66.3,90.4,83.8,11,6,7.333333333333333,80.16666666666667,-1.4999999999999991,2.403333333333333,2
204,7.0,3.5,4.8,0.3,0.9,0.7,0.0,0.4,0.6,87.4,76.2,78.0,14,6,6.066666666666667,80.53333333333335,-1.2000000000000002,1.5633333333333321,0
205,6.3,5.4,4.1,0.8,0.1,0.3,0.5,0.1,0.3,90.3,55.8,89.5,11,6,5.966666666666666,78.53333333333333,-2.9000000000000004,2.203333333333334,1
206,6.5,5.9,6.3,0.7,0.8,0.1,0.0,0.3,0.3,92.9,56.5,86.9,14,9,6.966666666666666,78.76666666666667,-0.5000000000000009,0.06333333333333356,2
207,7.2,5.7,7.9,0.2,0.8,0.1,0.3,1.0,0.6,99.9,76.8,81.3,14,6,7.933333333333333,86.0,0.8999999999999995,0.34333333333333305,2
208,4.2,3.4,3.9,0.2,0.2,0.3,0.7,0.6,0.5,62.1,96.8,99.3,12,9,4.666666666666667,86.06666666666666,-0.40000000000000036,0.2033333333333335,1
209,5.4,3.3,6.0,0.1,0.4,0.2,0.1,0.4,0.6,52.0,65.4,76.7,11,9,5.5,64.7,1.2000000000000002,1.8300000000000003,0
210,4.1,3.5,5.1,0.7,0.2,0.2,0.8,0.2,0.3,70.6,93.5,55.7,13,6,5.033333333333333,73.26666666666667,0.0,0.963333333333333,0
211,7.9,5.9,5.2,0.8,0.7,0.8,0.0,1.0,0.4,56.5,88.2,91.4,13,6,7.566666666666667,78.7,-2.3000000000000007,1.3233333333333341,2
212,7.7,5.7,4.3,0.3,0.5,0.0,0.2,0.8,0.1,51.1,62.4,62.6,11,7,6.533333333333334,58.699999999999996,-3.799999999999999,3.7733333333333317,0
213,3.2,4.2,7.1,0.0,0.6,0.6,0.7,0.3,0.1,68.0,51.8,88.9,13,8,5.599999999999999,69.56666666666666,3.899999999999999,3.989999999999998,0
214,6.5,6.2,5.4,0.1,0.2,0.4,0.3,0.1,0.3,89.2,55.1,97.9,13,6,6.5,80.73333333333333,-0.7999999999999998,0.15999999999999992,1
215,7.6,7.1,5.7,1.0,0.2,0.5,0.1,0.1,0.1,78.3,86.4,84.8,11,7,7.466666666666666,83.16666666666667,-2.3999999999999995,1.443333333333333,2
216,3.9,3.2,4.5,0.3,0.0,0.6,0.4,0.1,0.1,65.6,60.0,79.8,14,7,4.366666666666666,68.46666666666665,0.5999999999999988,0.9433333333333326,0
217,5.8,5.5,3.9,0.8,0.3,0.3,0.3,0.6,0.8,82.7,68.6,73.0,11,8,6.1000000000000005,74.76666666666667,-1.9000000000000004,0.9700000000000003,1
218,7.6,6.4,3.4,0.6,0.6,0.3,0.8,0.9,0.0,61.6,75.1,68.2,14,9,6.866666666666666,68.3,-5.3,7.823333333333332,0
219,3.2,4.3,6.6,0.4,0.9,0.7,0.3,0.5,0.7,50.7,86.3,67.7,13,6,5.866666666666667,68.23333333333333,4.1,4.223333333333334,1
220,6.5,4.5,4.0,0.2,0.7,0.9,0.8,0.8,0.3,88.2,55.7,81.8,13,8,6.233333333333333,75.23333333333333,-2.3,1.3633333333333333,1
221,4.5,6.1,6.5,0.1,0.4,0.2,0.9,0.4,0.9,81.2,70.3,87.6,13,6,6.666666666666667,79.7,2.0999999999999996,1.143333333333333,1
222,7.6,7.5,5.0,0.6,1.0,0.1,0.4,0.7,0.5,88.1,74.3,83.9,12,7,7.8,82.1,-3.0,3.7199999999999993,2
223,7.9,7.0,5.1,0.8,0.7,0.9,0.9,0.7,0.3,51.9,77.0,59.9,14,7,8.1,62.93333333333334,-3.3,2.79,0
224,7.7,5.9,5.3,0.6,0.9,0.3,0.4,0.2,0.5,91.9,90.9,74.7,12,9,7.266666666666668,85.83333333333333,-2.6000000000000014,1.7433333333333352,2
225,5.4,6.7,4.8,0.5,0.5,0.6,1.0,0.4,0.4,81.0,58.6,89.6,12,7,6.766666666666667,76.39999999999999,-1.1000000000000005,0.8233333333333333,0
226,7.3,4.8,3.5,0.0,0.3,0.4,0.1,0.6,0.6,78.2,90.4,73.8,11,7,5.866666666666666,80.80000000000001,-2.8999999999999986,2.1233333333333313,0
227,7.2,6.2,4.5,1.0,0.1,0.1,0.7,0.1,0.1,81.2,84.6,76.8,12,8,6.666666666666667,80.86666666666667,-4.199999999999999,4.463333333333331,1
228,4.6,5.3,6.3,0.8,0.7,0.6,0.5,0.4,1.0,93.2,77.8,88.6,11,6,6.733333333333333,86.53333333333335,1.9999999999999982,1.0833333333333313,1
229,7.1,3.9,6.3,0.3,0.1,0.5,0.4,0.5,0.4,79.3,85.0,83.1,11,6,6.5,82.46666666666667,-0.5999999999999996,3.09,1
230,3.2,6.5,4.4,1.0,0.3,0.2,0.6,1.0,0.3,79.0,70.6,70.5,12,8,5.833333333333333,73.36666666666666,0.10000000000000053,2.903333333333333,0
231,6.0,5.8,5.3,0.6,0.5,0.5,0.7,0.5,0.7,99.5,56.9,94.8,14,9,6.866666666666667,83.73333333333333,-0.7999999999999998,0.16333333333333327,2
232,4.2,4.8,4.0,0.6,0.6,0.8,0.0,0.8,0.4,87.8,83.3,58.1,14,6,5.3999999999999995,76.39999999999999,0.40000000000000036,0.5199999999999996,1
233,3.6,7.6,4.1,0.7,0.6,0.6,0.2,0.4,0.8,72.1,76.2,99.8,14,7,6.199999999999999,82.7,0.9999999999999991,4.569999999999999,1
234,3.4,3.1,3.1,0.8,0.2,0.1,0.7,0.8,0.5,85.4,82.0,55.9,14,6,4.233333333333333,74.43333333333334,-1.2000000000000002,0.3733333333333334,0
235,6.5,4.6,7.5,0.7,0.4,0.5,0.7,0.6,0.7,69.5,66.9,50.7,14,7,7.3999999999999995,62.366666666666674,0.7999999999999989,2.59,0
236,4.7,3.3,4.1,0.1,0.6,0.7,1.0,0.9,0.1,61.4,95.3,94.5,12,9,5.166666666666667,83.73333333333333,-0.8999999999999995,0.30333333333333323,1
237,6.6,6.8,4.1,0.3,1.0,0.8,0.8,0.4,0.8,79.8,79.4,62.2,12,8,7.199999999999999,73.8,-2.0,1.75,0
238,3.3,6.5,4.4,0.9,0.7,0.6,1.0,0.6,0.7,96.4,54.3,86.5,13,6,6.233333333333333,79.06666666666666,0.5,1.9033333333333329,1
239,4.6,4.7,3.6,0.2,0.9,0.2,0.7,0.6,0.2,96.5,72.5,90.6,14,8,5.233333333333333,86.53333333333335,-1.5,1.2633333333333336,1
240,5.7,6.4,6.2,0.4,0.8,0.7,0.3,0.4,0.1,67.1,87.8,92.9,12,6,7.0,82.6,0.5999999999999996,0.3599999999999996,1
241,7.0,5.0,3.4,0.4,0.6,0.7,0.1,0.1,0.3,76.4,89.7,99.6,13,7,5.866666666666667,88.56666666666668,-3.0999999999999996,2.423333333333333,1
242,4.6,6.8,3.7,0.4,0.2,0.0,0.8,0.1,1.0,60.6,74.7,64.7,14,8,5.866666666666666,66.66666666666667,-1.0999999999999996,1.443333333333333,0
243,6.1,5.3,6.2,0.6,0.7,0.4,0.6,0.0,0.3,99.8,94.7,85.5,11,6,6.733333333333333,93.33333333333333,-0.3999999999999986,0.4433333333333328,2
244,7.4,5.1,4.7,0.9,0.6,0.3,0.0,0.9,0.5,99.1,63.4,55.8,13,7,6.8,72.76666666666667,-2.8000000000000007,1.990000000000001,0
245,6.1,7.7,6.5,0.2,0.6,0.7,0.4,0.2,0.0,82.5,70.5,70.3,12,8,7.466666666666666,74.43333333333334,0.5,0.8633333333333331,1
246,4.2,4.3,5.8,0.1,0.5,0.2,1.0,0.2,0.4,90.2,94.9,92.4,11,8,5.566666666666667,92.5,1.1000000000000005,0.5433333333333337,1
247,3.1,3.6,4.3,0.2,0.5,0.6,0.5,0.7,0.6,85.8,94.8,68.4,11,6,4.699999999999999,83.0,1.6999999999999993,0.7299999999999994,1
248,7.4,5.9,6.3,0.9,0.3,0.9,0.4,0.3,1.0,79.7,84.3,79.6,11,6,7.8,81.2,-0.5000000000000018,1.3300000000000007,2
249,3.1,7.8,3.6,0.6,0.5,0.8,0.5,0.5,0.5,52.7,92.9,75.2,13,6,5.966666666666666,73.60000000000001,0.7000000000000002,6.143333333333334,0
250,7.4,4.9,5.7,0.3,0.2,0.9,0.2,0.2,0.8,72.7,54.4,82.3,12,7,6.866666666666667,69.8,-0.5,1.9033333333333329,2
251,5.6,3.3,5.2,0.8,0.8,1.0,0.4,1.0,0.5,83.7,93.2,98.6,11,6,6.199999999999999,91.83333333333333,-0.09999999999999964,0.9100000000000004,1
252,7.7,4.7,4.3,0.9,0.2,0.0,0.4,0.9,0.0,83.9,66.0,52.8,14,8,6.366666666666667,67.56666666666666,-4.7,5.763333333333334,1
253,7.0,5.5,6.0,0.8,0.1,0.6,0.1,0.9,0.3,68.7,58.9,78.7,11,8,7.099999999999999,68.76666666666667,-0.9999999999999982,0.5199999999999988,0
254,8.0,3.8,7.4,0.9,0.4,0.4,0.8,0.4,0.6,97.1,62.0,93.2,11,6,7.566666666666667,84.10000000000001,-1.299999999999999,7.023333333333331,2
255,4.8,6.3,8.0,0.3,0.7,0.9,0.4,0.8,1.0,58.4,70.9,74.1,13,6,7.733333333333334,67.8,4.4,4.843333333333334,0
256,6.8,8.0,6.0,0.8,0.4,0.3,0.8,0.1,0.9,75.0,62.6,53.9,13,9,8.033333333333333,63.833333333333336,-1.2000000000000002,0.5233333333333333,0
257,5.0,5.3,5.0,0.5,0.3,1.0,0.9,0.0,0.2,84.5,66.0,78.0,12,8,6.066666666666666,76.16666666666667,-0.20000000000000018,0.17333333333333364,0
258,5.4,4.8,4.1,0.8,0.6,0.6,0.2,0.0,0.2,84.9,56.7,66.6,14,7,5.566666666666667,69.4,-1.5,0.5833333333333334,0
259,6.1,5.0,4.3,0.7,0.3,0.8,0.7,0.6,0.2,82.4,64.8,57.7,13,9,6.233333333333333,68.3,-2.2,1.2933333333333334,0
260,7.4,3.6,5.4,0.8,0.9,0.1,0.5,0.5,0.9,63.8,78.6,92.5,11,6,6.7,78.3,-2.3000000000000007,3.490000000000002,1
261,7.9,7.4,4.8,0.7,0.9,0.2,0.9,0.5,0.9,57.8,72.1,76.1,12,6,8.066666666666668,68.66666666666666,-3.5999999999999996,3.6433333333333335,0
262,6.8,5.1,7.6,0.2,0.5,0.8,0.2,0.0,0.8,81.8,67.3,96.7,11,8,7.333333333333333,81.93333333333334,1.9999999999999991,3.2533333333333325,2
263,5.1,4.9,4.8,0.5,0.3,0.0,0.7,0.4,0.4,80.0,87.3,90.3,11,6,5.7,85.86666666666667,-1.0999999999999996,0.3099999999999998,1
264,5.1,6.3,4.9,1.0,0.7,0.8,0.6,0.7,0.5,59.0,94.7,84.6,13,7,6.866666666666666,79.43333333333332,-0.4999999999999991,0.5833333333333335,2
265,6.7,5.2,4.9,0.9,0.0,0.0,0.3,0.4,0.5,85.3,87.8,50.3,12,8,6.3,74.46666666666665,-2.5,1.93,1
266,4.2,6.2,7.2,0.0,0.5,0.7,0.1,0.7,0.3,72.8,66.6,71.4,14,6,6.633333333333333,70.26666666666667,3.9000000000000012,4.243333333333336,0
267,3.6,3.3,6.3,0.2,0.3,0.4,0.7,0.2,0.5,83.4,87.2,59.9,14,8,5.166666666666667,76.83333333333334,2.7,3.223333333333334,1
268,4.8,7.1,6.1,0.1,0.9,0.6,0.7,0.8,0.0,91.9,57.6,95.5,13,6,7.033333333333334,81.66666666666667,1.0999999999999996,2.6433333333333353,2
269,4.4,7.7,4.7,0.7,0.0,0.7,0.3,0.6,0.1,58.5,56.5,58.7,13,6,6.400000000000001,57.9,0.09999999999999964,2.710000000000001,0
270,4.5,6.2,7.1,0.8,0.6,0.3,0.6,0.2,0.9,51.0,67.3,64.3,12,6,7.066666666666666,60.86666666666667,2.3999999999999986,1.4433333333333316,0
271,4.2,7.8,3.2,0.2,0.7,0.1,0.4,0.2,0.8,89.0,90.4,75.8,14,7,5.866666666666667,85.06666666666666,-0.7000000000000002,6.14333333333333,1
272,3.2,3.8,7.4,0.5,0.5,0.1,0.7,0.6,0.4,80.5,62.3,63.2,14,7,5.733333333333334,68.66666666666667,3.5,3.5833333333333335,0
273,3.1,5.4,5.6,0.8,0.1,0.6,0.2,0.8,0.5,85.0,53.2,60.5,14,8,5.7,66.23333333333333,2.5999999999999988,1.9599999999999982,0
274,7.9,6.0,5.0,0.7,1.0,0.5,0.9,0.4,0.4,91.9,56.6,80.0,11,6,7.599999999999999,76.16666666666667,-3.5999999999999996,3.269999999999999,1
275,5.1,5.9,5.5,0.5,0.5,0.7,0.3,0.3,0.7,90.1,92.9,54.4,14,6,6.5,79.13333333333334,1.0,0.27999999999999997,1
276,4.9,5.0,6.3,0.6,0.6,0.5,0.4,0.9,0.8,98.0,81.7,52.9,11,7,6.666666666666667,77.53333333333333,1.6999999999999993,0.7433333333333327,2
277,6.4,4.7,3.1,0.5,0.2,0.4,0.1,0.7,0.8,76.8,62.7,68.6,12,6,5.633333333333334,69.36666666666666,-2.7,1.8233333333333337,0
278,4.1,3.6,7.4,0.3,0.5,0.4,0.1,0.4,0.7,74.4,77.8,86.0,11,7,5.833333333333333,79.39999999999999,4.000000000000001,5.333333333333334,1
279,7.7,5.0,5.2,0.6,0.4,0.0,0.5,0.5,0.2,70.1,76.4,77.7,12,6,6.7,74.73333333333333,-3.4000000000000004,3.3700000000000006,1
280,6.9,3.8,4.7,0.7,0.1,0.3,0.3,0.2,0.3,57.7,82.8,71.1,14,8,5.766666666666667,70.53333333333333,-2.6000000000000005,3.7733333333333348,0
281,3.4,6.7,3.7,0.9,0.1,1.0,0.8,0.6,0.5,78.6,61.7,78.3,14,6,5.8999999999999995,72.86666666666667,0.10000000000000053,1.689999999999998,0
282,5.1,4.0,5.2,0.6,0.8,0.9,0.0,0.4,0.3,63.9,93.2,68.3,12,6,5.766666666666666,75.13333333333333,0.7000000000000011,0.3633333333333335,0
283,7.4,3.3,5.5,0.8,0.2,0.3,0.4,1.0,0.8,96.1,65.5,96.8,13,9,6.566666666666667,86.13333333333333,-2.0000000000000018,4.203333333333337,1
284,7.7,5.8,5.0,0.2,0.2,0.6,0.3,0.5,0.3,79.2,84.7,52.7,12,7,6.866666666666667,72.2,-2.3000000000000007,1.4233333333333344,0
285,5.3,6.0,6.4,0.5,0.5,0.8,0.0,0.5,0.1,79.6,50.8,83.7,13,6,6.7,71.36666666666666,1.5,0.63,0
286,6.1,7.4,5.1,0.0,0.8,0.4,0.1,0.6,0.4,67.7,68.6,94.6,11,6,6.966666666666666,76.96666666666667,-0.29999999999999893,2.543333333333335,0
287,3.8,5.9,7.8,0.2,0.1,0.0,0.4,0.9,1.0,52.6,67.6,90.2,11,9,6.7,70.13333333333333,4.4,4.870000000000001,1
288,8.0,4.7,6.0,0.7,0.6,0.1,0.5,0.8,0.2,51.6,77.2,59.2,11,9,7.199999999999999,62.666666666666664,-2.8999999999999995,3.009999999999999,0
289,4.2,7.0,7.0,1.0,0.1,0.5,0.4,0.5,0.6,71.2,53.6,64.8,14,7,7.099999999999999,63.20000000000001,2.499999999999999,1.7499999999999987,0
290,7.7,5.7,3.5,0.1,0.0,1.0,0.5,0.7,0.4,54.2,89.5,85.9,11,9,6.533333333333334,76.53333333333333,-3.4000000000000004,2.903333333333334,0
291,6.2,3.4,5.0,0.4,0.1,0.7,0.6,0.6,0.1,80.3,60.9,54.2,13,8,5.7,65.13333333333333,-1.4000000000000004,2.410000000000001,0
292,6.0,5.8,4.7,0.8,0.8,0.1,0.0,0.5,0.5,94.0,83.9,90.6,11,9,6.3999999999999995,89.5,-1.5,0.9299999999999999,2
293,5.6,7.5,5.8,0.2,0.1,0.2,0.5,0.2,0.7,94.1,90.2,85.9,12,8,6.933333333333334,90.06666666666668,0.40000000000000036,0.6033333333333333,1
294,4.2,5.0,7.3,0.6,0.0,0.8,1.0,0.5,0.5,83.0,78.1,86.5,12,7,6.633333333333333,82.53333333333333,2.8,2.923333333333333,2
295,3.9,4.5,3.4,0.7,0.4,0.8,0.5,0.2,0.9,60.6,87.0,55.0,14,7,5.1000000000000005,67.53333333333333,8.881784197001252e-16,3.944304526105059e-31,1
296,4.1,3.7,3.4,0.6,0.8,0.6,0.7,0.9,0.3,93.1,83.1,85.9,12,7,5.033333333333334,87.36666666666667,-1.1000000000000005,0.4033333333333337,1
297,3.9,3.8,7.3,0.2,0.3,0.6,0.3,0.3,0.1,94.3,67.8,84.0,13,7,5.6000000000000005,82.03333333333333,3.5999999999999988,4.319999999999997,0
298,6.9,5.2,4.1,0.4,0.4,0.0,0.8,1.0,0.9,59.8,90.4,91.5,11,7,6.566666666666667,80.56666666666666,-3.1000000000000014,2.403333333333336,1
299,4.8,6.0,6.3,0.8,0.0,0.8,0.8,0.5,0.4,86.9,64.7,52.1,14,8,6.8,67.9,1.0999999999999996,0.3699999999999999,0
300,3.3,3.4,5.7,0.6,0.4,0.8,0.5,0.6,0.6,64.3,78.6,51.2,11,8,5.3,64.69999999999999,2.6999999999999993,2.429999999999999,0
301,7.8,7.7,7.2,0.0,0.6,0.3,1.0,0.5,0.8,90.1,87.3,68.7,11,7,8.633333333333335,82.03333333333332,-0.5,0.08333333333333334,2
302,7.4,6.8,3.6,0.8,0.6,0.7,0.1,0.1,0.3,99.9,68.9,57.4,13,9,6.8,75.4,-3.700000000000001,3.790000000000001,0
303,7.6,5.9,3.6,0.0,0.3,0.2,0.0,0.4,0.7,51.5,65.1,77.9,12,6,6.233333333333333,64.83333333333333,-3.0999999999999996,2.503333333333333,0
304,8.0,7.1,5.8,0.7,0.3,0.0,0.8,0.1,0.1,94.9,73.0,95.9,12,7,7.633333333333333,87.93333333333334,-3.5999999999999996,3.253333333333333,1
305,3.9,3.4,7.7,0.2,0.1,0.2,0.8,0.6,0.3,81.1,90.9,69.6,11,9,5.733333333333334,80.53333333333333,3.3000000000000007,4.723333333333336,1
306,5.0,5.4,5.1,1.0,0.4,0.2,0.1,0.4,0.1,98.7,96.5,92.2,14,6,5.900000000000001,95.8,-0.6999999999999993,0.19000000000000006,1
307,6.8,6.2,4.6,0.4,0.1,0.3,0.3,0.8,0.8,73.3,77.3,50.0,12,7,6.766666666666666,66.86666666666666,-1.8000000000000007,0.893333333333334,0
308,6.5,7.1,6.0,0.3,0.8,0.4,0.0,0.2,0.2,92.4,83.1,58.4,14,7,7.166666666666667,77.96666666666667,-0.1999999999999993,0.6633333333333328,2
309,3.8,6.9,7.7,0.1,1.0,0.5,0.3,0.2,0.7,53.1,95.2,51.5,12,8,7.066666666666666,66.60000000000001,4.699999999999998,6.32333333333333,0
310,7.1,4.4,7.2,0.3,1.0,0.5,0.8,0.4,0.9,66.8,54.9,66.4,14,6,7.533333333333334,62.699999999999996,0.40000000000000036,2.2933333333333312,0
311,4.1,7.7,8.0,0.9,0.9,0.3,0.5,0.9,0.5,53.4,61.6,95.4,13,6,7.933333333333334,70.13333333333334,3.3000000000000007,4.5633333333333335,0
312,4.1,3.6,3.1,1.0,0.6,0.0,0.3,0.7,0.5,98.8,85.4,54.8,14,9,4.633333333333334,79.66666666666667,-1.8000000000000003,0.8633333333333336,0
313,5.7,7.4,3.6,0.4,0.7,0.6,0.4,0.4,0.5,90.8,91.2,80.3,13,8,6.566666666666666,87.43333333333334,-1.8000000000000007,3.613333333333333,1
314,6.0,7.9,6.0,0.4,0.3,0.4,0.0,0.5,0.3,92.6,92.9,72.6,13,8,7.266666666666667,86.03333333333335,0.2999999999999998,1.5633333333333344,2
315,5.9,3.9,7.1,0.7,0.6,0.3,0.3,0.1,0.5,96.9,70.8,96.9,14,8,6.466666666666666,88.2,0.9999999999999982,2.8633333333333324,1
316,3.5,6.6,4.4,0.9,0.5,0.9,0.6,1.0,0.6,54.3,54.5,56.1,13,8,6.333333333333333,54.96666666666667,0.9000000000000004,2.5433333333333326,0
317,7.4,3.2,4.2,0.6,0.5,0.7,1.0,0.7,1.0,69.3,71.9,60.6,11,6,6.433333333333334,67.26666666666667,-3.0999999999999996,5.503333333333333,0
318,4.3,5.0,6.9,0.4,0.8,0.9,0.8,0.3,0.9,53.6,61.5,51.5,13,6,6.766666666666667,55.53333333333333,3.200000000000001,2.8933333333333358,0
319,3.6,5.6,3.3,0.4,0.3,0.5,0.0,0.6,0.9,60.5,64.6,71.7,12,7,5.066666666666666,65.60000000000001,0.7000000000000002,1.6633333333333322,0
320,7.4,5.9,4.8,0.7,0.3,0.1,0.9,0.1,0.9,61.5,88.6,63.9,14,7,7.033333333333334,71.33333333333333,-3.2,2.963333333333334,0
321,7.8,7.7,5.5,0.0,0.9,0.7,0.8,1.0,0.5,73.5,53.8,93.5,11,8,8.299999999999999,73.60000000000001,-1.8999999999999995,2.169999999999999,0
322,7.3,6.4,5.8,0.6,0.1,0.2,0.8,0.2,0.7,63.4,91.4,80.2,14,8,7.366666666666666,78.33333333333333,-1.9999999999999991,1.3333333333333321,0
323,7.0,5.4,6.6,0.4,0.5,0.4,0.5,0.6,0.9,55.0,71.4,80.7,12,8,7.433333333333334,69.03333333333335,0.0,0.6533333333333337,0
324,6.3,7.0,4.8,0.8,0.9,0.1,0.4,0.2,0.4,58.4,79.8,76.6,12,7,6.966666666666666,71.6,-2.2,2.1733333333333333,0
325,5.8,7.8,6.1,0.1,0.6,0.8,0.3,0.7,1.0,57.4,54.5,54.6,12,9,7.733333333333332,55.5,1.6999999999999993,2.1233333333333335,0
326,3.4,3.1,5.9,0.6,0.5,0.1,0.1,0.8,0.4,98.7,66.9,72.3,13,9,4.966666666666667,79.30000000000001,2.3000000000000007,1.563333333333334,0
327,5.0,7.9,5.7,0.5,0.2,0.9,0.2,0.7,0.6,88.0,54.5,100.0,13,7,7.233333333333333,80.83333333333333,1.5,2.4033333333333315,1
328,4.9,3.4,6.2,0.6,0.3,0.9,0.2,0.6,0.7,98.4,98.1,91.8,14,7,5.933333333333334,96.10000000000001,2.1000000000000005,3.103333333333335,1
329,4.3,7.1,4.3,0.1,0.9,0.5,0.5,0.9,1.0,72.0,90.4,94.7,14,7,6.533333333333334,85.7,0.8999999999999995,4.403333333333333,1
330,6.6,4.4,3.4,0.6,0.6,0.7,0.7,0.1,0.2,63.9,73.0,91.2,11,7,5.766666666666666,76.03333333333335,-3.5999999999999988,3.573333333333331,1
331,5.5,3.7,3.6,0.6,0.5,0.6,0.5,0.3,0.7,89.9,61.2,55.2,11,7,5.333333333333333,68.76666666666667,-1.6999999999999993,1.243333333333333,0
332,3.4,5.2,4.1,0.6,0.1,0.8,0.1,0.2,0.5,66.3,96.7,61.4,14,7,5.0,74.8,1.3000000000000007,0.6100000000000004,1
333,4.1,6.2,5.5,0.6,0.0,0.4,1.0,1.0,0.3,65.0,67.2,50.2,13,8,6.366666666666666,60.79999999999999,0.5000000000000009,0.5833333333333339,0
334,6.4,4.9,7.2,0.7,1.0,0.8,0.9,0.4,0.8,61.6,58.0,65.2,12,8,7.7,61.6,0.8000000000000007,1.63,0
335,3.4,3.3,6.5,0.8,0.4,0.5,0.8,0.7,0.6,56.5,78.2,55.4,14,8,5.666666666666667,63.36666666666667,2.5999999999999996,2.8933333333333326,0
336,7.3,6.0,6.9,0.3,0.6,0.9,1.0,0.7,0.7,62.8,97.2,73.6,11,8,8.133333333333333,77.86666666666666,-0.09999999999999964,0.5233333333333333,2
337,5.5,7.5,4.8,0.8,0.1,0.5,0.5,0.2,0.3,67.8,50.2,83.9,13,7,6.733333333333333,67.3,-1.2000000000000002,1.2133333333333336,0
338,5.4,4.9,5.0,0.5,0.7,0.5,1.0,0.2,0.5,83.7,61.9,93.7,14,9,6.233333333333334,79.76666666666667,-0.9000000000000004,0.3433333333333332,1
339,6.0,4.1,5.0,0.1,0.9,0.8,0.1,0.3,0.6,53.1,96.9,87.5,14,6,5.966666666666666,79.16666666666667,0.20000000000000107,0.34333333333333343,0
340,7.1,5.2,4.0,0.1,0.6,0.8,0.4,0.4,0.4,60.5,58.6,96.9,13,7,6.333333333333333,72.0,-2.3999999999999995,1.4533333333333327,1
341,4.7,3.2,3.3,0.3,0.1,0.6,0.2,0.2,0.2,90.5,55.7,52.7,14,6,4.266666666666667,66.3,-1.1000000000000005,0.7433333333333332,0
342,6.4,7.1,6.0,0.8,0.6,0.2,0.2,0.0,1.0,57.3,78.5,50.6,13,9,7.433333333333334,62.13333333333333,-0.20000000000000018,0.06333333333333309,0
343,5.8,7.1,7.9,0.7,0.8,0.5,0.1,0.9,0.5,67.1,93.1,83.1,12,8,8.1,81.1,2.3000000000000007,1.69,0
344,4.3,5.9,3.8,0.8,0.4,1.0,0.6,1.0,0.7,93.2,73.9,64.5,13,9,6.166666666666667,77.2,-0.1999999999999993,0.9733333333333345,0
345,7.4,4.8,3.2,0.5,0.9,0.8,0.8,0.3,0.4,57.7,99.7,62.7,13,7,6.366666666666667,73.36666666666667,-4.300000000000001,4.723333333333335,1
346,7.0,7.0,6.9,0.4,0.6,0.8,0.6,0.3,0.4,54.1,84.0,66.5,13,8,8.0,68.2,0.09999999999999964,0.010000000000000106,2
347,6.3,5.8,4.3,0.1,0.9,0.0,0.1,0.0,0.4,74.2,53.7,63.5,14,7,5.966666666666666,63.800000000000004,-1.799999999999999,1.213333333333333,0
348,7.3,7.1,7.1,0.3,0.6,0.5,0.8,0.7,0.4,65.1,99.6,75.6,14,8,8.266666666666666,80.1,-0.40000000000000036,0.05333333333333319,2
349,7.3,6.2,6.5,0.4,0.1,0.6,0.6,0.8,0.5,78.2,70.4,72.0,13,6,7.666666666666667,73.53333333333335,-0.7000000000000011,0.363333333333334,1
350,6.5,6.9,7.7,0.1,0.3,0.8,0.4,0.1,0.5,90.2,64.4,75.6,14,6,7.766666666666667,76.73333333333333,2.0,1.1633333333333336,0
351,7.2,6.0,5.0,0.2,0.2,0.0,0.7,0.2,0.5,56.9,77.9,83.6,11,6,6.666666666666667,72.8,-2.5999999999999996,1.7433333333333327,0
352,6.5,5.1,6.3,0.6,0.9,0.9,0.3,0.8,0.1,79.0,65.2,69.4,11,9,7.166666666666667,71.2,-0.09999999999999876,0.10333333333333304,0
353,6.4,7.8,5.3,0.7,0.8,0.5,0.3,0.6,0.5,75.3,54.3,62.6,14,7,7.633333333333334,64.06666666666666,-1.1000000000000005,2.1433333333333326,0
354,6.1,5.7,6.2,1.0,0.7,0.2,0.9,0.0,0.2,57.2,50.1,58.3,14,9,7.0,55.20000000000001,-1.3999999999999995,0.7599999999999996,0
355,6.8,6.0,5.2,0.9,0.3,0.3,0.3,0.6,0.1,81.2,72.5,67.5,13,6,6.833333333333333,73.73333333333333,-2.4000000000000004,1.4433333333333338,0
356,3.8,4.1,3.9,0.6,0.2,0.3,0.5,0.3,0.9,63.7,91.8,87.1,12,7,4.866666666666667,80.86666666666666,0.20000000000000018,0.06333333333333356,1
357,7.4,6.1,5.5,0.4,0.8,0.5,0.9,0.4,0.6,74.4,78.6,87.8,14,6,7.533333333333334,80.26666666666667,-2.1000000000000014,1.1433333333333349,0
358,7.4,5.9,5.6,0.6,0.5,0.1,0.7,0.8,0.7,54.1,100.0,83.3,11,9,7.433333333333333,79.13333333333333,-2.299999999999999,1.363333333333332,1
359,3.1,3.9,7.1,0.8,0.2,0.2,0.1,0.8,0.4,73.0,64.3,61.7,13,9,5.533333333333334,66.33333333333333,3.7,3.7233333333333336,0
360,7.1,3.3,6.7,0.1,0.6,0.8,0.1,0.4,0.9,65.3,64.0,79.4,14,9,6.666666666666667,69.56666666666668,1.1000000000000014,4.503333333333334,0
361,3.6,6.0,6.3,0.4,0.0,0.1,0.0,0.9,0.6,91.1,58.0,78.5,11,6,5.966666666666666,75.86666666666666,2.999999999999999,2.903333333333333,1
362,4.7,6.8,3.6,0.8,0.3,0.2,0.6,0.4,0.8,52.8,58.2,74.2,11,7,6.066666666666666,61.73333333333333,-1.4999999999999991,2.1033333333333326,0
363,6.7,5.6,6.6,0.4,0.5,0.5,0.4,0.8,0.4,70.9,64.3,77.5,12,7,7.300000000000001,70.89999999999999,-8.881784197001252e-16,0.12000000000000002,0
364,3.8,4.1,5.5,0.6,0.1,0.5,0.1,0.5,1.0,72.9,89.6,74.6,13,6,5.3999999999999995,79.03333333333333,2.500000000000001,1.9300000000000015,1
365,7.1,6.3,7.5,0.6,1.0,0.8,1.0,0.9,0.8,86.3,95.3,78.3,13,7,8.666666666666666,86.63333333333333,0.40000000000000036,0.20333333333333348,2
366,7.2,3.4,7.6,0.2,0.2,0.4,0.5,0.9,0.9,78.7,98.8,85.8,12,6,7.1000000000000005,87.76666666666667,1.0,5.32,2
367,5.5,5.2,3.3,0.4,0.1,0.8,0.2,0.1,0.2,83.4,61.6,55.5,12,7,5.266666666666667,66.83333333333333,-1.8000000000000007,0.8233333333333339,0
368,3.0,3.8,7.1,0.3,0.2,0.6,0.5,0.9,0.3,88.9,94.1,87.5,13,8,5.566666666666666,90.16666666666667,4.199999999999999,4.743333333333331,1
369,4.4,3.9,3.2,0.0,0.8,0.1,0.7,0.8,0.3,93.1,66.4,56.8,13,8,4.733333333333333,72.10000000000001,-1.5000000000000004,1.0033333333333334,1
370,6.1,4.0,4.8,0.0,0.4,0.2,0.1,0.8,0.3,65.7,55.6,53.3,14,9,5.566666666666666,58.20000000000001,-0.8999999999999995,0.3033333333333329,0
371,7.9,4.9,5.7,0.8,0.6,0.4,0.3,0.2,0.9,76.9,93.5,98.8,14,8,7.233333333333334,89.73333333333333,-2.000000000000001,2.763333333333336,2
372,6.2,3.3,3.7,0.3,0.0,0.4,0.8,0.8,0.0,92.0,81.8,97.8,12,8,5.166666666666667,90.53333333333335,-3.1999999999999993,3.4133333333333327,1
373,4.3,5.0,6.7,0.5,0.0,0.7,0.5,0.9,0.1,99.5,58.2,53.0,14,8,6.233333333333333,70.23333333333333,2.2,1.2933333333333334,1
374,6.2,5.6,3.0,0.3,0.4,0.6,0.5,0.3,0.3,94.5,71.5,72.2,11,6,5.733333333333333,79.39999999999999,-3.1,2.6433333333333335,0
375,5.7,5.4,3.8,0.9,0.8,0.4,0.4,1.0,0.2,68.6,64.4,59.3,14,8,6.2,64.10000000000001,-2.6000000000000005,2.4400000000000004,0
376,6.9,4.9,5.9,0.3,0.9,0.2,0.0,0.0,0.2,59.8,86.8,74.3,14,8,6.433333333333334,73.63333333333333,-0.8999999999999995,0.503333333333333,1
377,3.5,7.2,6.6,0.4,0.1,0.2,0.2,0.1,0.8,74.5,72.7,91.5,11,9,6.366666666666666,79.56666666666666,3.5,3.8633333333333324,1
378,6.8,3.7,7.6,0.9,0.5,0.6,0.4,0.5,0.6,87.1,99.5,97.5,12,8,7.2,94.7,0.6999999999999993,4.809999999999997,2
379,5.7,5.5,6.5,0.8,0.9,0.4,0.2,0.6,0.0,74.6,52.7,81.7,11,8,6.866666666666667,69.66666666666667,0.20000000000000018,0.023333333333333317,0
380,7.8,3.3,6.4,0.2,0.4,0.5,0.0,0.6,0.4,74.2,67.8,67.7,14,7,6.533333333333334,69.89999999999999,-0.6999999999999993,3.863333333333334,0
381,4.7,3.4,5.0,0.8,0.8,0.2,0.8,0.0,0.4,91.9,74.1,80.2,12,9,5.366666666666667,82.06666666666666,-0.6999999999999993,1.143333333333333,0
382,6.2,5.9,3.0,0.5,0.1,0.7,1.0,1.0,0.1,68.1,75.2,65.6,14,9,6.166666666666667,69.63333333333334,-3.9000000000000004,4.323333333333334,0
383,7.7,5.8,3.6,0.5,0.9,0.9,0.8,0.0,0.7,93.0,65.8,95.5,11,9,6.966666666666666,84.76666666666667,-3.8,3.663333333333333,2
384,3.5,7.4,5.7,0.1,0.8,0.3,0.9,0.1,0.7,70.3,86.5,93.5,11,9,6.5,83.43333333333334,2.2,3.640000000000001,1
385,7.7,5.8,6.4,0.1,0.9,0.5,0.2,0.0,0.7,66.4,93.7,77.9,14,9,7.433333333333333,79.33333333333334,-0.40000000000000036,0.44333333333333313,1
386,6.4,7.8,5.1,0.7,0.7,1.0,1.0,0.6,0.7,72.7,96.9,66.2,13,9,8.000000000000002,78.60000000000001,-1.3000000000000016,1.33,0
387,3.3,3.2,6.7,0.5,0.4,0.3,0.2,0.9,0.0,88.1,90.3,64.7,13,6,5.166666666666667,81.03333333333332,3.0,2.583333333333333,0
388,4.5,3.5,5.6,0.4,0.9,0.6,1.0,0.7,1.0,56.3,92.5,51.7,11,8,6.066666666666666,66.83333333333333,1.299999999999999,1.123333333333332,0
389,6.5,3.2,3.4,0.7,0.3,0.1,1.0,0.8,0.8,59.8,77.5,90.8,11,9,5.6000000000000005,76.03333333333335,-3.8999999999999995,5.0699999999999985,1
390,3.3,3.9,4.0,0.8,0.3,0.6,0.7,0.0,0.9,97.6,91.3,72.5,13,8,4.833333333333333,87.13333333333333,0.7000000000000002,0.42333333333333323,1
391,5.9,5.7,7.2,0.2,0.7,0.1,1.0,0.5,0.0,58.8,65.2,66.3,13,8,7.1000000000000005,63.43333333333334,0.1999999999999993,0.0399999999999999,0
392,4.7,6.2,6.6,0.6,0.8,1.0,0.6,0.5,0.9,78.4,69.9,73.6,14,6,7.3,73.96666666666667,2.5999999999999996,1.7199999999999993,0
393,6.1,3.2,7.5,0.1,0.9,0.7,0.3,0.5,0.8,79.0,65.8,90.9,14,9,6.7,78.56666666666668,2.500000000000001,4.869999999999999,1
394,3.2,7.7,3.6,0.8,0.2,0.8,0.4,0.1,0.8,74.5,73.4,56.2,13,7,5.866666666666667,68.03333333333335,0.7999999999999998,3.573333333333333,0
395,7.4,7.2,8.0,0.7,0.8,0.7,0.6,0.7,0.1,82.2,64.3,92.9,14,6,8.733333333333333,79.8,0.09999999999999964,0.0033333333333333097,2
396,7.9,4.5,4.0,1.0,0.7,0.6,0.1,0.5,0.7,61.5,98.1,94.9,14,7,6.666666666666667,84.83333333333333,-3.7,4.123333333333333,1
397,7.8,3.4,3.1,0.1,0.1,0.4,0.6,0.8,1.0,77.6,65.6,97.3,12,8,5.766666666666667,80.16666666666667,-4.0,5.613333333333334,1
398,6.7,3.8,8.0,0.1,0.4,0.9,1.0,0.5,0.7,68.6,54.9,69.9,14,8,7.366666666666667,64.46666666666667,1.7999999999999998,6.143333333333332,0
399,3.7,3.6,4.4,0.3,0.3,1.0,0.2,0.1,0.6,83.1,76.3,60.9,11,6,4.733333333333333,73.43333333333332,1.7999999999999998,1.2133333333333334,0
400,6.8,3.6,6.3,0.3,0.3,0.5,0.8,0.6,0.9,57.1,52.9,68.7,14,6,6.699999999999999,59.56666666666666,-0.1999999999999984,3.639999999999999,0
401,3.1,5.6,3.9,0.2,1.0,0.9,0.9,0.2,0.4,78.5,55.5,66.6,14,7,5.3999999999999995,66.86666666666666,1.0,1.7199999999999995,0
402,3.1,4.2,5.9,0.9,0.6,0.6,0.9,0.9,0.6,59.3,61.0,58.8,13,9,5.900000000000001,59.699999999999996,2.1999999999999993,1.2399999999999993,0
403,4.6,4.8,7.5,0.2,0.7,0.5,1.0,0.6,0.5,63.9,73.2,80.4,11,7,6.8,72.5,2.7,2.1900000000000004,2
404,5.4,7.9,4.6,0.3,1.0,0.5,0.5,0.2,0.9,60.9,71.7,73.8,14,6,7.1000000000000005,68.8,-0.20000000000000018,3.009999999999999,0
405,6.9,6.4,6.4,0.8,0.4,0.2,1.0,1.0,0.1,59.1,90.0,93.3,14,7,7.733333333333333,80.8,-1.9999999999999991,1.0033333333333325,1
406,6.4,7.7,3.9,0.4,0.8,0.0,0.8,0.5,0.5,91.3,87.0,51.6,12,6,7.0,76.63333333333334,-3.1999999999999993,5.559999999999999,1
407,5.2,3.7,6.1,0.8,0.4,0.2,0.2,0.1,0.7,64.3,71.3,82.2,14,7,5.8,72.60000000000001,0.7999999999999998,2.0799999999999996,1
408,4.4,4.9,4.7,0.1,0.9,0.5,0.5,0.6,0.8,96.4,66.7,88.1,14,6,5.8,83.73333333333333,1.0,0.5200000000000002,1
409,8.0,5.8,4.1,0.5,0.2,0.4,0.7,0.3,0.6,98.5,65.8,88.0,12,6,6.866666666666667,84.10000000000001,-4.1,4.4433333333333325,2
410,5.1,3.4,4.6,0.0,0.9,0.4,0.2,0.8,0.9,78.6,88.7,94.3,13,6,5.433333333333333,87.2,0.6000000000000005,0.17333333333333362,1
411,5.3,3.0,3.9,0.1,0.2,1.0,0.6,0.8,0.9,57.2,52.6,86.5,14,9,5.266666666666667,65.43333333333334,-0.1999999999999984,1.2133333333333332,0
412,3.8,6.4,7.5,0.9,0.3,0.4,0.7,1.0,0.1,68.7,50.6,96.4,12,7,7.033333333333334,71.9,2.5999999999999996,2.023333333333333,0
413,7.0,6.2,5.0,0.1,0.8,0.5,0.2,0.5,0.4,89.9,89.8,66.6,11,7,6.900000000000001,82.1,-1.3999999999999995,0.7599999999999996,2
414,6.5,5.1,4.2,0.5,0.4,0.1,0.6,0.5,0.0,68.4,73.9,75.2,13,7,5.966666666666666,72.5,-3.3,2.723333333333333,0
415,4.1,5.4,5.2,0.4,0.6,0.0,0.8,0.8,0.3,54.4,56.5,50.7,11,6,5.866666666666667,53.866666666666674,0.20000000000000018,0.6633333333333333,0
416,3.4,5.1,4.6,0.3,0.4,0.8,0.5,0.1,0.5,77.8,61.8,50.3,11,7,5.233333333333333,63.29999999999999,1.700000000000001,0.8233333333333341,0
417,6.4,3.1,6.7,0.9,0.7,0.6,0.0,0.5,0.9,92.3,96.6,62.0,12,7,6.6000000000000005,83.63333333333333,0.8999999999999986,4.17,1
418,6.3,4.7,7.9,0.0,0.2,0.8,0.0,0.5,0.8,89.8,93.0,55.0,14,6,7.066666666666667,79.26666666666667,3.200000000000002,4.643333333333337,1
419,4.4,3.9,5.2,0.7,0.1,0.1,0.4,0.1,0.1,58.8,85.5,63.0,12,8,5.000000000000001,69.10000000000001,-0.10000000000000053,0.610000000000001,0
420,7.8,3.5,7.3,1.0,0.3,0.6,0.9,0.4,0.1,83.6,74.1,58.9,12,6,7.3,72.2,-1.7000000000000002,7.929999999999996,0
421,3.8,7.8,5.8,0.6,0.5,0.3,0.2,0.9,0.6,61.0,76.0,51.4,12,7,6.833333333333333,62.800000000000004,2.0999999999999996,5.303333333333332,0
422,5.2,6.0,3.8,0.9,0.2,0.2,0.6,0.9,0.5,60.9,98.8,95.5,12,6,6.1000000000000005,85.06666666666666,-2.2,1.9600000000000009,1
423,7.7,6.6,6.5,0.1,0.4,0.0,0.2,0.1,0.3,93.7,98.3,50.4,13,8,7.3,80.8,-1.2000000000000002,0.3900000000000002,1
424,5.1,4.6,5.6,0.4,0.4,0.1,0.3,0.1,0.9,62.5,60.8,86.8,14,6,5.833333333333333,70.03333333333333,0.7999999999999998,0.5633333333333334,0
425,6.2,5.0,6.3,0.3,0.1,0.3,0.8,0.3,0.9,63.2,90.6,57.6,11,7,6.733333333333333,70.46666666666667,0.20000000000000018,1.3433333333333328,0
426,5.0,4.2,7.4,0.7,0.6,0.1,0.7,0.9,0.4,50.0,59.9,95.6,11,8,6.666666666666667,68.5,1.5,1.2633333333333336,0
427,4.4,3.5,5.2,1.0,0.9,1.0,0.1,0.1,0.9,93.5,60.7,94.6,14,9,5.7,82.93333333333332,1.6000000000000005,1.7200000000000006,1
428,7.9,3.9,7.5,0.3,0.2,0.3,0.4,0.7,0.4,89.6,83.8,82.7,11,7,7.2,85.36666666666666,-0.40000000000000213,4.360000000000001,2
429,5.0,7.0,6.8,0.7,0.6,0.1,0.0,0.1,0.7,81.4,70.3,83.6,14,8,7.0,78.43333333333332,1.8999999999999995,1.269999999999999,0
430,7.5,6.4,5.4,0.2,0.7,0.2,0.5,0.6,0.5,87.5,96.6,50.3,11,8,7.333333333333333,78.13333333333333,-2.0999999999999988,1.2033333333333323,0
431,4.1,5.7,6.0,0.6,0.4,0.6,0.7,0.4,0.1,57.6,54.5,99.2,12,9,6.2,70.43333333333334,1.299999999999999,0.4899999999999996,0
432,4.1,5.4,4.6,0.5,0.7,0.1,0.1,0.8,0.9,72.9,75.6,93.9,11,6,5.733333333333333,80.8,0.9000000000000004,1.2233333333333345,1
433,3.2,7.6,7.9,1.0,0.4,0.9,0.3,0.2,0.5,67.6,95.9,94.8,14,6,7.333333333333333,86.10000000000001,4.800000000000001,6.323333333333334,1
434,6.3,3.4,6.3,0.6,0.5,1.0,0.4,0.6,0.7,54.7,95.2,83.0,14,7,6.6000000000000005,77.63333333333334,0.7000000000000002,3.4299999999999997,1
435,4.8,4.4,3.2,0.3,0.0,0.2,0.9,0.2,0.4,74.3,57.8,67.2,14,9,4.800000000000001,66.43333333333334,-2.2,1.2400000000000002,0
436,7.3,4.7,4.6,0.1,0.7,0.5,1.0,0.7,0.0,96.0,68.3,94.7,14,6,6.533333333333334,86.33333333333333,-3.299999999999999,2.8633333333333306,1
437,5.4,6.9,6.1,0.2,0.7,0.0,0.0,0.9,0.1,52.0,81.0,64.6,14,9,6.766666666666667,65.86666666666666,0.5999999999999988,2.343333333333333,0
438,7.8,8.0,3.3,0.2,0.0,0.6,0.8,0.1,0.5,64.6,58.0,78.1,13,6,7.099999999999999,66.89999999999999,-4.4,5.59,0
439,3.9,4.2,3.1,0.3,0.4,0.4,0.4,0.9,0.7,60.4,98.4,55.0,13,8,4.766666666666667,71.26666666666667,-0.40000000000000036,0.4433333333333338,1
440,7.3,7.4,5.3,0.9,1.0,0.3,0.4,0.6,0.3,61.9,95.7,96.1,11,6,7.833333333333333,84.56666666666666,-2.6999999999999993,2.8433333333333324,2
441,6.9,7.2,4.7,0.6,0.4,0.2,0.8,0.1,0.7,95.4,58.3,57.0,14,9,7.2,70.23333333333333,-2.7,2.01,0
442,6.9,4.1,5.2,0.5,0.5,0.7,0.9,0.4,0.7,73.4,56.1,61.2,11,8,6.633333333333334,63.56666666666666,-1.7000000000000002,2.7233333333333345,0
443,7.2,5.0,4.3,0.1,0.9,0.4,1.0,0.2,0.7,73.3,54.3,77.9,14,8,6.600000000000001,68.5,-2.9000000000000004,2.2900000000000005,0
444,6.8,5.0,3.8,0.9,0.7,0.2,0.6,0.7,0.5,88.0,95.5,88.2,14,8,6.400000000000001,90.56666666666666,-3.8000000000000007,3.610000000000001,1
445,6.1,7.9,6.4,0.7,0.6,0.7,0.4,0.8,0.9,57.7,59.7,81.0,13,9,8.166666666666666,66.13333333333334,0.7999999999999998,1.123333333333334,0
446,3.7,3.9,5.6,0.1,0.8,0.6,0.8,0.1,0.5,74.4,70.8,61.6,13,7,5.366666666666667,68.93333333333332,2.0999999999999988,1.343333333333332,0
447,3.2,7.0,4.0,0.7,0.9,0.9,0.3,0.5,0.5,71.5,72.4,50.0,12,7,6.0,64.63333333333334,1.2000000000000002,4.68,0
448,7.6,4.7,4.6,0.5,0.5,0.1,0.6,0.8,0.2,79.8,80.0,87.9,13,7,6.533333333333334,82.56666666666668,-3.799999999999999,3.8233333333333315,2
449,6.1,6.7,6.0,0.1,0.5,0.8,0.4,0.9,0.3,100.0,53.6,99.3,12,9,7.266666666666666,84.3,0.5,0.5833333333333334,1
450,7.0,5.1,3.4,0.5,0.4,0.7,0.7,0.5,0.0,88.5,61.3,90.5,12,8,6.099999999999999,80.10000000000001,-4.1,4.209999999999999,1
451,5.4,5.9,3.7,0.5,1.0,0.1,0.2,1.0,0.6,69.9,96.6,73.0,12,7,6.133333333333333,79.83333333333333,-1.7000000000000002,3.0633333333333335,1
452,3.6,7.2,3.4,0.2,0.7,0.7,0.2,0.5,0.2,91.4,95.4,95.2,12,9,5.566666666666666,94.0,0.2999999999999998,6.043333333333334,1
453,3.6,7.0,7.1,0.9,0.1,0.4,0.9,0.4,0.3,58.5,89.1,70.5,12,7,6.8999999999999995,72.7,2.3999999999999995,1.7099999999999993,0
454,6.4,7.3,6.8,0.8,0.9,0.9,0.1,0.8,0.8,51.5,51.0,76.2,11,6,8.266666666666667,59.56666666666666,1.2000000000000002,0.7633333333333335,0
455,5.2,3.3,6.8,0.7,0.5,0.1,0.5,0.5,0.3,60.2,66.4,73.9,13,7,5.966666666666666,66.83333333333333,0.7999999999999989,2.243333333333333,0
456,4.0,6.5,6.6,0.5,0.1,0.6,0.2,0.5,0.2,67.0,81.4,72.4,12,7,6.3999999999999995,73.60000000000001,2.6999999999999984,2.1899999999999977,0
457,5.5,3.7,6.3,0.4,0.5,0.4,0.0,0.5,0.2,75.5,63.8,88.8,14,8,5.833333333333333,76.03333333333335,1.0,1.2133333333333334,0
458,3.3,5.1,5.4,0.7,0.4,1.0,0.0,0.8,0.8,80.8,95.5,76.3,13,9,5.833333333333333,84.2,3.2,2.7233333333333336,1
459,5.9,5.7,6.2,0.5,0.9,0.3,0.2,0.8,0.1,95.5,81.7,65.8,13,8,6.866666666666667,81.0,-8.881784197001252e-16,0.21333333333333349,1
460,4.3,5.0,3.2,0.1,0.2,1.0,0.9,0.4,0.5,75.5,53.6,62.9,12,8,5.2,64.0,-0.5999999999999996,0.2100000000000001,0
461,7.0,5.6,6.1,0.5,0.8,0.9,0.3,0.3,0.5,75.1,95.5,51.9,11,8,7.333333333333333,74.16666666666667,-0.2999999999999998,0.3233333333333337,0
462,4.6,8.0,6.9,0.8,0.6,0.3,1.0,0.5,0.7,52.5,97.9,79.2,12,8,7.8,76.53333333333335,1.5,1.829999999999999,2
463,5.3,3.7,5.5,0.5,0.1,0.8,0.6,0.6,0.6,51.7,53.9,61.5,11,8,5.900000000000001,55.699999999999996,0.5,1.75,0
464,3.1,6.4,4.8,0.1,1.0,1.0,0.4,0.2,0.8,77.6,76.6,57.4,14,7,5.933333333333333,70.53333333333333,2.9999999999999996,4.333333333333332,0
465,3.4,5.0,4.4,0.8,0.5,0.3,0.6,0.8,0.0,71.9,65.2,82.7,13,8,5.266666666666667,73.26666666666667,-0.09999999999999964,0.8033333333333331,1
466,5.0,3.7,6.2,0.2,0.3,0.4,0.5,0.5,0.3,92.0,69.6,84.1,14,8,5.7,81.89999999999999,1.2000000000000002,1.4400000000000004,0
467,5.4,3.8,6.5,0.3,0.5,0.5,0.8,0.3,0.3,58.0,59.0,87.6,11,9,6.133333333333333,68.2,0.7999999999999998,1.9233333333333338,0
468,6.0,7.7,7.4,0.2,0.9,0.3,0.3,0.1,0.1,51.2,78.9,75.2,11,6,7.666666666666667,68.43333333333334,1.2999999999999998,1.2233333333333325,2
469,4.5,7.4,4.7,0.3,0.3,0.0,0.4,0.2,0.3,72.5,97.9,94.7,14,7,6.033333333333334,88.36666666666667,-0.20000000000000018,2.623333333333334,1
470,6.5,7.5,6.8,0.8,0.2,0.2,0.9,0.9,0.3,61.9,75.2,96.8,11,7,8.033333333333333,77.96666666666665,-0.8999999999999995,0.44333333333333313,0
471,7.3,8.0,5.8,0.5,0.1,0.3,0.9,0.3,0.5,52.5,54.1,90.4,14,7,7.900000000000001,65.66666666666667,-2.0999999999999996,1.29,0
472,6.9,4.0,7.4,0.2,0.3,0.4,0.9,0.2,0.7,86.2,81.0,81.8,13,8,7.0,83.0,0.5,4.75,1
473,3.2,4.8,5.6,0.9,0.8,0.2,0.4,0.5,0.4,55.6,67.0,65.2,14,8,5.6000000000000005,62.6,1.6999999999999993,0.909999999999999,0
474,5.4,6.3,5.6,0.9,0.5,0.9,0.8,0.3,0.7,80.4,92.8,99.1,13,8,7.133333333333333,90.76666666666665,0.09999999999999964,0.003333333333333339,2
475,3.5,5.4,5.9,0.9,0.2,0.7,0.5,0.0,0.3,64.1,71.7,63.7,14,9,5.8,66.5,2.0,1.0299999999999998,0
476,4.2,5.1,6.7,0.2,0.2,0.1,0.5,0.3,0.3,58.7,59.6,60.1,11,6,5.866666666666667,59.46666666666667,2.1999999999999993,1.2633333333333328,0
477,7.9,4.8,7.8,0.5,0.3,0.7,0.2,0.5,0.5,69.0,59.6,72.1,14,8,7.733333333333333,66.89999999999999,0.40000000000000036,3.453333333333334,0
478,3.7,6.0,3.4,1.0,0.9,0.7,0.6,0.6,0.0,90.1,88.4,52.8,11,6,5.633333333333333,77.10000000000001,-1.2000000000000002,2.9733333333333336,1
479,5.5,5.9,3.3,0.8,0.3,1.0,0.2,0.4,0.1,69.6,63.3,98.9,14,9,5.833333333333333,77.26666666666667,-2.0999999999999996,1.5433333333333334,1
480,6.1,3.8,7.7,0.0,1.0,0.0,0.3,0.4,0.4,87.5,88.4,79.4,14,7,6.566666666666667,85.10000000000001,1.6999999999999993,2.123333333333332,1
481,6.5,5.4,5.6,0.1,0.5,0.2,0.9,1.0,0.9,56.3,60.3,77.8,12,8,7.033333333333334,64.8,-0.7999999999999998,0.17333333333333323,0
482,5.8,5.8,6.1,0.5,0.2,0.9,0.2,0.4,0.7,88.6,66.1,82.8,11,6,6.866666666666667,79.16666666666667,1.2000000000000002,0.5233333333333333,1
483,3.0,5.9,5.4,0.9,0.9,0.9,0.1,0.3,0.1,61.8,73.3,74.9,12,6,5.833333333333333,70.0,2.4000000000000004,2.643333333333334,0
484,4.6,4.1,3.5,0.5,0.5,0.7,0.1,0.2,0.8,83.9,97.2,51.6,11,8,5.0,77.56666666666668,-0.1999999999999993,0.0399999999999999,1
485,5.6,6.7,6.8,0.5,0.7,0.8,0.9,0.5,0.7,78.3,96.6,80.6,12,7,7.733333333333333,85.16666666666666,1.299999999999999,0.4433333333333328,2
486,3.4,3.1,6.7,0.1,1.0,0.1,0.5,0.8,0.6,96.5,60.3,85.8,13,7,5.433333333333333,80.86666666666667,3.3999999999999986,3.1033333333333304,1
487,4.8,4.8,4.6,0.7,0.1,0.5,0.4,0.2,0.8,69.4,67.9,70.8,14,7,5.633333333333333,69.36666666666667,0.0,0.21333333333333374,0
488,3.2,6.9,4.5,0.8,0.1,0.2,0.8,0.7,0.4,53.3,57.5,87.9,11,9,5.866666666666667,66.23333333333333,0.3000000000000007,2.543333333333333,0
489,3.4,5.8,7.2,0.4,0.7,0.2,0.8,0.0,0.2,51.0,75.5,61.4,11,6,6.233333333333333,62.63333333333333,3.0,2.3033333333333337,0
490,5.0,4.3,3.4,0.8,0.3,0.8,0.3,0.4,0.5,91.3,73.0,61.1,14,6,5.266666666666667,75.13333333333334,-1.3999999999999995,0.543333333333333,1
491,3.7,6.5,7.4,1.0,0.2,0.1,0.7,0.8,0.5,76.2,95.0,58.1,11,6,6.966666666666666,76.43333333333332,2.5999999999999996,1.9033333333333329,0
492,5.8,5.8,4.3,0.2,0.0,0.5,0.8,0.3,0.5,88.8,96.5,68.6,11,9,6.066666666666666,84.63333333333334,-1.5,0.5633333333333334,1
493,6.4,7.0,6.0,0.5,0.0,0.9,0.7,0.6,0.6,61.7,69.2,92.4,12,6,7.566666666666666,74.43333333333334,-0.09999999999999964,0.0033333333333333097,0
494,7.0,6.7,7.7,0.3,0.8,0.2,0.2,0.2,0.9,67.3,74.6,91.4,11,9,8.0,77.76666666666667,1.3000000000000007,0.49000000000000055,0
495,4.0,6.1,6.4,0.8,0.1,1.0,0.9,0.7,0.9,51.5,94.8,69.1,13,7,6.966666666666668,71.8,2.6000000000000005,1.693333333333334,0
496,3.8,5.4,5.1,0.6,0.5,1.0,0.5,0.1,0.9,98.1,90.3,79.5,13,8,5.966666666666666,89.3,2.0999999999999996,1.1033333333333328,1
497,3.5,3.7,6.4,0.6,0.6,0.6,0.3,0.9,0.8,83.4,50.2,86.0,14,6,5.800000000000001,73.2,3.3999999999999995,3.1599999999999993,1
498,6.2,4.3,4.7,0.8,0.4,0.2,0.4,0.2,0.9,96.7,66.0,62.1,11,6,6.033333333333334,74.93333333333332,-1.5999999999999996,1.6033333333333333,0
499,6.5,5.1,4.4,0.4,0.0,0.3,0.0,0.9,0.1,63.3,71.1,58.4,14,7,5.8999999999999995,64.26666666666667,-2.1000000000000005,1.1100000000000005,0
500,3.2,6.0,8.0,0.9,0.8,0.4,0.1,0.4,0.3,80.6,61.5,98.6,13,8,6.7,80.23333333333333,4.500000000000001,5.250000000000002,1
501,7.7,5.6,6.8,0.5,0.0,0.3,0.8,0.7,0.5,83.9,60.0,80.9,11,9,7.633333333333333,74.93333333333334,-1.4000000000000004,1.8233333333333337,0
502,3.3,4.4,6.2,0.2,0.8,0.3,0.0,0.3,0.8,65.9,51.9,99.1,11,8,5.433333333333334,72.3,3.8,3.613333333333333,0
503,5.7,3.0,4.8,0.7,0.9,1.0,0.4,0.9,0.5,92.4,82.2,66.9,14,7,5.966666666666668,80.50000000000001,-0.5000000000000009,1.0833333333333341,1
504,6.5,5.5,3.2,0.8,0.4,0.2,0.5,0.1,0.7,97.4,63.1,85.2,13,7,5.966666666666668,81.89999999999999,-3.6999999999999993,3.423333333333332,1
505,7.4,4.4,3.2,0.3,0.5,0.7,0.1,0.2,0.1,94.2,52.6,61.1,11,8,5.633333333333333,69.3,-3.8,3.8233333333333324,0
506,6.6,6.7,5.8,0.9,0.5,0.0,1.0,0.5,0.3,87.0,61.5,63.1,14,9,7.433333333333333,70.53333333333333,-2.4000000000000004,1.4933333333333338,0
507,7.0,3.1,6.8,0.9,0.4,0.6,0.2,0.1,0.7,63.9,90.1,75.6,13,9,6.599999999999999,76.53333333333333,0.0,6.75,1
508,4.7,5.9,5.7,0.3,0.9,0.9,0.3,0.2,0.2,64.1,92.6,66.0,14,6,6.366666666666667,74.23333333333333,1.5000000000000009,0.8633333333333344,1
509,7.1,7.7,7.2,1.0,0.9,0.3,0.3,0.9,0.4,98.2,74.2,58.4,12,9,8.6,76.93333333333334,-0.5,0.6699999999999997,2
510,3.4,3.9,3.2,0.1,0.3,0.2,0.2,1.0,0.3,50.5,70.8,63.1,11,8,4.2,61.46666666666667,0.0,0.75,0
511,7.5,5.4,4.8,0.2,0.6,0.7,0.0,0.4,0.3,85.8,98.9,51.8,12,7,6.633333333333334,78.83333333333333,-1.9000000000000004,0.9433333333333336,1
512,5.7,3.5,4.2,0.2,0.9,0.7,0.7,0.9,0.7,85.3,60.0,85.2,13,6,5.833333333333335,76.83333333333333,-1.0,0.4633333333333332,0
513,7.1,6.1,5.2,0.9,1.0,0.7,1.0,0.5,0.4,81.1,60.8,74.6,12,6,7.633333333333334,72.16666666666666,-2.6999999999999993,1.8233333333333324,0
514,5.3,5.8,3.4,0.7,0.5,0.3,0.2,0.3,0.6,99.5,64.6,54.7,12,7,5.7,72.93333333333334,-1.9000000000000004,1.5100000000000002,0
515,6.2,5.0,7.8,0.2,0.5,0.3,0.7,0.7,0.1,65.6,58.6,58.6,13,9,7.166666666666667,60.93333333333333,1.0999999999999988,1.0033333333333323,0
516,5.6,5.6,4.1,0.4,0.3,1.0,0.7,0.7,0.8,67.0,69.0,55.1,14,7,6.400000000000001,63.699999999999996,-0.7999999999999998,0.1899999999999998,0
517,6.7,7.5,7.6,0.6,1.0,0.9,0.8,1.0,0.4,53.9,95.5,80.6,12,9,8.833333333333334,76.66666666666667,0.8000000000000007,0.49333333333333357,2
518,3.4,4.0,5.1,0.1,0.1,0.5,0.4,0.3,0.6,72.1,80.8,54.7,14,7,4.833333333333333,69.19999999999999,2.2999999999999994,1.4633333333333323,1
519,3.3,3.1,7.9,0.9,0.6,0.8,0.3,0.7,0.7,63.1,70.6,87.7,12,8,6.1000000000000005,73.8,4.9,8.170000000000002,0
520,4.2,7.3,5.8,0.8,0.3,0.5,0.3,0.1,0.2,67.2,96.7,51.0,14,9,6.5,71.63333333333334,1.2000000000000002,1.4399999999999995,0
521,3.8,5.9,7.7,0.5,0.3,0.4,0.7,0.1,0.9,91.7,52.4,62.5,13,8,6.766666666666667,68.86666666666666,4.0,4.163333333333333,0
522,7.4,7.5,3.0,1.0,0.4,0.2,0.8,0.0,0.6,96.8,60.5,94.5,12,6,6.966666666666668,83.93333333333334,-5.3999999999999995,7.943333333333333,1
523,4.1,6.0,6.7,0.4,1.0,0.4,0.2,1.0,0.4,59.3,78.3,85.9,13,7,6.733333333333333,74.5,2.8000000000000007,3.163333333333334,0
524,7.9,7.1,7.5,1.0,0.1,0.5,0.4,0.8,0.2,68.6,80.8,53.6,12,6,8.5,67.66666666666666,-1.1000000000000014,0.4900000000000012,0
525,4.7,5.1,3.7,0.7,0.6,0.0,0.9,0.8,0.9,96.4,52.0,91.1,13,6,5.800000000000001,79.83333333333333,-1.7000000000000002,1.089999999999999,0
526,3.9,6.7,3.5,0.6,0.1,0.4,0.8,0.5,0.8,53.1,70.2,74.7,13,6,5.766666666666667,66.0,-0.5999999999999996,1.853333333333333,0
527,6.9,7.6,5.1,0.2,0.2,0.8,1.0,0.3,0.2,54.6,82.5,92.3,12,6,7.4333333333333345,76.46666666666665,-2.0000000000000018,1.3333333333333344,0
528,6.3,5.9,7.7,0.9,0.4,0.7,0.8,0.2,0.3,58.1,84.9,80.0,12,7,7.733333333333334,74.33333333333333,0.7000000000000011,1.2633333333333332,0
529,5.5,3.9,5.7,0.4,0.5,0.6,0.4,0.3,0.8,79.8,81.9,84.1,12,6,6.033333333333334,81.93333333333332,0.7999999999999989,1.493333333333333,1
530,5.8,4.3,5.6,0.2,0.3,0.9,0.6,0.4,0.7,57.5,66.0,99.7,11,7,6.266666666666667,74.39999999999999,0.6000000000000005,1.2933333333333334,0
531,6.6,4.0,3.7,0.0,0.3,0.0,0.7,0.8,0.8,98.4,54.7,61.6,14,7,5.633333333333333,71.56666666666668,-2.8,2.1733333333333333,0
532,4.1,4.2,3.0,0.6,0.1,0.6,0.1,0.5,0.4,72.3,71.4,81.2,11,8,4.533333333333332,74.96666666666665,-0.7999999999999989,0.21333333333333301,0
533,8.0,4.5,7.1,0.5,0.3,0.8,0.5,0.1,0.7,75.1,56.4,73.0,11,9,7.5,68.16666666666667,-0.40000000000000036,5.1099999999999985,0
534,7.9,5.8,3.4,0.7,1.0,0.5,0.7,0.0,0.4,62.3,97.4,52.0,13,9,6.800000000000001,70.56666666666666,-5.000000000000001,6.250000000000002,0
535,6.3,5.9,6.2,0.9,0.9,0.3,0.2,0.1,0.2,73.5,73.8,50.7,12,7,7.0,66.0,-0.7000000000000002,0.13000000000000006,0
536,4.0,5.1,7.6,0.1,0.3,0.1,0.8,0.4,0.6,83.1,65.9,56.0,14,8,6.333333333333333,68.33333333333333,3.3999999999999986,3.103333333333331,0
537,6.4,6.1,4.0,0.7,0.6,0.9,0.6,0.9,1.0,87.6,88.3,82.5,13,7,7.066666666666667,86.13333333333333,-1.7999999999999998,1.023333333333333,1
538,3.4,3.4,6.3,0.2,0.9,0.5,1.0,0.6,0.3,87.7,74.9,78.4,11,7,5.533333333333334,80.33333333333334,2.5,1.8633333333333328,1
539,3.2,3.4,3.4,0.9,0.0,0.9,0.0,0.8,0.5,78.9,65.5,77.7,12,7,4.366666666666667,74.03333333333335,0.6999999999999993,0.1433333333333331,0
540,4.3,3.9,6.0,0.8,0.8,0.6,0.3,0.5,0.7,95.2,90.6,51.6,13,8,5.966666666666668,79.13333333333334,1.8999999999999995,1.3433333333333328,1
541,5.3,5.6,3.8,0.5,0.9,0.7,0.6,0.4,0.5,90.9,93.4,73.5,12,9,6.1000000000000005,85.93333333333334,-1.4000000000000004,0.9700000000000003,1
542,7.3,4.1,6.7,0.7,0.1,0.8,0.3,0.1,0.8,87.9,83.7,96.2,13,8,6.966666666666666,89.26666666666667,0.0,5.333333333333338,1
543,6.6,4.4,4.5,0.3,0.2,0.7,0.7,0.9,0.8,52.8,52.3,69.9,12,6,6.366666666666667,58.333333333333336,-1.5999999999999996,1.203333333333332,0
544,6.7,5.0,5.3,0.5,1.0,0.4,0.8,0.8,0.1,50.3,78.3,81.2,11,8,6.866666666666667,69.93333333333334,-2.2,1.2133333333333334,0
545,5.1,7.1,6.0,0.8,0.5,0.5,0.1,0.2,1.0,60.6,88.2,89.0,14,8,7.099999999999999,79.26666666666667,1.5000000000000009,0.9300000000000009,1
546,4.7,3.1,3.9,0.5,0.0,0.8,0.5,0.5,0.8,83.2,56.8,89.2,11,8,4.933333333333334,76.39999999999999,-0.20000000000000018,1.3433333333333333,0
547,4.9,6.2,6.7,0.4,0.3,0.4,0.5,0.5,0.9,70.6,61.4,76.0,14,8,6.933333333333334,69.33333333333333,2.1999999999999993,1.2133333333333325,0
548,7.9,6.3,4.5,0.5,0.4,0.4,0.4,0.6,0.7,70.1,94.1,92.9,12,9,7.233333333333334,85.7,-3.2,2.5633333333333335,1
549,3.2,7.0,6.3,0.8,0.7,0.1,0.9,0.9,0.9,94.2,51.0,69.6,13,6,6.933333333333334,71.6,2.3999999999999995,3.523333333333332,0
550,7.3,7.7,3.8,0.3,0.7,0.9,0.8,0.6,0.1,94.8,87.6,94.4,11,9,7.3999999999999995,92.26666666666665,-3.6000000000000005,5.160000000000001,1
551,5.9,3.1,6.4,0.2,1.0,0.1,0.7,0.5,0.3,95.5,73.7,62.0,14,9,6.066666666666666,77.06666666666666,-8.881784197001252e-16,1.6133333333333344,0
552,5.2,3.8,3.6,0.7,0.3,0.6,0.7,0.1,0.9,65.7,72.3,64.0,11,8,5.300000000000001,67.33333333333333,-1.5,1.4700000000000013,0
553,6.6,7.4,5.1,0.8,0.5,0.4,0.5,0.1,0.2,84.6,50.4,52.7,14,7,7.199999999999999,62.56666666666666,-2.1999999999999984,1.6899999999999986,0
554,5.4,5.3,4.2,0.1,0.5,0.4,0.9,0.2,0.1,63.6,91.0,89.8,11,7,5.7,81.46666666666665,-1.7000000000000002,0.79,0
555,7.4,5.8,6.7,0.2,0.4,0.7,0.7,0.0,0.8,59.5,68.0,70.9,14,9,7.566666666666667,66.13333333333334,-0.09999999999999964,1.4033333333333342,0
556,7.5,6.3,4.3,0.1,0.2,0.1,0.7,0.7,0.8,59.2,77.0,61.5,14,9,6.8999999999999995,65.89999999999999,-3.0999999999999996,2.4699999999999998,0
557,5.1,6.4,7.4,0.3,1.0,0.6,0.9,0.7,0.2,67.1,83.9,61.6,12,8,7.533333333333332,70.86666666666666,1.8999999999999995,1.1433333333333329,2
558,4.4,7.7,7.5,0.5,0.9,0.8,0.3,0.1,0.9,71.5,85.1,95.1,14,9,7.699999999999999,83.89999999999999,3.999999999999999,4.749999999999998,2
559,6.0,8.0,4.0,0.7,0.5,0.8,0.8,0.8,0.7,91.5,97.8,91.7,12,8,7.433333333333334,93.66666666666667,-2.0,3.613333333333334,2
560,7.6,6.6,6.1,0.7,0.6,0.2,0.2,0.2,0.5,56.0,76.6,77.7,14,7,7.5666666666666655,70.10000000000001,-1.6999999999999984,0.7433333333333321,0
561,4.1,4.4,3.4,0.6,0.2,0.9,0.3,0.3,0.8,86.7,70.0,80.8,13,7,4.999999999999999,79.16666666666667,0.10000000000000053,0.009999999999999929,1
562,6.1,7.4,5.0,0.4,0.5,0.7,0.3,0.2,0.4,76.6,97.7,73.7,13,6,7.0,82.66666666666667,-0.6999999999999993,1.0299999999999991,1
563,6.2,3.2,6.6,0.8,0.7,0.9,1.0,0.4,0.2,64.4,82.1,69.6,13,7,6.666666666666667,72.03333333333333,-0.2999999999999998,4.223333333333332,0
564,6.7,4.2,6.3,0.5,0.5,0.5,0.9,0.3,0.3,74.6,64.9,95.8,14,9,6.733333333333333,78.43333333333334,-1.0,2.503333333333333,2
565,3.7,7.5,6.1,1.0,1.0,0.5,0.7,0.5,0.5,65.0,56.3,56.3,12,7,7.166666666666667,59.199999999999996,1.6999999999999993,3.2433333333333327,0
566,6.6,4.3,4.4,0.6,0.6,0.9,0.7,0.4,0.5,79.8,92.1,70.9,12,8,6.333333333333333,80.93333333333332,-2.099999999999998,1.903333333333331,1
567,7.5,4.1,4.9,0.1,0.4,0.9,0.6,1.0,0.8,71.7,68.1,67.2,14,7,6.766666666666667,69.0,-1.5999999999999988,1.8433333333333324,0
568,3.9,3.7,3.5,0.7,0.8,0.4,0.9,0.1,0.8,58.2,83.0,74.9,13,6,4.933333333333334,72.03333333333333,-0.7999999999999998,0.2433333333333334,1
569,4.2,7.3,6.6,0.3,0.2,0.3,0.5,0.1,0.6,55.8,73.5,72.9,13,7,6.699999999999999,67.4,2.499999999999999,2.169999999999999,0
570,7.9,5.5,5.5,0.7,0.4,0.4,0.4,0.1,0.8,77.3,59.9,75.9,12,8,7.233333333333333,71.03333333333333,-2.3,2.4633333333333334,1
571,3.9,6.4,6.5,0.1,0.3,0.4,0.2,0.6,0.2,95.1,80.1,57.0,13,8,6.2,77.39999999999999,2.9000000000000004,3.01,0
572,7.3,4.2,4.2,0.2,0.4,0.3,0.8,0.1,0.1,67.2,53.0,75.7,11,9,5.866666666666667,65.3,-3.700000000000001,4.443333333333335,0
573,5.5,6.8,4.6,0.9,0.8,0.3,0.7,0.8,0.9,86.7,70.7,62.1,12,7,7.1000000000000005,73.16666666666667,-1.3000000000000007,1.6900000000000008,1
574,4.2,6.8,4.7,0.2,0.5,0.9,0.4,0.5,0.1,82.9,77.3,59.2,13,8,6.1000000000000005,73.13333333333333,0.8999999999999995,2.3699999999999983,0
575,7.4,4.6,3.1,0.8,0.8,0.1,0.0,0.5,0.2,96.6,71.8,53.2,12,6,5.833333333333333,73.86666666666666,-4.800000000000001,5.7633333333333345,1
576,5.2,5.1,4.7,0.3,0.6,0.7,0.8,0.6,0.7,91.0,87.4,88.1,11,9,6.233333333333333,88.83333333333333,-0.1999999999999993,0.01333333333333318,1
577,5.6,4.0,7.0,0.6,0.3,0.2,0.0,0.2,0.4,78.3,91.4,71.4,12,6,6.099999999999999,80.36666666666666,1.4000000000000004,2.4099999999999993,1
578,4.8,7.9,7.5,0.7,0.8,0.3,0.7,0.2,0.9,82.9,88.6,81.3,12,7,7.933333333333334,84.26666666666667,2.499999999999999,2.2633333333333328,2
579,6.0,6.2,5.6,0.5,0.2,0.1,1.0,0.3,0.3,94.9,51.9,86.4,12,7,6.733333333333333,77.73333333333333,-1.5000000000000009,0.5633333333333339,1
580,3.8,7.7,5.3,0.3,0.2,0.3,0.4,0.6,0.0,70.0,59.7,84.0,12,7,6.2,71.23333333333333,1.0999999999999996,4.2700000000000005,0
581,5.0,4.5,3.2,0.2,0.5,0.8,0.2,0.2,0.3,66.3,76.8,73.5,11,9,4.966666666666668,72.2,-1.1000000000000005,0.34333333333333366,0
582,7.8,6.9,7.4,0.0,0.3,0.9,0.7,0.1,0.6,50.5,96.7,69.4,14,8,8.233333333333334,72.2,0.40000000000000036,0.6933333333333337,2
583,4.3,6.8,3.1,0.3,0.0,0.2,0.8,1.0,0.4,91.3,91.7,68.8,12,9,5.633333333333333,83.93333333333334,-1.7000000000000002,4.243333333333332,1
584,6.3,6.5,7.7,0.7,0.6,0.5,0.5,0.0,0.5,90.0,92.1,82.0,12,6,7.766666666666666,88.03333333333335,1.1999999999999993,0.6933333333333329,2
585,4.6,7.8,5.4,0.9,0.5,0.5,1.0,0.8,0.9,55.2,65.2,74.7,13,9,7.466666666666666,65.03333333333335,0.3000000000000007,2.0233333333333325,0
586,6.9,5.0,4.7,0.9,0.4,0.9,0.1,0.8,0.9,78.8,71.5,92.5,12,6,6.866666666666667,80.93333333333334,-1.3999999999999995,0.8233333333333333,1
587,3.7,3.7,7.6,0.8,1.0,0.8,0.5,0.3,0.3,73.2,73.5,93.7,13,9,6.233333333333334,80.13333333333333,3.700000000000001,4.563333333333336,0
588,7.8,6.4,3.1,0.8,0.6,0.5,0.7,0.1,0.5,55.9,57.9,58.5,14,8,6.833333333333333,57.43333333333334,-5.200000000000001,6.813333333333336,0
589,5.3,6.6,5.9,0.7,0.9,0.7,0.9,0.1,0.5,99.0,51.6,56.8,11,6,7.2,69.13333333333333,0.20000000000000018,0.12999999999999973,0
590,4.2,5.9,5.7,0.3,0.1,0.8,0.2,0.7,0.9,60.7,97.3,81.5,11,7,6.266666666666667,79.83333333333333,2.7,1.9633333333333334,0
591,3.4,4.0,4.1,0.9,0.6,0.0,0.8,0.6,1.0,53.4,62.0,65.1,14,7,5.133333333333333,60.166666666666664,0.0,0.00333333333333331,0
592,3.8,5.5,5.1,0.7,0.9,0.4,0.6,0.8,0.2,79.7,62.0,50.9,11,9,6.0,64.2,0.6000000000000005,1.1700000000000004,0
593,5.6,4.6,6.3,0.6,0.6,0.9,0.4,0.9,0.7,86.9,54.2,94.4,14,7,6.866666666666667,78.50000000000001,1.3000000000000007,0.8633333333333341,1
594,4.7,5.1,6.6,0.1,0.7,0.7,0.1,0.7,0.4,51.6,96.4,61.3,14,6,6.366666666666667,69.76666666666667,2.8,1.9733333333333332,0
595,7.1,6.2,3.0,0.4,0.4,0.5,0.9,0.2,0.0,82.9,79.0,96.5,14,7,6.233333333333334,86.13333333333333,-4.9,6.243333333333334,1
596,5.2,6.7,7.7,0.5,0.1,0.5,0.2,0.2,0.0,76.6,83.4,85.9,11,8,7.033333333333334,81.96666666666667,2.299999999999999,1.323333333333332,2
597,4.2,4.2,3.8,0.9,0.5,0.3,0.3,0.8,0.5,55.2,95.6,88.1,13,8,5.166666666666667,79.63333333333334,-0.8000000000000007,0.24333333333333362,1
598,6.1,5.0,4.2,0.5,0.4,0.5,0.3,0.2,0.5,58.6,67.3,60.1,14,9,5.8999999999999995,62.0,-1.7000000000000002,0.79,0
599,6.5,4.3,4.3,0.4,0.9,0.7,0.9,0.1,0.0,78.4,81.1,61.7,12,6,6.033333333333334,73.73333333333333,-2.8000000000000007,2.3633333333333346,0
600,3.8,4.0,3.2,1.0,0.2,0.4,0.7,0.7,0.7,64.8,51.9,76.1,11,8,4.8999999999999995,64.26666666666667,-1.2000000000000002,0.3600000000000001,0
601,3.8,6.9,3.6,0.1,1.0,0.7,0.8,0.4,0.3,96.9,59.3,58.6,14,8,5.866666666666667,71.6,-0.10000000000000053,4.443333333333335,0
602,3.2,7.5,7.9,0.4,1.0,0.9,0.3,0.9,0.6,90.9,91.6,65.3,14,6,7.566666666666667,82.60000000000001,5.5,10.083333333333336,2
603,6.7,4.9,4.6,0.0,0.2,0.2,0.6,0.7,0.3,99.2,88.3,66.1,12,7,6.066666666666667,84.53333333333333,-2.2,1.2633333333333332,1
604,6.3,6.8,3.6,0.7,0.3,0.5,0.6,0.1,0.2,63.0,67.5,58.0,13,7,6.366666666666666,62.833333333333336,-3.3,3.2433333333333327,0
605,5.4,7.5,3.5,0.9,0.9,0.4,0.8,0.9,0.4,98.5,68.8,60.3,13,9,6.900000000000001,75.86666666666667,-2.8000000000000007,6.280000000000003,0
606,7.2,7.2,6.6,0.3,1.0,0.7,0.9,0.3,0.2,71.6,76.7,89.4,13,7,8.133333333333333,79.23333333333333,-0.9000000000000004,0.30333333333333345,2
607,7.0,3.9,7.3,0.9,0.4,0.2,0.0,0.3,0.5,67.4,50.0,58.4,14,6,6.833333333333333,58.6,0.09999999999999964,3.743333333333334,0
608,5.9,7.8,4.3,0.3,0.3,0.6,0.7,0.4,0.2,52.5,62.1,51.4,14,8,6.833333333333333,55.333333333333336,-1.8000000000000007,2.893333333333334,0
609,7.3,4.9,3.1,0.9,0.5,0.9,0.1,0.1,0.5,52.6,60.4,81.5,14,7,6.099999999999999,64.83333333333333,-3.799999999999999,3.8799999999999977,0
610,4.0,4.7,4.1,0.8,0.7,0.4,0.5,0.5,0.2,84.6,62.5,98.8,11,9,5.3,81.96666666666665,-0.5999999999999996,0.3600000000000001,1
611,3.6,3.3,3.3,0.8,0.3,0.9,0.3,0.1,0.7,72.9,90.3,66.6,12,7,4.433333333333334,76.6,0.20000000000000018,0.41333333333333344,0
612,4.3,5.4,3.5,0.0,0.7,1.0,0.3,0.4,0.8,61.3,64.0,55.9,14,6,5.466666666666668,60.4,0.7000000000000002,0.9233333333333346,0
613,3.3,3.5,5.2,1.0,0.1,0.1,0.4,0.4,0.1,80.7,59.6,78.5,12,9,4.7,72.93333333333334,0.7000000000000002,0.49000000000000027,0
614,5.7,4.2,4.1,0.7,0.0,0.2,0.6,0.8,0.5,62.6,75.2,95.3,12,7,5.6000000000000005,77.7,-2.2,1.48,1
615,7.7,4.6,5.6,0.3,0.4,1.0,0.3,0.8,0.1,78.9,93.3,89.2,13,9,6.933333333333334,87.13333333333333,-1.6000000000000014,1.6033333333333348,2
616,3.2,7.0,4.3,0.8,0.4,1.0,0.7,0.2,0.6,68.0,62.1,81.1,11,6,6.066666666666667,70.39999999999999,1.2000000000000002,2.123333333333332,0
617,3.6,7.4,7.7,0.3,0.3,0.1,0.4,0.4,0.3,91.2,53.9,65.8,14,8,6.833333333333333,70.3,3.8,4.8133333333333335,2
618,5.3,4.5,7.5,0.9,0.5,0.0,0.1,0.4,0.5,91.0,67.8,77.1,13,6,6.566666666666666,78.63333333333334,1.7000000000000002,1.743333333333333,1
619,7.7,7.3,5.8,0.1,0.3,0.2,0.8,0.2,0.5,73.9,87.4,54.6,13,6,7.633333333333333,71.96666666666667,-2.0999999999999996,1.123333333333333,2
620,4.6,7.3,4.8,0.7,0.2,1.0,0.3,0.8,0.9,67.5,77.5,83.9,14,6,6.866666666666667,76.3,1.1000000000000005,1.8433333333333346,2
621,5.5,6.8,4.9,0.5,0.3,0.2,0.4,0.7,0.5,68.1,90.8,86.3,12,6,6.6000000000000005,81.73333333333333,-0.7999999999999998,1.2399999999999993,1
622,3.2,3.7,5.1,0.1,1.0,0.5,0.7,0.2,0.6,90.3,98.0,98.3,13,8,5.033333333333333,95.53333333333335,2.1999999999999993,1.2233333333333325,1
623,3.7,6.5,6.6,0.2,0.4,0.8,0.3,0.4,0.4,66.4,89.6,63.0,12,8,6.433333333333334,73.0,3.5999999999999996,3.8033333333333332,1
624,7.9,7.7,5.3,0.0,0.4,0.0,0.1,0.1,0.9,60.5,80.2,50.9,11,9,7.466666666666666,63.86666666666667,-1.7999999999999998,1.2133333333333327,0
625,7.8,6.4,7.3,0.5,0.6,0.6,0.4,0.6,0.8,54.2,74.7,77.3,12,7,8.333333333333334,68.73333333333333,-1.7763568394002505e-15,0.4033333333333337,0
626,3.0,4.7,7.7,0.3,1.0,0.3,0.9,0.1,0.3,73.3,52.0,85.3,11,8,6.1000000000000005,70.2,4.1000000000000005,4.270000000000001,0
627,7.8,5.5,4.7,0.6,0.2,0.9,0.6,1.0,0.8,74.1,99.2,89.5,12,8,7.366666666666667,87.60000000000001,-2.5999999999999996,2.023333333333333,2
628,6.2,6.2,5.8,0.3,0.7,0.3,0.7,0.8,0.4,92.0,69.2,59.7,13,7,7.133333333333333,73.63333333333333,-0.7000000000000002,0.36333333333333345,0
629,7.3,5.6,3.5,0.3,0.7,0.7,0.6,0.4,0.8,61.1,57.6,63.1,13,8,6.633333333333333,60.6,-3.1999999999999993,2.563333333333332,0
630,5.3,3.6,4.0,0.7,0.6,0.7,0.2,0.6,0.8,69.0,83.3,75.6,11,6,5.5,75.96666666666667,-0.7000000000000002,0.49000000000000027,0
631,5.6,4.6,5.1,0.0,0.1,0.2,0.4,0.9,0.2,90.4,64.2,66.5,14,6,5.7,73.7,-0.5,0.07000000000000003,1
632,5.4,7.0,4.0,0.9,0.7,0.0,0.8,0.6,0.7,91.2,79.3,93.0,11,7,6.7,87.83333333333333,-2.4000000000000004,3.360000000000001,1
633,6.3,7.3,7.4,0.9,0.1,0.4,0.1,0.2,0.3,69.2,79.3,73.7,11,9,7.666666666666667,74.06666666666666,0.8000000000000016,0.16333333333333405,0
634,3.7,3.7,3.8,0.7,0.6,0.3,0.3,0.4,0.3,73.0,72.3,90.0,12,9,4.6000000000000005,78.43333333333334,-0.2999999999999998,0.029999999999999964,1
635,3.1,7.8,5.3,0.6,0.7,0.8,0.3,0.8,0.3,65.2,91.8,79.0,12,7,6.566666666666667,78.66666666666667,2.4000000000000004,7.043333333333335,1
636,4.5,4.6,6.0,0.9,0.2,0.8,0.4,0.6,0.7,96.6,63.2,88.7,11,7,6.233333333333334,82.83333333333333,1.6999999999999993,1.2433333333333327,1
637,6.5,6.3,6.5,0.2,0.8,0.5,1.0,0.7,0.2,55.9,72.4,66.6,13,6,7.566666666666666,64.96666666666667,-0.5,0.10333333333333325,0
638,4.0,6.8,4.9,0.1,0.0,0.6,0.1,0.9,0.0,96.7,76.9,91.6,12,9,5.8,88.40000000000002,1.3000000000000007,3.1300000000000017,1
639,6.4,7.1,7.3,0.2,0.8,0.6,0.5,0.9,0.7,84.2,83.2,63.7,14,8,8.166666666666666,77.03333333333335,1.4999999999999991,0.863333333333332,2
640,7.8,7.7,5.8,0.8,0.5,0.8,0.2,0.9,0.2,76.6,89.2,77.3,12,6,8.233333333333333,81.03333333333335,-1.9999999999999991,1.5633333333333328,2
641,3.5,4.6,5.2,0.0,0.2,0.4,1.0,0.1,0.1,51.6,69.7,60.7,12,7,5.033333333333334,60.666666666666664,1.2000000000000002,0.3733333333333334,0
642,6.4,7.3,3.3,0.6,0.1,0.3,0.1,0.5,0.2,73.8,82.3,73.8,14,9,6.266666666666666,76.63333333333333,-3.3,4.723333333333331,2
643,5.2,3.7,5.3,1.0,1.0,0.3,0.4,0.7,0.4,70.4,57.5,65.9,11,8,6.0,64.60000000000001,-0.6000000000000005,0.3600000000000001,0
644,7.3,6.5,7.1,0.9,0.1,0.5,0.7,0.8,0.5,58.1,96.6,63.3,14,8,8.133333333333333,72.66666666666667,-0.7999999999999989,0.5633333333333332,0
645,3.9,6.7,6.1,0.5,0.2,0.4,0.7,0.6,0.0,82.8,69.2,98.3,11,6,6.366666666666667,83.43333333333334,1.3999999999999995,1.4533333333333325,1
646,6.5,6.4,7.2,0.1,0.3,0.4,0.4,0.2,1.0,98.6,86.5,58.0,11,9,7.5,81.03333333333333,1.6000000000000014,0.9100000000000014,1
647,7.2,4.3,5.5,0.8,0.6,0.1,0.3,0.8,0.7,78.1,51.0,89.4,11,9,6.766666666666667,72.83333333333333,-2.000000000000001,1.8533333333333353,0
648,7.7,7.4,3.6,0.6,0.5,0.7,0.4,0.7,0.3,85.7,60.3,99.2,14,7,7.3,81.73333333333333,-4.100000000000001,5.470000000000002,1
649,6.4,3.8,3.1,0.1,0.1,0.2,0.3,0.1,0.3,53.4,74.4,51.0,11,9,4.8,59.6,-3.1999999999999997,3.0399999999999996,0
650,5.5,3.3,4.5,0.1,0.3,0.2,0.2,0.5,0.4,70.9,93.9,85.0,13,9,5.0,83.26666666666667,-0.6999999999999993,0.7300000000000001,0
651,6.1,6.6,6.5,0.9,0.2,0.4,0.5,0.2,0.6,55.8,76.4,62.6,14,6,7.333333333333333,64.93333333333332,0.0,0.08333333333333333,0
652,7.3,5.4,7.0,0.7,0.2,0.2,0.3,0.3,0.1,80.6,96.5,52.0,13,9,7.166666666666667,76.36666666666666,-1.0000000000000009,1.4533333333333336,2
653,5.9,7.2,4.5,0.8,0.4,0.6,0.3,0.0,0.2,96.9,74.2,70.1,11,8,6.633333333333333,80.4,-1.7000000000000002,1.4233333333333333,0
654,3.2,4.9,5.5,0.9,0.7,0.4,0.7,0.4,0.9,83.1,74.5,96.8,12,6,5.866666666666667,84.8,2.0,1.0133333333333334,1
655,7.7,3.8,5.1,0.6,0.2,0.4,1.0,0.5,0.3,53.8,56.0,50.6,11,6,6.533333333333334,53.46666666666667,-3.500000000000001,6.163333333333335,0
656,6.4,7.2,5.1,0.5,0.4,0.5,0.6,0.6,0.4,67.7,90.1,79.4,13,7,7.233333333333334,79.06666666666668,-1.5,1.2633333333333345,0
657,6.4,5.7,4.2,0.4,0.4,0.2,0.1,0.7,0.9,77.5,62.3,75.1,13,9,6.333333333333333,71.63333333333334,-1.5999999999999996,0.8033333333333331,0
658,4.1,3.9,3.7,0.3,1.0,0.2,0.1,0.8,0.7,70.2,95.0,93.7,14,7,4.933333333333334,86.3,0.10000000000000142,0.4433333333333337,0
659,6.3,6.6,4.0,0.4,1.0,0.9,1.0,0.2,0.3,91.7,95.5,54.2,12,8,6.8999999999999995,80.46666666666665,-2.5,2.1699999999999995,2
660,5.0,5.6,3.3,0.8,0.8,0.4,0.3,0.1,0.7,90.7,97.2,84.1,14,6,5.666666666666667,90.66666666666667,-1.6999999999999993,1.2433333333333318,1
661,6.3,6.0,4.0,0.6,0.2,0.4,0.1,0.9,0.0,80.6,76.0,84.0,13,6,6.166666666666667,80.2,-2.5999999999999988,2.3433333333333324,0
662,3.5,5.3,3.0,0.9,0.1,0.0,0.6,0.2,0.7,68.7,83.9,83.5,11,6,4.766666666666667,78.7,-1.2999999999999998,0.9433333333333329,1
663,6.3,7.1,6.1,0.4,0.3,0.5,0.6,1.0,0.5,62.8,88.9,97.1,12,8,7.599999999999999,82.93333333333332,-0.20000000000000018,0.4899999999999991,2
664,8.0,7.1,4.6,0.6,0.3,0.6,0.6,0.8,0.8,55.3,56.6,91.2,11,8,7.8,67.7,-3.2,2.68,0
665,3.2,6.5,7.9,0.6,0.5,0.6,0.3,0.5,1.0,67.7,80.0,52.1,11,7,7.033333333333334,66.6,5.3999999999999995,7.453333333333331,0
666,7.9,3.5,4.0,0.6,0.8,0.7,0.0,1.0,0.9,70.7,51.7,73.6,12,7,6.466666666666668,65.33333333333333,-2.8999999999999995,3.1233333333333335,0
667,5.0,7.2,4.7,0.7,0.9,0.2,1.0,0.1,0.9,83.8,74.9,69.9,14,7,6.8999999999999995,76.2,-0.8999999999999995,1.4699999999999984,1
668,7.4,6.4,4.8,0.2,0.8,0.3,0.3,0.3,0.5,82.9,57.7,65.5,11,9,7.0,68.7,-2.3000000000000007,1.5100000000000007,0
669,6.9,6.5,3.0,0.5,0.4,0.8,0.7,0.6,0.4,53.5,59.1,72.6,13,6,6.6000000000000005,61.73333333333333,-3.8999999999999995,4.409999999999999,0
670,5.8,4.8,7.2,0.1,0.7,0.9,0.7,0.4,0.5,69.8,68.3,69.2,11,6,7.033333333333334,69.10000000000001,2.0,1.9633333333333325,0
671,6.7,7.4,3.2,0.4,0.3,0.1,0.6,0.9,0.7,59.1,71.6,71.6,12,7,6.766666666666667,67.43333333333332,-3.7,5.9433333333333325,0
672,7.4,6.6,7.7,0.5,0.1,0.5,0.3,0.1,0.9,57.8,81.2,99.0,12,6,8.033333333333333,79.33333333333333,0.8999999999999986,1.3433333333333346,2
673,5.0,3.6,7.5,0.7,0.7,0.2,0.3,0.5,0.2,91.4,53.7,54.4,12,7,6.233333333333334,66.50000000000001,1.9000000000000004,2.4433333333333342,0
674,4.6,5.0,5.7,1.0,0.0,0.1,0.6,0.6,0.9,52.1,75.2,96.1,14,9,6.166666666666667,74.46666666666667,0.5000000000000009,0.3033333333333336,0
675,6.3,7.4,5.7,0.6,0.4,0.3,0.9,0.7,0.8,71.0,59.1,74.0,11,9,7.7,68.03333333333333,-1.0,0.7300000000000001,0
676,7.0,3.2,6.3,0.7,0.3,0.1,0.9,0.3,1.0,58.4,78.7,81.2,14,8,6.599999999999999,72.76666666666667,-1.200000000000001,6.239999999999998,0
677,6.8,7.8,4.9,0.5,0.7,0.7,0.1,0.4,0.9,94.0,81.9,91.5,14,9,7.599999999999999,89.13333333333333,-0.8999999999999977,1.4699999999999998,2
678,7.0,6.4,6.2,0.6,0.8,0.5,0.2,0.8,0.3,77.9,77.8,68.0,12,7,7.6000000000000005,74.56666666666666,-0.7999999999999998,0.27999999999999997,0
679,5.2,6.2,3.2,0.1,0.3,0.1,0.9,0.2,0.1,61.6,86.9,71.5,12,9,5.433333333333334,73.33333333333333,-2.8,3.163333333333333,1
680,7.1,4.4,3.3,0.3,0.8,0.0,0.7,0.8,0.1,75.1,66.8,70.5,14,8,5.833333333333333,70.8,-4.699999999999999,5.543333333333333,0
681,3.6,4.2,5.3,0.4,0.3,0.8,0.9,0.6,0.3,86.6,88.3,68.7,11,6,5.466666666666666,81.19999999999999,1.5,0.6633333333333336,0
682,5.7,7.7,5.7,0.5,0.4,0.2,0.2,0.8,0.6,97.9,71.6,96.3,13,7,7.266666666666667,88.60000000000001,0.09999999999999964,2.003333333333334,1
683,3.0,4.5,7.4,0.0,0.7,0.6,0.6,0.7,0.8,61.0,74.2,91.4,14,6,6.1000000000000005,75.53333333333333,5.200000000000001,6.790000000000002,0
684,4.6,6.9,3.5,0.1,0.7,0.3,0.7,0.2,0.9,94.3,82.4,55.4,11,8,5.966666666666668,77.36666666666666,-0.7000000000000002,2.6433333333333344,1
685,4.8,5.0,7.1,0.3,1.0,0.6,0.7,0.6,0.6,96.7,50.9,55.4,12,8,6.899999999999999,67.66666666666667,2.499999999999999,1.629999999999999,1
686,5.0,3.7,4.1,1.0,0.2,0.3,0.4,0.9,0.0,95.8,82.7,71.4,12,8,5.2,83.3,-2.0,1.1199999999999999,1
687,6.5,3.1,5.0,0.3,0.7,0.1,0.0,0.4,0.2,81.8,80.9,54.9,11,6,5.433333333333334,72.53333333333333,-1.5,1.703333333333333,1
688,4.9,5.7,4.6,0.5,0.6,0.2,0.6,1.0,0.1,81.5,65.5,81.0,13,6,6.066666666666667,76.0,-1.0999999999999996,1.4433333333333327,0
689,5.2,7.9,5.0,0.2,0.9,0.2,0.3,0.5,0.4,70.2,54.3,57.2,12,6,6.866666666666667,60.56666666666666,-0.09999999999999964,4.443333333333334,0
690,4.2,4.8,3.8,0.6,0.2,0.4,0.5,0.1,0.5,87.6,54.5,76.1,12,6,5.033333333333332,72.73333333333333,-0.5999999999999996,0.09333333333333321,1
691,4.9,4.8,5.5,0.3,0.8,0.7,1.0,0.4,0.0,76.6,96.2,50.4,12,8,6.133333333333333,74.4,0.0,0.013333333333333358,0
692,4.1,4.7,7.0,0.2,0.6,0.3,0.4,1.0,0.3,83.9,84.5,65.8,11,8,6.2,78.06666666666666,2.8999999999999995,2.109999999999999,0
693,3.4,5.6,5.2,0.5,0.3,0.0,0.8,0.3,0.2,71.4,56.4,83.9,14,7,5.433333333333333,70.56666666666668,0.7000000000000002,0.5633333333333327,0
694,6.0,5.2,5.5,0.0,0.5,0.5,0.2,0.9,0.6,86.6,67.8,74.2,12,7,6.466666666666666,76.19999999999999,0.39999999999999947,0.053333333333333316,1
695,6.3,7.4,7.2,0.0,0.3,0.6,0.7,0.9,0.5,91.2,79.6,98.9,14,6,7.966666666666666,89.90000000000002,1.3000000000000007,0.7233333333333334,2
696,6.1,5.5,6.5,0.2,0.6,1.0,1.0,0.4,0.5,57.3,91.8,93.7,13,9,7.266666666666667,80.93333333333334,0.7000000000000002,0.5633333333333334,2
697,5.3,5.5,5.5,0.0,0.9,0.6,0.1,0.1,0.4,91.6,52.2,68.0,12,9,6.133333333333333,70.60000000000001,1.0999999999999996,0.4033333333333331,0
698,4.9,3.7,4.3,0.1,0.6,0.5,0.0,0.7,1.0,77.0,61.8,52.3,12,8,5.266666666666667,63.70000000000001,0.7999999999999998,0.21333333333333326,0
699,7.3,7.9,7.4,0.3,0.6,0.6,0.4,0.3,0.2,92.2,94.5,92.3,13,8,8.333333333333334,93.0,0.1999999999999993,0.17333333333333376,2
700,5.6,4.2,5.9,0.8,0.5,0.9,0.1,0.8,0.5,71.6,50.5,95.6,12,8,6.433333333333334,72.56666666666666,0.8000000000000016,0.8133333333333339,0
701,5.4,3.4,4.1,0.6,0.1,0.8,0.7,0.4,0.7,69.0,60.1,91.0,14,7,5.3999999999999995,73.36666666666666,-1.1000000000000005,1.9900000000000002,1
702,3.1,6.3,4.3,0.5,0.2,0.3,0.9,0.5,0.6,95.8,98.0,56.4,11,7,5.566666666666666,83.4,0.6999999999999993,1.6633333333333333,1
703,4.7,6.0,7.0,0.3,0.5,0.2,0.4,0.8,0.9,62.6,80.7,99.9,14,8,6.933333333333333,81.06666666666668,2.6999999999999993,1.923333333333332,0
704,4.9,5.1,3.2,0.9,0.3,0.3,0.3,0.4,0.4,92.2,63.1,62.9,11,8,5.266666666666667,72.73333333333333,-2.2000000000000006,1.4233333333333338,0
705,5.0,5.1,8.0,0.4,0.2,0.5,0.4,0.4,0.5,74.2,53.3,86.2,11,8,6.833333333333333,71.23333333333333,3.1999999999999993,3.5233333333333325,1
706,5.9,6.9,3.7,0.1,0.5,0.7,0.7,0.4,0.1,75.7,51.4,95.4,14,9,6.333333333333333,74.16666666666667,-2.2,2.823333333333334,1
707,5.7,4.0,7.0,0.6,0.3,0.5,0.0,0.4,0.6,65.4,62.2,61.8,14,7,6.366666666666667,63.13333333333333,1.7999999999999998,2.8933333333333326,0
708,6.0,7.1,5.0,0.1,0.3,0.1,0.6,0.5,0.3,78.7,94.1,95.4,14,9,6.666666666666667,89.40000000000002,-1.299999999999999,1.5633333333333312,1
709,6.8,6.2,5.5,0.3,0.5,0.7,0.6,0.8,0.2,66.3,70.8,65.5,14,9,7.2,67.53333333333333,-1.299999999999999,0.4899999999999993,0
710,7.1,5.1,7.4,0.5,0.1,0.8,0.6,0.4,0.5,52.0,86.0,98.8,13,8,7.5,78.93333333333334,0.5000000000000018,2.7700000000000014,2
711,6.6,5.3,5.1,0.9,0.9,0.3,0.2,0.5,0.5,63.6,95.9,64.1,12,8,6.766666666666667,74.53333333333333,-1.7999999999999998,0.8133333333333331,1
712,7.8,4.3,5.7,0.5,0.9,0.7,0.7,0.7,0.1,50.3,70.4,97.7,11,6,7.133333333333333,72.8,-2.5,2.7033333333333327,1
713,3.1,6.8,3.2,0.7,0.7,0.4,0.1,0.3,0.7,98.9,59.6,52.7,14,6,5.333333333333333,70.39999999999999,0.3999999999999999,4.6033333333333335,0
714,4.0,5.6,3.0,1.0,0.1,0.9,0.2,0.3,0.6,98.3,75.9,85.5,14,9,5.233333333333333,86.56666666666666,-0.7000000000000002,0.5633333333333326,1
715,3.0,4.6,4.2,0.1,0.8,0.8,0.9,0.9,0.2,69.8,95.4,76.6,14,7,5.166666666666667,80.6,1.2000000000000002,1.3233333333333333,1
716,6.2,6.0,6.4,0.3,0.8,0.5,0.7,0.7,0.5,86.4,90.2,73.9,13,8,7.366666666666667,83.50000000000001,0.20000000000000018,0.023333333333333317,2
717,7.5,8.0,3.6,0.4,0.8,0.7,0.0,0.6,0.7,67.3,53.3,61.2,14,8,7.433333333333334,60.6,-2.9000000000000004,5.003333333333334,0
718,4.2,5.2,3.6,0.4,0.1,0.9,0.2,0.6,0.5,83.6,84.6,85.3,14,9,5.233333333333333,84.5,0.1999999999999993,0.34333333333333327,1
719,7.6,7.6,5.1,0.4,0.6,0.5,0.2,0.0,0.4,90.3,78.6,59.5,14,6,7.466666666666666,76.13333333333333,-2.1999999999999993,1.6133333333333324,0
720,3.3,4.7,6.2,0.9,0.8,0.3,0.3,0.6,0.3,97.3,95.4,77.6,12,7,5.8,90.09999999999998,2.3,1.3899999999999997,1
721,7.7,3.3,6.6,0.7,0.6,0.8,0.2,0.5,0.6,70.0,56.1,62.7,13,6,7.0,62.93333333333334,-0.6000000000000005,5.1599999999999975,0
722,4.8,4.0,3.9,0.6,0.6,0.2,0.1,0.5,0.9,89.2,76.7,97.8,14,6,5.199999999999999,87.89999999999999,-0.4999999999999991,0.06999999999999977,1
723,3.5,5.1,3.4,0.3,0.5,0.4,0.5,0.4,0.7,63.3,94.0,51.4,11,6,4.933333333333334,69.56666666666668,0.20000000000000018,0.8633333333333335,1
724,5.4,4.1,7.7,0.8,0.5,0.9,0.7,0.1,0.1,99.5,70.5,60.0,11,6,6.766666666666666,76.66666666666667,1.799999999999999,4.013333333333334,1
725,4.3,3.0,4.3,1.0,0.0,0.7,0.6,0.2,0.5,51.3,74.1,62.1,11,8,4.866666666666667,62.5,-0.40000000000000036,2.1233333333333335,0
726,4.4,7.6,7.3,0.8,0.6,0.4,0.7,1.0,0.9,80.2,53.5,70.7,13,8,7.8999999999999995,68.13333333333333,2.6999999999999993,3.089999999999998,0
727,4.5,7.2,7.3,0.0,0.1,0.2,0.1,0.4,0.1,83.0,63.9,61.6,13,6,6.633333333333333,69.5,3.0,3.103333333333334,0
728,7.0,6.7,6.9,0.6,0.4,0.4,1.0,0.5,1.0,84.4,66.2,74.6,11,7,8.166666666666666,75.06666666666668,-0.29999999999999893,0.2633333333333335,2
729,5.7,3.8,3.8,0.1,0.3,0.3,0.8,0.1,0.9,56.0,97.3,93.6,14,9,5.266666666666667,82.3,-1.5999999999999996,1.4933333333333336,1
730,4.6,3.6,7.1,0.3,0.5,0.2,0.8,0.0,0.1,96.9,64.1,85.6,13,7,5.733333333333332,82.2,1.6999999999999993,2.7233333333333314,1
731,6.1,3.3,6.8,0.1,0.1,0.7,0.8,0.7,0.9,59.1,73.0,79.0,11,7,6.5,70.36666666666666,1.4000000000000012,4.8100000000000005,0
732,6.6,6.6,6.0,0.6,0.7,0.3,0.9,0.5,0.4,81.1,83.6,54.5,11,7,7.533333333333332,73.06666666666666,-1.3999999999999995,0.5433333333333329,0
733,4.4,7.6,4.7,0.7,0.8,0.5,0.5,0.5,0.8,61.1,58.1,84.7,14,6,6.833333333333333,67.96666666666667,0.39999999999999947,3.243333333333333,0
734,5.1,5.2,4.3,0.1,0.2,0.4,0.2,0.2,0.4,65.4,74.3,58.3,12,8,5.366666666666667,66.0,-0.2999999999999998,0.06333333333333332,0
735,3.6,3.6,3.6,0.4,0.1,1.0,0.6,0.7,0.4,77.3,86.9,89.3,13,7,4.666666666666667,84.5,0.40000000000000036,0.09333333333333327,0
736,3.9,5.6,5.5,0.5,0.1,0.4,0.7,0.2,0.6,70.9,93.3,62.5,14,6,5.833333333333333,75.56666666666666,1.3999999999999995,0.493333333333333,0
737,6.4,4.7,5.9,0.4,0.9,0.1,0.7,0.2,0.8,58.0,81.3,70.9,11,7,6.7,70.06666666666668,-0.7000000000000011,0.7300000000000001,2
738,3.9,4.9,4.8,0.1,0.5,0.1,0.5,0.5,0.0,58.5,83.5,67.5,11,7,5.1000000000000005,69.83333333333333,0.40000000000000036,0.5200000000000002,1
739,5.6,6.1,5.4,0.4,0.5,0.6,0.1,0.3,0.6,70.9,56.3,92.9,14,6,6.533333333333334,73.36666666666667,0.5,0.1633333333333336,0
740,6.5,6.6,4.8,0.8,0.1,0.6,0.4,0.2,0.2,87.9,97.3,56.3,13,8,6.733333333333334,80.5,-2.1000000000000005,1.123333333333334,1
741,3.5,3.6,6.2,0.1,0.6,0.4,0.9,0.6,0.3,94.9,56.6,78.3,12,8,5.400000000000001,76.60000000000001,2.4000000000000004,1.7100000000000006,1
742,5.8,3.2,7.5,0.1,0.9,0.4,0.6,0.7,0.3,54.2,88.7,57.1,12,9,6.5,66.66666666666667,1.700000000000002,2.8900000000000006,0
743,4.3,8.0,3.8,0.4,0.8,0.1,0.5,0.8,0.5,69.7,63.2,85.2,11,6,6.400000000000001,72.7,-0.7999999999999998,7.839999999999998,1
744,7.8,4.2,4.9,0.9,0.6,0.5,0.3,0.4,0.3,55.0,96.7,95.3,13,9,6.633333333333333,82.33333333333333,-3.3,4.263333333333334,1
745,5.4,3.3,3.7,0.7,0.1,0.5,0.4,0.1,0.1,50.8,86.0,71.7,12,9,4.766666666666667,69.5,-2.200000000000001,2.413333333333335,0
746,7.0,3.9,6.1,0.7,0.1,0.1,0.9,0.3,0.1,83.1,87.7,74.4,13,9,6.399999999999999,81.73333333333333,-2.3000000000000007,4.63,1
747,5.8,3.2,6.6,0.4,0.0,0.1,0.7,1.0,0.0,80.1,61.0,96.4,13,8,5.933333333333334,79.16666666666667,-0.20000000000000107,2.2633333333333328,1
748,3.2,5.0,7.7,0.6,0.3,0.1,0.8,0.6,0.5,58.2,72.2,76.0,11,6,6.266666666666667,68.8,3.7,3.523333333333334,0
749,6.2,7.0,4.4,0.0,0.1,0.1,0.5,0.7,1.0,61.7,80.9,74.4,12,9,6.666666666666667,72.33333333333334,-1.2000000000000002,1.3233333333333333,0
750,7.8,4.7,7.8,0.6,0.3,0.6,0.6,0.0,0.1,51.2,88.5,78.9,14,6,7.5,72.86666666666666,-0.5,4.75,0
751,6.0,5.2,3.3,0.9,0.4,0.2,0.2,0.5,0.9,91.7,55.2,84.5,11,6,5.866666666666667,77.13333333333334,-2.7,1.8633333333333337,1
752,7.1,6.4,6.0,0.6,0.9,0.3,0.7,0.0,0.7,98.7,98.1,55.3,12,8,7.566666666666666,84.03333333333335,-1.3999999999999986,0.5433333333333319,1
753,7.4,5.5,3.3,0.9,0.6,0.2,0.4,0.6,0.6,56.8,94.5,91.1,12,9,6.5,80.8,-4.600000000000001,5.320000000000003,1
754,4.1,7.3,7.5,0.7,0.8,1.0,0.4,0.9,0.6,61.6,63.5,71.8,12,9,7.766666666666666,65.63333333333333,3.8999999999999995,4.943333333333332,0
755,4.1,7.3,5.6,0.1,0.7,0.9,0.6,1.0,0.8,93.4,91.1,53.6,12,6,7.033333333333332,79.36666666666666,2.500000000000001,4.463333333333336,1
756,6.1,3.0,6.3,0.9,0.1,0.2,0.9,0.5,0.1,96.3,75.9,89.3,12,7,6.033333333333334,87.16666666666667,-1.3000000000000007,4.863333333333334,1
757,5.1,6.9,7.2,0.1,0.7,0.3,0.1,0.5,0.5,71.0,73.1,68.8,13,8,7.133333333333333,70.96666666666665,2.700000000000001,2.523333333333337,1
758,7.2,5.3,3.8,0.5,0.3,0.2,0.8,0.9,0.7,52.5,65.7,55.0,11,8,6.566666666666666,57.73333333333333,-3.8,3.613333333333333,0
759,7.5,7.9,3.2,0.1,0.6,0.5,0.3,0.7,0.6,52.0,79.0,81.7,13,8,7.133333333333333,70.89999999999999,-3.5999999999999988,6.443333333333332,0
760,4.8,5.4,7.4,0.0,0.3,0.0,0.4,0.1,0.8,78.7,86.5,94.0,14,8,6.400000000000001,86.39999999999999,3.000000000000001,2.520000000000002,1
761,4.2,7.9,4.6,0.4,1.0,0.7,0.0,0.5,0.1,69.6,70.5,94.4,12,9,6.466666666666666,78.16666666666667,0.7999999999999998,6.613333333333333,1
762,6.9,6.8,3.6,0.3,0.3,0.5,0.3,0.2,0.7,51.4,81.5,97.9,11,9,6.533333333333334,76.93333333333334,-2.7,2.2633333333333336,1
763,4.4,4.2,5.3,0.5,0.3,0.9,0.5,0.5,0.5,79.2,85.0,93.4,12,7,5.7,85.86666666666667,1.2999999999999998,0.79,1
764,7.1,5.7,6.0,0.6,0.9,0.2,0.1,0.5,0.4,50.6,85.6,50.1,11,8,7.166666666666667,62.099999999999994,-1.1999999999999984,0.3633333333333323,0
765,5.1,8.0,3.2,0.0,0.0,0.8,0.5,0.6,0.3,89.4,52.6,69.0,13,8,6.166666666666667,70.33333333333333,-1.2999999999999998,4.863333333333332,0
766,6.3,7.3,4.4,0.1,0.7,0.8,0.9,0.4,0.6,65.3,93.0,90.9,11,6,7.166666666666667,83.06666666666668,-1.5,1.703333333333334,1
767,3.5,3.5,3.2,0.6,0.7,0.1,0.1,0.2,0.9,52.0,72.9,68.3,14,9,4.266666666666667,64.39999999999999,8.881784197001252e-16,0.013333333333333417,0
768,6.1,6.5,5.1,0.3,0.8,0.4,0.8,0.5,0.5,79.4,63.1,80.1,14,8,7.0,74.2,-1.1999999999999993,0.8399999999999996,1
769,5.3,4.7,7.5,0.7,1.0,0.2,0.4,0.8,0.8,69.9,62.1,80.3,11,7,7.133333333333333,70.76666666666667,2.0999999999999996,1.403333333333333,1
770,5.9,3.0,7.9,0.7,1.0,0.3,0.7,0.7,0.4,98.7,74.2,68.3,11,7,6.866666666666667,80.39999999999999,1.3000000000000007,3.9433333333333356,0
771,3.8,5.0,6.2,0.8,0.1,0.3,0.3,0.3,0.1,77.2,94.3,95.2,11,9,5.633333333333333,88.89999999999999,1.6999999999999993,0.7633333333333326,1
772,6.7,4.2,3.8,0.7,0.8,0.6,0.2,0.9,0.1,63.8,68.9,75.2,11,7,6.0,69.3,-3.1000000000000005,2.4100000000000006,1
773,7.3,7.1,7.5,0.4,0.6,0.4,0.2,0.9,0.1,85.5,87.5,73.2,14,7,8.166666666666666,82.06666666666666,0.09999999999999964,0.1433333333333331,2
774,4.1,4.7,5.6,0.7,0.6,0.9,0.1,0.2,0.4,63.6,54.8,99.9,12,9,5.766666666666667,72.76666666666667,2.0,1.0533333333333335,0
775,3.5,7.1,3.8,0.3,0.1,0.1,0.2,0.0,0.3,95.2,73.8,74.7,11,8,5.133333333333333,81.23333333333333,0.20000000000000018,3.2133333333333316,1
776,3.1,3.0,7.6,0.3,0.7,1.0,0.7,0.7,0.7,68.7,99.6,58.9,11,8,5.933333333333334,75.73333333333333,5.200000000000001,8.523333333333335,0
777,6.2,4.5,6.8,0.8,1.0,0.2,0.9,0.8,0.7,77.5,88.5,75.7,14,7,7.3,80.56666666666666,-0.20000000000000018,0.7600000000000006,2
778,6.0,4.2,6.7,0.4,0.9,0.8,0.8,1.0,0.1,52.5,60.5,90.7,14,7,6.966666666666666,67.89999999999999,0.39999999999999947,0.6033333333333326,2
779,5.7,4.2,6.5,0.8,0.4,0.3,0.7,0.9,0.2,71.3,75.1,88.8,13,8,6.566666666666667,78.39999999999999,-0.20000000000000018,0.8633333333333325,1
780,4.2,3.3,4.0,0.8,0.0,0.1,0.1,0.6,0.3,91.6,61.7,89.4,11,9,4.466666666666667,80.9,-0.6999999999999993,0.3633333333333331,1
781,5.0,3.9,4.1,0.9,0.4,0.9,0.3,0.5,0.5,90.3,70.5,85.4,13,7,5.5,82.06666666666668,-0.7000000000000002,0.49000000000000027,1
782,6.0,5.8,6.4,0.9,0.8,0.3,0.3,0.0,0.1,61.2,89.0,62.7,14,6,6.866666666666667,70.96666666666665,-0.40000000000000036,0.09333333333333349,0
783,5.5,4.5,4.1,0.4,0.7,0.7,0.2,0.2,0.1,61.3,88.6,93.1,14,9,5.466666666666666,80.99999999999999,-1.2000000000000002,0.36333333333333345,1
784,7.9,5.1,5.2,0.3,0.5,0.6,0.5,0.5,0.9,90.9,61.4,94.7,12,7,7.166666666666667,82.33333333333333,-2.000000000000001,1.8533333333333353,2
785,3.7,4.9,6.9,0.6,0.1,0.5,0.5,0.6,0.8,96.5,96.1,59.7,11,7,6.2,84.10000000000001,3.4000000000000012,3.160000000000003,2
786,6.5,7.4,6.9,0.4,0.4,0.5,0.4,0.6,0.2,54.8,79.6,56.5,13,6,7.766666666666667,63.633333333333326,0.29999999999999893,0.3233333333333333,0
787,5.0,7.5,5.3,0.6,0.5,0.7,0.4,0.7,0.4,72.5,69.0,98.8,14,6,7.033333333333334,80.10000000000001,0.40000000000000036,2.1233333333333317,0
788,5.1,5.5,7.0,0.7,0.9,0.1,0.8,0.3,0.4,66.9,75.1,93.4,14,8,6.933333333333334,78.46666666666667,0.9000000000000004,0.2433333333333334,0
789,6.6,4.7,7.2,0.7,0.6,0.7,0.8,0.6,0.8,93.5,80.3,94.7,13,9,7.566666666666667,89.5,0.6000000000000014,2.173333333333334,2
790,6.5,3.5,6.3,0.4,0.3,0.9,0.3,0.1,0.5,54.2,78.0,94.3,12,9,6.266666666666667,75.5,0.5,4.263333333333334,0
791,8.0,7.8,4.1,0.2,0.5,0.1,0.9,0.4,0.1,60.6,74.3,77.1,14,8,7.366666666666667,70.66666666666667,-4.800000000000001,7.093333333333337,0
792,3.6,3.3,4.4,0.4,0.1,0.1,1.0,0.8,0.7,87.6,75.2,82.3,11,9,4.8,81.7,0.20000000000000018,0.27999999999999997,1
793,3.5,4.5,4.6,0.1,1.0,0.7,0.3,0.7,0.4,52.6,58.8,77.3,14,9,5.266666666666667,62.9,1.8000000000000003,1.4633333333333336,0
794,6.6,4.5,3.6,0.9,0.4,0.4,0.4,1.0,0.3,74.6,90.6,52.6,11,9,6.033333333333334,72.6,-3.6000000000000005,3.2533333333333343,0
795,5.9,4.6,4.4,0.3,0.5,0.4,0.5,0.3,0.4,72.1,77.1,87.3,13,9,5.766666666666668,78.83333333333333,-1.4999999999999991,0.6633333333333328,1
796,4.4,3.8,4.0,0.2,0.4,0.1,0.9,0.5,0.5,66.7,56.6,75.3,11,9,4.933333333333334,66.2,-0.9000000000000012,0.2433333333333339,0
797,3.4,6.9,5.3,0.0,0.7,0.5,0.9,0.3,0.3,69.7,88.3,82.4,13,6,6.099999999999999,80.13333333333334,1.7999999999999998,3.240000000000001,1
798,3.4,3.6,7.5,0.6,0.7,0.1,0.1,0.4,0.2,76.5,96.6,75.1,11,9,5.533333333333334,82.73333333333333,3.7,3.9433333333333334,1
799,7.5,6.2,3.5,0.6,0.7,0.5,0.4,0.9,0.4,58.1,97.4,74.6,13,6,6.900000000000001,76.7,-4.1,4.81,2
