id_aluno,idade,serie,prova_b1,trab1_b1,trab2_b1,freq_b1,prova_b2,trab1_b2,trab2_b2,freq_b2,prova_b3,trab1_b3,trab2_b3,freq_b3,prova_b4,trab1_b4,trab2_b4,freq_b4,nota_b1,nota_b2,nota_b3,nota_b4,nota_final,frequencia_final,resultado_final
1,13,6,6.5,0.2,0.3,77.7,5.9,0.1,0.3,84.2,4.8,0.7,0.8,51.0,3.9,0.2,0.7,77.9,7.0,6.3,6.3,4.8,6.1000000000000005,72.7,Reprovado
2,14,7,3.8,0.3,0.1,75.2,7.0,0.1,0.3,94.1,3.7,0.7,0.3,88.6,4.4,0.4,0.1,52.9,4.199999999999999,7.3999999999999995,4.7,4.9,5.299999999999999,77.69999999999999,Recuperação
3,11,6,5.9,0.2,0.4,59.7,6.8,0.9,0.1,60.2,5.6,0.1,0.5,58.5,3.8,0.6,0.2,84.8,6.500000000000001,7.8,6.199999999999999,4.6,6.275,65.8,Reprovado
4,13,6,6.0,0.4,0.3,92.9,3.8,0.2,0.7,93.7,3.6,0.9,1.0,52.2,4.0,0.8,0.8,52.6,6.7,4.7,5.5,5.6,5.625,72.85000000000001,Reprovado
5,13,7,5.1,0.1,0.7,83.8,3.7,0.8,0.0,53.0,7.7,0.6,0.7,82.7,7.9,0.9,0.5,90.9,5.8999999999999995,4.5,9.0,9.3,7.175,77.6,Aprovado
6,14,9,6.7,0.5,0.6,91.9,4.3,0.5,0.6,94.4,3.9,0.4,0.8,88.7,3.8,0.9,0.9,91.2,7.8,5.3999999999999995,5.1,5.6000000000000005,5.975,91.55,Recuperação
7,11,9,7.7,0.1,0.4,92.9,4.8,0.1,0.9,66.5,4.3,0.8,0.4,90.7,4.3,0.8,0.4,61.9,8.2,5.8,5.5,5.5,6.25,78.0,Recuperação
8,11,6,7.6,0.8,0.2,87.4,5.0,1.0,0.9,65.7,5.0,0.3,0.8,74.7,6.0,0.2,0.9,66.2,8.6,6.9,6.1,7.1000000000000005,7.175000000000001,73.5,Reprovado
9,13,7,5.3,0.2,1.0,72.0,6.4,0.2,0.4,75.6,4.9,0.7,0.0,60.3,6.1,0.0,0.4,74.1,6.5,7.000000000000001,5.6000000000000005,6.5,6.4,70.5,Reprovado
10,12,6,3.6,0.5,0.5,80.5,3.3,0.9,0.5,97.0,7.0,0.0,0.1,86.9,3.8,0.4,1.0,79.8,4.6,4.7,7.1,5.2,5.3999999999999995,86.05,Recuperação
11,13,8,7.9,0.9,0.7,58.0,3.2,0.2,0.1,52.4,5.3,0.8,0.2,85.0,7.0,0.1,1.0,64.4,9.5,3.5000000000000004,6.3,8.1,6.85,64.95,Reprovado
12,13,8,7.2,0.7,0.1,83.7,5.0,0.9,0.7,67.6,3.9,0.4,0.4,62.3,6.9,0.7,0.3,79.6,8.0,6.6000000000000005,4.7,7.9,6.800000000000001,73.30000000000001,Reprovado
13,13,6,3.6,0.5,0.5,59.0,6.5,0.0,0.8,92.8,4.3,0.6,0.8,95.2,4.2,0.7,0.9,64.9,4.6,7.3,5.699999999999999,5.800000000000001,5.85,77.975,Recuperação
14,13,9,7.6,0.3,0.0,84.7,4.0,0.5,0.2,69.8,5.5,0.2,0.3,55.2,4.4,0.0,0.8,52.8,7.8999999999999995,4.7,6.0,5.2,5.95,65.625,Reprovado
15,14,9,7.3,0.3,0.5,61.5,6.2,0.8,0.4,60.0,3.7,0.7,0.7,99.1,7.7,0.8,0.2,50.1,8.1,7.4,5.1000000000000005,8.7,7.325,67.675,Reprovado
16,11,6,5.6,0.7,1.0,55.9,4.3,0.9,0.8,71.2,6.1,0.8,0.7,93.0,7.1,0.2,0.6,55.1,7.3,6.0,7.6,7.8999999999999995,7.199999999999999,68.8,Reprovado
17,14,6,6.0,1.0,0.4,58.3,7.4,0.9,0.9,69.3,5.8,0.5,0.6,84.4,6.5,0.4,0.1,89.6,7.4,9.200000000000001,6.8999999999999995,7.0,7.625,75.4,Aprovado
18,14,8,5.0,0.7,0.0,50.1,7.5,0.8,0.2,95.8,6.6,0.6,0.4,96.9,3.4,0.7,0.8,98.1,5.7,8.5,7.6,4.8999999999999995,6.674999999999999,85.225,Recuperação
19,14,9,3.3,0.6,0.0,85.9,4.5,0.9,0.6,88.1,7.7,0.5,0.6,86.1,5.1,0.4,0.2,71.3,3.9,6.0,8.799999999999999,5.7,6.1,82.85000000000001,Recuperação
20,13,6,4.7,0.7,0.4,86.6,4.1,0.2,0.2,75.3,7.6,0.9,0.3,59.5,5.8,0.4,0.1,75.6,5.800000000000001,4.5,8.8,6.3,6.3500000000000005,74.25,Reprovado
21,12,8,7.0,0.5,0.2,75.7,5.1,0.3,0.1,99.4,7.7,0.5,0.1,72.1,3.9,0.1,0.4,57.3,7.7,5.499999999999999,8.299999999999999,4.4,6.475,76.125,Recuperação
22,11,9,3.0,0.1,0.0,58.1,4.2,0.3,0.9,73.3,4.2,0.8,1.0,53.6,5.2,0.4,0.6,77.6,3.1,5.4,6.0,6.2,5.175,65.65,Reprovado
23,12,7,4.7,0.6,0.8,54.2,6.4,0.4,0.8,52.9,3.7,0.8,0.1,69.5,6.0,0.8,0.9,57.2,6.1,7.6000000000000005,4.6,7.7,6.499999999999999,58.45,Reprovado
24,14,8,5.0,1.0,0.5,51.0,7.1,0.4,0.8,63.1,4.5,0.4,0.1,87.1,4.6,0.9,1.0,80.6,6.5,8.3,5.0,6.5,6.575,70.44999999999999,Reprovado
25,14,9,5.7,0.2,0.3,58.3,6.4,0.5,0.0,71.8,7.5,0.2,0.9,69.3,6.9,0.4,0.4,96.7,6.2,6.9,8.6,7.700000000000001,7.350000000000001,74.02499999999999,Reprovado
26,12,9,7.6,0.7,0.9,94.5,7.1,0.2,0.8,57.8,7.9,0.4,0.3,66.5,7.2,0.4,0.1,59.8,9.2,8.1,8.600000000000001,7.7,8.4,69.65,Reprovado
27,12,8,4.7,0.2,0.1,62.1,5.0,0.7,0.4,97.4,7.3,0.8,0.7,79.8,4.6,0.7,0.7,88.2,5.0,6.1000000000000005,8.799999999999999,6.0,6.475,81.875,Recuperação
28,12,7,4.7,0.5,1.0,67.7,3.8,0.2,0.3,88.3,3.6,0.2,0.3,93.6,7.2,0.9,0.6,51.2,6.2,4.3,4.1000000000000005,8.7,5.825,75.2,Recuperação
29,14,8,6.7,0.1,0.3,55.3,6.7,0.3,0.5,63.4,7.7,0.5,0.4,52.4,3.5,0.3,0.4,68.8,7.1,7.5,8.6,4.2,6.85,59.974999999999994,Reprovado
30,14,9,5.3,0.5,0.9,61.1,4.8,0.5,0.1,79.5,5.1,0.8,0.3,69.3,7.2,0.4,0.3,55.5,6.7,5.3999999999999995,6.199999999999999,7.9,6.549999999999999,66.35,Reprovado
31,11,6,4.1,0.8,0.6,76.0,6.4,0.8,0.8,86.1,3.0,0.4,0.3,57.9,3.8,0.8,0.5,67.6,5.499999999999999,8.0,3.6999999999999997,5.1,5.574999999999999,71.9,Reprovado
32,11,6,5.3,0.3,0.8,80.4,4.4,0.7,0.6,97.1,5.2,0.6,0.4,84.8,3.4,0.6,0.3,58.7,6.3999999999999995,5.7,6.2,4.3,5.65,80.25,Recuperação
33,14,8,3.7,0.7,1.0,62.3,3.4,0.6,0.2,94.1,3.2,0.2,0.7,55.3,6.2,0.1,0.8,68.7,5.4,4.2,4.1000000000000005,7.1,5.200000000000001,70.1,Reprovado
34,12,9,3.9,0.8,0.3,52.9,8.0,0.2,0.2,75.8,5.7,0.1,0.5,83.2,5.4,0.6,0.5,70.9,5.0,8.399999999999999,6.3,6.5,6.55,70.69999999999999,Reprovado
35,12,6,5.5,0.9,1.0,69.6,3.8,0.5,0.2,88.7,4.7,0.8,0.9,64.3,7.5,0.2,0.9,65.0,7.4,4.5,6.4,8.6,6.725,71.9,Reprovado
36,11,9,5.1,0.2,0.4,61.7,7.9,0.1,0.1,78.1,5.4,0.1,0.0,59.9,4.8,0.5,0.5,82.8,5.7,8.1,5.5,5.8,6.275,70.625,Reprovado
37,14,8,7.6,0.4,0.4,61.0,7.9,0.4,0.6,77.6,6.1,0.3,0.5,96.8,4.4,0.5,0.2,95.9,8.4,8.9,6.8999999999999995,5.1000000000000005,7.325,82.82499999999999,Aprovado
38,11,6,4.8,0.2,0.3,98.0,7.0,0.4,0.8,55.7,7.3,0.9,0.6,50.9,5.5,0.9,0.9,70.0,5.3,8.200000000000001,8.799999999999999,7.300000000000001,7.3999999999999995,68.65,Reprovado
39,11,9,5.9,1.0,0.5,80.8,6.3,0.0,0.0,56.3,6.3,0.3,0.9,71.9,5.3,0.5,0.6,59.6,7.4,6.3,7.5,6.3999999999999995,6.8999999999999995,67.15,Reprovado
40,13,6,6.2,0.9,0.2,77.8,5.9,0.3,0.0,76.5,5.2,1.0,0.0,51.1,4.7,0.3,0.2,63.5,7.300000000000001,6.2,6.2,5.2,6.225,67.225,Reprovado
41,13,8,3.1,0.5,0.6,70.8,7.3,1.0,0.6,63.4,7.1,1.0,0.6,74.2,6.5,0.2,0.6,92.7,4.2,8.9,8.7,7.3,7.275,75.27499999999999,Aprovado
42,13,9,6.3,0.8,0.5,71.4,4.4,1.0,0.8,51.1,7.5,0.3,0.9,75.1,6.8,0.9,0.4,78.6,7.6,6.2,8.7,8.1,7.65,69.05,Reprovado
43,12,6,3.9,0.5,0.8,77.0,5.3,0.4,0.3,86.1,3.6,0.0,0.2,66.1,7.3,0.2,0.8,72.8,5.2,6.0,3.8000000000000003,8.3,5.825,75.5,Recuperação
44,14,8,7.8,0.6,0.8,84.8,6.1,0.0,0.3,51.6,5.7,0.7,0.9,56.6,7.9,0.4,0.5,57.5,9.200000000000001,6.3999999999999995,7.300000000000001,8.8,7.925000000000001,62.625,Reprovado
45,14,6,3.7,0.1,0.4,85.1,5.1,0.2,0.6,79.8,4.4,0.5,0.0,68.8,4.3,0.2,0.7,72.5,4.2,5.8999999999999995,4.9,5.2,5.05,76.55,Recuperação
46,14,6,5.1,0.8,0.3,58.6,5.1,0.4,0.3,77.0,3.2,0.1,0.7,83.6,6.6,0.8,0.1,63.9,6.199999999999999,5.8,4.0,7.499999999999999,5.875,70.77499999999999,Reprovado
47,14,7,3.4,0.1,0.3,75.0,4.7,0.9,0.0,98.4,6.3,0.7,0.9,89.1,5.0,0.5,0.4,97.2,3.8,5.6000000000000005,7.9,5.9,5.800000000000001,89.925,Recuperação
48,13,7,8.0,0.8,0.2,70.6,5.8,0.1,0.7,74.2,7.3,0.0,0.7,76.5,6.4,0.4,1.0,94.2,9.0,6.6,8.0,7.800000000000001,7.8500000000000005,78.875,Aprovado
49,12,8,5.5,0.8,0.1,93.5,7.3,0.8,0.6,53.2,3.8,0.9,0.4,79.5,5.4,0.4,0.8,54.2,6.3999999999999995,8.7,5.1000000000000005,6.6000000000000005,6.7,70.1,Reprovado
50,12,7,6.0,0.7,0.3,81.6,4.0,0.1,0.6,77.6,7.1,0.1,0.0,60.0,8.0,0.9,0.2,75.8,7.0,4.699999999999999,7.199999999999999,9.1,7.0,73.75,Reprovado
51,13,8,3.3,0.0,0.3,76.6,7.7,1.0,0.7,92.1,7.3,0.1,0.9,64.4,6.6,0.6,0.3,61.3,3.5999999999999996,9.399999999999999,8.299999999999999,7.499999999999999,7.199999999999999,73.6,Reprovado
52,12,7,6.7,0.3,1.0,55.8,6.4,0.4,0.7,99.8,7.6,0.2,0.5,58.1,7.8,0.7,0.3,70.5,8.0,7.500000000000001,8.3,8.8,8.15,71.05,Reprovado
53,13,6,4.0,0.3,0.6,80.3,7.1,0.8,0.2,71.5,4.3,1.0,0.0,62.5,7.2,0.9,0.7,93.8,4.8999999999999995,8.1,5.3,8.799999999999999,6.775,77.025,Recuperação
54,14,8,7.5,0.4,0.3,55.9,5.8,0.3,0.4,66.0,7.5,0.7,0.7,61.2,7.5,0.9,0.8,76.4,8.200000000000001,6.5,8.899999999999999,9.200000000000001,8.200000000000001,64.875,Reprovado
55,13,8,4.0,0.1,0.6,66.9,6.9,0.6,0.1,95.3,4.6,0.8,0.5,76.0,7.1,0.3,0.7,66.7,4.699999999999999,7.6,5.8999999999999995,8.1,6.574999999999999,76.225,Recuperação
56,14,6,4.0,0.9,0.1,57.1,3.1,0.2,0.1,59.6,5.8,0.4,0.1,78.1,5.3,1.0,0.5,60.4,5.0,3.4000000000000004,6.3,6.8,5.375,63.800000000000004,Reprovado
57,14,8,3.2,0.6,0.4,84.6,7.1,0.1,0.7,80.8,3.3,0.3,0.2,97.2,4.3,0.0,0.8,90.0,4.2,7.8999999999999995,3.8,5.1,5.25,88.14999999999999,Recuperação
58,11,8,5.4,0.3,0.6,60.3,3.2,0.9,0.9,70.3,3.2,0.2,0.1,59.8,4.9,0.4,0.4,81.2,6.3,5.000000000000001,3.5000000000000004,5.700000000000001,5.125,67.89999999999999,Reprovado
59,13,7,5.8,0.4,0.5,69.6,7.4,0.9,1.0,52.1,6.6,0.5,0.6,82.1,3.1,0.9,0.1,73.4,6.7,9.3,7.699999999999999,4.1,6.949999999999999,69.3,Reprovado
60,11,8,3.3,0.4,0.4,94.8,8.0,0.9,0.6,67.4,5.2,0.6,0.6,90.9,5.6,0.3,0.6,60.9,4.1,9.5,6.3999999999999995,6.499999999999999,6.625,78.5,Recuperação
61,13,9,6.9,0.6,1.0,60.2,4.5,0.6,0.2,63.3,4.3,0.6,0.5,78.0,5.5,0.3,1.0,66.7,8.5,5.3,5.3999999999999995,6.8,6.5,67.05,Reprovado
62,13,6,5.3,0.5,0.9,75.4,4.1,0.8,0.1,84.3,4.0,0.3,0.8,62.8,5.6,0.3,0.8,98.0,6.7,4.999999999999999,5.1,6.699999999999999,5.874999999999999,80.125,Recuperação
63,11,7,5.6,0.9,0.6,71.0,6.8,0.1,0.8,97.4,6.3,0.9,0.9,63.1,7.9,0.6,0.6,76.0,7.1,7.699999999999999,8.1,9.1,8.0,76.875,Aprovado
64,11,7,5.2,0.5,0.6,50.9,4.3,0.3,0.6,63.4,3.0,0.2,0.6,52.0,7.6,0.4,0.6,70.0,6.3,5.199999999999999,3.8000000000000003,8.6,5.975,59.075,Reprovado
65,13,9,5.0,1.0,0.6,89.6,7.3,0.3,0.6,90.6,7.0,1.0,0.0,65.3,3.8,0.7,0.9,76.1,6.6,8.2,8.0,5.4,7.049999999999999,80.4,Aprovado
66,12,6,5.8,0.9,0.2,53.5,3.5,0.6,0.8,52.8,3.4,0.0,0.7,87.2,4.8,0.9,0.4,88.9,6.9,4.8999999999999995,4.1,6.1000000000000005,5.5,70.6,Reprovado
67,14,6,3.8,0.2,0.4,73.7,3.6,0.4,0.7,76.9,4.0,0.5,0.4,52.4,5.1,0.7,0.3,67.0,4.4,4.7,4.9,6.1,5.025,67.5,Reprovado
68,11,7,3.9,0.9,0.0,78.0,7.9,0.1,0.8,53.5,4.9,0.3,0.6,61.0,4.8,0.2,1.0,58.9,4.8,8.8,5.8,6.0,6.3500000000000005,62.85,Reprovado
69,14,8,7.3,0.1,0.5,81.4,6.4,0.6,0.1,96.7,5.4,0.4,0.6,85.3,7.0,0.9,0.9,79.2,7.8999999999999995,7.1,6.4,8.8,7.55,85.65,Aprovado
70,12,7,7.7,0.8,0.5,84.4,7.2,0.8,0.7,88.3,4.8,0.6,0.4,89.1,5.6,0.3,0.3,83.3,9.0,8.7,5.8,6.199999999999999,7.425,86.27499999999999,Aprovado
71,12,6,4.9,0.4,0.2,62.7,4.6,0.4,0.9,82.9,4.6,0.4,0.9,72.8,5.9,0.1,0.5,85.6,5.500000000000001,5.9,5.9,6.5,5.950000000000001,76.0,Recuperação
72,12,9,4.4,0.9,1.0,50.5,6.4,0.1,0.3,91.2,7.8,0.4,0.1,84.9,7.3,0.1,0.4,94.1,6.300000000000001,6.8,8.299999999999999,7.8,7.3,80.175,Aprovado
73,11,7,6.2,0.9,0.9,86.2,6.0,0.2,0.6,82.4,6.2,0.7,0.7,69.4,7.0,0.6,0.1,68.6,8.0,6.8,7.6000000000000005,7.699999999999999,7.525,76.65,Aprovado
74,12,6,5.0,0.8,0.7,76.8,6.0,0.2,0.3,98.4,3.1,0.7,0.0,58.0,3.7,0.1,1.0,53.8,6.5,6.5,3.8,4.800000000000001,5.4,71.75,Reprovado
75,11,7,3.1,0.8,0.5,91.8,6.4,0.3,1.0,85.7,5.2,0.8,0.9,69.9,6.6,0.1,0.4,97.9,4.4,7.7,6.9,7.1,6.525,86.325,Recuperação
76,12,8,3.8,0.3,0.9,91.1,5.9,0.6,0.0,96.2,7.4,0.2,0.1,79.0,5.2,0.3,0.9,71.8,5.0,6.5,7.7,6.4,6.4,84.525,Recuperação
77,14,7,6.6,0.1,0.1,92.2,5.1,0.6,0.6,75.9,4.5,0.6,0.1,97.4,4.5,0.3,0.2,81.2,6.799999999999999,6.299999999999999,5.199999999999999,5.0,5.824999999999999,86.675,Recuperação
78,14,7,6.3,0.4,0.8,74.3,4.4,0.7,0.2,55.9,3.5,0.6,0.3,53.4,3.3,0.6,0.5,83.3,7.5,5.300000000000001,4.3999999999999995,4.4,5.4,66.725,Reprovado
79,13,6,3.1,0.2,0.1,66.7,6.8,0.4,0.7,76.4,6.8,0.4,0.4,75.4,5.4,0.8,0.0,77.3,3.4000000000000004,7.9,7.6000000000000005,6.2,6.275,73.95,Reprovado
80,14,6,4.1,0.7,0.8,89.6,4.1,0.8,0.2,56.3,6.0,0.5,0.2,66.4,4.8,0.8,0.8,60.3,5.6,5.1,6.7,6.3999999999999995,5.949999999999999,68.14999999999999,Reprovado
81,13,6,4.2,0.3,0.3,72.6,6.5,0.2,0.2,79.6,5.9,0.3,0.6,75.4,4.3,0.3,0.6,87.8,4.8,6.9,6.8,5.199999999999999,5.925,78.85,Recuperação
82,14,7,6.4,1.0,0.9,59.2,4.2,0.5,0.5,74.1,3.3,0.1,0.4,51.2,6.5,0.2,0.6,90.2,8.3,5.2,3.8,7.3,6.15,68.675,Reprovado
83,11,8,3.1,0.6,0.9,92.7,6.1,0.8,0.9,81.1,3.7,0.2,0.0,65.7,6.8,1.0,0.1,77.6,4.6000000000000005,7.8,3.9000000000000004,7.8999999999999995,6.05,79.275,Recuperação
84,14,9,3.5,0.8,0.1,94.1,6.7,0.2,0.2,50.5,6.1,0.1,0.3,91.0,4.2,0.0,0.2,74.4,4.3999999999999995,7.1000000000000005,6.499999999999999,4.4,5.6,77.5,Recuperação
85,13,9,7.0,0.1,0.5,73.3,4.1,0.1,0.1,59.7,4.0,0.7,0.8,77.7,3.2,0.9,0.1,55.7,7.6,4.299999999999999,5.5,4.2,5.3999999999999995,66.6,Reprovado
86,13,6,3.9,0.9,1.0,53.8,3.3,0.9,0.8,74.6,5.5,0.7,0.7,72.5,7.2,0.2,0.3,54.2,5.8,5.0,6.9,7.7,6.3500000000000005,63.77499999999999,Reprovado
87,12,6,6.3,0.9,0.5,69.4,3.7,0.3,0.5,97.5,5.7,1.0,0.7,64.3,3.0,0.9,0.6,67.0,7.7,4.5,7.4,4.5,6.025,74.55,Reprovado
88,11,7,4.2,0.5,0.9,90.2,6.0,0.7,0.9,69.2,4.4,0.7,0.7,64.9,7.7,0.3,0.6,65.5,5.6000000000000005,7.6000000000000005,5.800000000000001,8.6,6.9,72.45,Reprovado
89,14,9,3.5,0.6,0.6,95.1,7.2,0.0,0.1,71.2,7.7,0.1,0.3,69.2,6.1,0.4,0.6,97.7,4.699999999999999,7.3,8.1,7.1,6.800000000000001,83.3,Recuperação
90,12,6,4.2,0.8,0.4,60.2,3.2,0.7,0.6,85.7,7.2,0.9,0.1,91.8,4.6,0.7,0.5,89.2,5.4,4.5,8.2,5.8,5.9750000000000005,81.725,Recuperação
91,14,8,6.6,0.2,0.3,53.3,6.7,0.3,0.2,80.2,6.6,0.9,0.3,98.4,4.2,0.6,0.3,83.0,7.1,7.2,7.8,5.1,6.800000000000001,78.725,Recuperação
92,14,8,7.3,0.5,0.2,93.9,4.7,0.1,0.2,64.9,3.4,0.4,0.8,71.9,3.0,0.3,0.2,75.9,8.0,5.0,4.6,3.5,5.275,76.65,Recuperação
93,12,6,7.2,0.4,0.8,69.5,5.4,0.6,0.7,70.5,3.5,0.6,1.0,69.7,4.2,0.6,0.1,58.4,8.4,6.7,5.1,4.8999999999999995,6.275,67.02499999999999,Reprovado
94,12,6,5.0,0.1,0.4,77.1,7.6,0.2,0.6,60.9,5.5,1.0,0.5,92.3,3.7,0.7,0.8,98.9,5.5,8.4,7.0,5.2,6.5249999999999995,82.30000000000001,Recuperação
95,12,9,6.3,0.4,0.5,98.4,4.7,0.4,0.8,98.3,3.8,0.5,0.0,71.3,6.1,0.0,0.6,68.8,7.2,5.9,4.3,6.699999999999999,6.025,84.2,Recuperação
96,12,9,4.0,0.1,0.5,53.3,5.3,0.1,0.3,56.5,7.9,0.9,0.1,77.6,3.8,0.0,0.2,55.3,4.6,5.699999999999999,8.9,4.0,5.8,60.675,Reprovado
97,12,7,4.5,0.0,0.6,82.4,3.1,0.1,0.4,68.6,3.8,0.1,0.3,61.5,5.6,0.5,0.2,74.7,5.1,3.6,4.2,6.3,4.8,71.8,Reprovado
98,14,9,7.5,0.1,0.9,53.7,3.4,0.3,0.4,51.3,5.4,0.2,0.6,87.2,6.0,0.1,0.9,93.7,8.5,4.1,6.2,7.0,6.45,71.475,Reprovado
99,12,8,3.1,1.0,1.0,68.8,4.3,0.1,1.0,61.1,4.8,0.4,0.1,76.6,4.5,0.7,0.7,94.4,5.1,5.3999999999999995,5.3,5.9,5.425000000000001,75.225,Recuperação
100,11,8,3.4,0.5,0.4,90.2,3.1,0.9,0.3,89.0,6.2,0.6,0.9,90.5,3.2,0.2,0.7,50.5,4.3,4.3,7.7,4.1000000000000005,5.1000000000000005,80.05,Recuperação
101,13,6,4.0,1.0,0.8,71.7,6.2,0.0,0.3,60.1,3.6,0.8,0.4,89.0,3.2,0.4,0.4,94.3,5.8,6.5,4.800000000000001,4.0,5.275,78.775,Recuperação
102,12,9,3.1,0.4,0.8,99.9,5.1,0.5,0.4,54.0,5.2,1.0,0.9,60.8,3.1,0.2,0.3,63.6,4.3,6.0,7.1000000000000005,3.6,5.250000000000001,69.575,Reprovado
103,12,7,3.9,0.3,0.6,78.0,5.7,0.1,0.6,73.7,4.4,0.4,0.8,85.8,6.7,0.5,1.0,51.9,4.8,6.3999999999999995,5.6000000000000005,8.2,6.25,72.35,Reprovado
104,14,8,5.9,0.5,1.0,66.1,3.9,0.3,0.3,50.5,7.4,0.0,0.8,90.0,4.6,0.1,0.8,92.4,7.4,4.5,8.200000000000001,5.499999999999999,6.4,74.75,Reprovado
105,12,8,5.1,0.4,0.2,61.0,4.5,0.9,0.9,54.2,3.2,0.8,0.6,67.3,7.0,0.0,0.3,93.2,5.7,6.300000000000001,4.6,7.3,5.9750000000000005,68.925,Reprovado
106,12,7,7.5,0.1,0.1,67.5,6.3,0.2,0.3,90.4,7.6,0.6,0.6,58.6,5.2,0.1,0.8,79.8,7.699999999999999,6.8,8.799999999999999,6.1,7.35,74.075,Reprovado
107,12,7,7.1,0.6,0.9,68.6,7.8,1.0,0.9,88.6,7.2,0.2,0.6,50.1,5.3,1.0,0.8,78.7,8.6,9.700000000000001,8.0,7.1,8.35,71.5,Reprovado
108,14,8,4.7,0.2,0.4,53.4,3.3,0.2,0.1,95.8,4.5,0.5,0.6,72.5,5.6,0.1,0.3,90.7,5.300000000000001,3.6,5.6,5.999999999999999,5.125,78.1,Recuperação
109,12,8,4.3,0.6,0.8,68.5,7.5,0.7,0.7,92.7,6.9,0.7,0.6,67.6,6.6,0.7,0.4,89.3,5.699999999999999,8.899999999999999,8.200000000000001,7.7,7.624999999999999,79.52499999999999,Aprovado
110,13,7,4.9,0.7,0.9,73.2,5.9,0.5,0.9,84.2,3.2,0.8,1.0,77.7,4.4,0.1,0.2,94.5,6.500000000000001,7.300000000000001,5.0,4.7,5.875,82.4,Recuperação
111,14,8,6.0,0.2,0.1,86.1,5.8,0.9,0.2,52.6,7.8,0.5,0.7,59.4,3.6,0.1,0.1,77.6,6.3,6.9,9.0,3.8000000000000003,6.5,68.925,Reprovado
112,13,6,4.3,0.1,0.9,82.8,5.5,0.6,1.0,89.1,5.6,0.3,0.8,93.0,5.8,0.5,0.7,98.4,5.3,7.1,6.699999999999999,7.0,6.5249999999999995,90.82499999999999,Recuperação
113,14,6,6.1,0.8,0.4,85.4,3.3,0.5,0.5,92.3,4.5,1.0,0.9,62.9,4.6,0.5,0.3,99.8,7.3,4.3,6.4,5.3999999999999995,5.85,85.1,Recuperação
114,12,7,5.0,0.5,0.5,50.4,3.4,0.2,0.9,90.0,4.8,0.7,0.2,61.3,5.2,1.0,0.8,55.8,6.0,4.5,5.7,7.0,5.8,64.375,Reprovado
115,13,9,5.8,0.1,0.6,60.9,6.0,0.2,0.7,75.4,3.3,0.4,0.1,74.0,6.2,0.9,1.0,92.5,6.499999999999999,6.9,3.8,8.100000000000001,6.325,75.7,Recuperação
116,14,7,5.2,1.0,0.9,83.1,4.7,0.9,0.3,61.6,7.9,0.3,0.5,74.9,5.5,0.8,0.1,75.0,7.1000000000000005,5.9,8.700000000000001,6.3999999999999995,7.025,73.65,Reprovado
117,11,7,4.5,0.1,0.0,74.2,7.6,0.3,0.2,92.3,3.2,0.7,0.5,60.8,6.1,0.6,0.5,69.4,4.6,8.1,4.4,7.199999999999999,6.075,74.17500000000001,Reprovado
118,12,9,7.7,0.7,0.5,50.3,5.0,0.4,0.3,86.4,6.3,0.2,0.8,63.6,5.7,0.5,0.8,80.7,8.9,5.7,7.3,7.0,7.2250000000000005,70.25,Reprovado
119,14,9,6.8,1.0,0.7,90.2,3.7,0.8,0.1,99.0,5.2,0.2,0.4,58.5,6.7,0.4,0.8,52.8,8.5,4.6,5.800000000000001,7.9,6.699999999999999,75.125,Recuperação
120,11,9,3.7,0.2,0.7,88.6,6.6,0.3,0.1,57.8,7.7,0.5,0.6,85.9,6.5,0.9,0.8,75.3,4.6000000000000005,6.999999999999999,8.799999999999999,8.200000000000001,7.15,76.89999999999999,Aprovado
121,14,6,7.3,0.1,0.7,77.4,4.5,1.0,0.1,61.3,4.2,0.3,0.5,88.5,5.7,0.6,0.3,93.5,8.1,5.6,5.0,6.6,6.324999999999999,80.175,Recuperação
122,11,8,5.4,0.1,0.1,53.3,5.6,0.7,0.4,60.6,5.7,0.6,0.0,73.1,6.4,0.6,0.5,60.7,5.6,6.7,6.3,7.5,6.525,61.925,Reprovado
123,12,6,7.5,0.3,0.3,88.3,6.5,0.6,0.8,89.6,5.4,0.1,0.6,85.7,7.4,0.2,0.6,71.3,8.1,7.8999999999999995,6.1,8.200000000000001,7.575000000000001,83.725,Aprovado
124,13,8,7.0,0.1,0.4,79.2,7.5,0.9,0.1,59.3,6.5,0.7,0.8,86.8,5.2,0.0,1.0,97.0,7.5,8.5,8.0,6.2,7.55,80.575,Aprovado
125,11,6,5.1,0.7,0.8,89.1,7.0,0.0,0.1,53.3,3.3,0.3,0.2,56.9,5.1,0.9,0.3,71.4,6.6,7.1,3.8,6.3,5.95,67.675,Reprovado
126,14,8,3.1,0.1,0.3,87.6,6.4,0.3,0.6,99.9,4.0,0.0,0.6,98.3,6.8,0.3,0.9,67.9,3.5,7.3,4.6,8.0,5.85,88.42500000000001,Recuperação
127,12,6,4.3,0.5,0.2,90.2,6.4,0.5,0.2,51.2,4.1,0.1,0.6,91.1,5.9,0.4,0.3,72.0,5.0,7.1000000000000005,4.799999999999999,6.6000000000000005,5.875,76.125,Recuperação
128,11,9,5.7,1.0,1.0,75.9,7.7,0.2,0.1,91.8,6.7,0.9,0.2,60.2,3.4,0.1,1.0,76.0,7.7,8.0,7.800000000000001,4.5,7.0,75.975,Aprovado
129,14,7,6.2,0.8,0.0,57.0,4.5,0.7,0.2,68.3,3.9,0.9,0.1,59.3,7.5,0.8,0.7,81.6,7.0,5.4,4.8999999999999995,9.0,6.575,66.55,Reprovado
130,14,6,4.3,0.6,1.0,83.6,3.0,0.9,0.9,92.1,5.9,0.2,1.0,56.3,3.2,0.0,0.5,90.0,5.8999999999999995,4.8,7.1000000000000005,3.7,5.375,80.5,Recuperação
131,14,8,3.7,0.3,0.7,81.0,4.4,0.4,0.8,77.7,4.1,0.8,0.4,56.9,6.7,0.8,0.6,72.6,4.7,5.6000000000000005,5.3,8.1,5.925000000000001,72.05,Reprovado
132,11,9,7.2,0.6,0.8,87.1,4.1,0.3,0.4,95.1,7.3,0.6,0.2,87.4,6.8,0.1,0.3,90.9,8.6,4.8,8.1,7.199999999999999,7.175,90.125,Aprovado
133,11,6,7.9,0.5,0.3,58.5,6.3,1.0,0.7,96.3,7.7,1.0,0.2,73.5,7.8,0.9,0.3,76.7,8.700000000000001,8.0,8.899999999999999,9.0,8.65,76.25,Aprovado
134,11,6,5.6,0.4,0.0,59.7,6.2,0.4,0.5,50.5,5.6,0.4,0.7,89.1,3.3,0.7,0.1,66.9,6.0,7.1000000000000005,6.7,4.1,5.975,66.55000000000001,Reprovado
135,13,9,3.9,0.1,0.7,94.5,6.0,0.5,0.7,53.8,4.8,0.7,0.6,87.3,6.0,0.2,0.1,82.9,4.7,7.2,6.1,6.3,6.075,79.625,Recuperação
136,11,6,4.4,0.9,0.8,87.5,3.1,0.4,0.7,62.5,4.2,0.1,0.6,80.2,5.1,0.6,0.3,85.9,6.1000000000000005,4.2,4.8999999999999995,5.999999999999999,5.3,79.025,Recuperação
137,11,7,3.1,0.4,0.7,95.4,6.6,0.9,0.6,83.5,3.2,0.4,0.1,84.3,4.7,0.3,0.8,77.9,4.2,8.1,3.7,5.8,5.45,85.275,Recuperação
138,11,6,7.6,0.2,0.1,87.9,4.6,0.6,0.3,94.4,4.3,1.0,0.9,50.9,3.5,0.2,0.6,52.8,7.8999999999999995,5.499999999999999,6.2,4.3,5.975,71.5,Reprovado
139,13,7,3.6,0.4,0.8,79.9,6.3,0.8,0.0,73.0,6.3,0.5,0.4,65.6,5.8,0.9,0.1,58.5,4.8,7.1,7.2,6.8,6.475,69.25,Reprovado
140,11,7,5.9,0.4,0.8,82.7,5.8,0.8,0.5,80.3,5.7,0.3,0.3,81.9,5.4,0.4,0.9,64.3,7.1000000000000005,7.1,6.3,6.700000000000001,6.800000000000001,77.3,Recuperação
141,14,9,4.4,0.8,0.7,94.5,4.7,0.3,0.9,59.4,7.7,0.1,0.5,50.5,3.5,0.4,0.6,64.1,5.9,5.9,8.3,4.5,6.15,67.125,Reprovado
142,11,6,5.8,0.7,0.8,78.9,3.7,0.4,0.6,90.2,5.0,0.7,0.4,51.6,6.1,0.2,1.0,83.7,7.3,4.7,6.1000000000000005,7.3,6.3500000000000005,76.10000000000001,Recuperação
143,14,9,6.3,0.8,0.8,81.6,3.5,0.8,0.8,98.4,6.5,0.6,0.9,92.6,6.7,0.4,0.7,50.9,7.8999999999999995,5.1,8.0,7.800000000000001,7.2,80.875,Aprovado
144,14,6,7.1,0.0,0.6,57.8,7.2,0.4,1.0,63.4,5.4,0.4,0.9,84.2,6.8,0.9,0.2,87.8,7.699999999999999,8.600000000000001,6.700000000000001,7.9,7.725,73.3,Reprovado
145,14,6,4.0,0.4,0.1,73.7,7.6,0.8,0.2,74.7,5.6,1.0,0.3,63.3,7.5,0.4,0.5,63.3,4.5,8.6,6.8999999999999995,8.4,7.1,68.75,Reprovado
146,13,8,3.1,0.5,0.5,85.8,6.2,0.9,0.7,54.3,4.3,0.0,0.9,84.4,5.0,1.0,0.6,65.5,4.1,7.800000000000001,5.2,6.6,5.925000000000001,72.5,Reprovado
147,13,6,3.7,0.0,0.1,63.5,3.5,0.6,0.7,78.0,5.3,0.3,0.8,89.6,7.8,0.9,0.0,76.4,3.8000000000000003,4.8,6.3999999999999995,8.7,5.925,76.875,Recuperação
148,13,9,7.5,0.3,0.4,60.1,5.0,0.7,1.0,75.1,5.4,0.9,0.9,65.3,7.3,0.1,0.0,60.8,8.2,6.7,7.200000000000001,7.3999999999999995,7.375,65.325,Reprovado
149,11,7,7.4,0.8,0.4,65.7,6.6,0.8,1.0,57.2,6.5,0.3,0.2,51.8,4.5,0.2,0.1,94.2,8.600000000000001,8.399999999999999,7.0,4.8,7.2,67.225,Reprovado
150,14,6,6.0,0.1,0.1,62.1,6.9,0.8,0.7,72.1,7.7,0.3,0.6,96.6,3.8,0.9,0.3,54.3,6.199999999999999,8.4,8.6,5.0,7.05,71.27499999999999,Reprovado
151,13,8,6.0,0.5,0.3,60.7,3.6,0.4,0.2,66.7,4.6,0.5,0.3,67.3,5.2,0.4,0.4,72.2,6.8,4.2,5.3999999999999995,6.000000000000001,5.6,66.725,Reprovado
152,13,9,6.3,0.2,0.1,71.2,3.0,0.1,0.8,76.1,3.2,0.8,0.8,55.3,5.0,0.0,0.5,92.5,6.6,3.9000000000000004,4.8,5.5,5.2,73.775,Reprovado
153,11,6,3.9,0.0,0.8,95.4,6.6,0.4,0.1,79.3,5.5,0.1,0.0,74.6,5.9,0.3,0.1,80.8,4.7,7.1,5.6,6.3,5.925,82.52499999999999,Recuperação
154,13,9,7.6,0.2,0.9,75.4,4.8,0.7,0.8,50.4,5.7,0.9,0.6,88.4,5.9,0.6,0.7,64.6,8.7,6.3,7.2,7.2,7.35,69.7,Reprovado
155,11,8,5.1,1.0,0.1,59.4,4.3,0.5,0.9,88.1,3.8,0.8,0.3,61.1,6.7,0.8,0.6,71.0,6.199999999999999,5.7,4.8999999999999995,8.1,6.225,69.9,Reprovado
156,12,8,4.9,0.8,1.0,53.8,3.1,0.7,0.4,85.7,6.8,0.2,0.3,63.5,5.5,0.1,0.3,85.3,6.7,4.2,7.3,5.8999999999999995,6.0249999999999995,72.075,Reprovado
157,13,9,5.6,1.0,0.5,84.8,5.7,0.4,0.6,68.3,7.9,0.7,0.6,62.1,3.5,0.1,0.0,98.7,7.1,6.7,9.2,3.6,6.65,78.475,Recuperação
158,12,6,3.2,0.5,0.3,69.1,7.3,0.6,0.4,52.6,7.7,0.4,0.9,99.6,7.3,0.9,0.1,94.7,4.0,8.299999999999999,9.0,8.299999999999999,7.399999999999999,79.0,Aprovado
159,11,7,3.8,0.1,0.1,91.1,7.8,0.2,0.4,87.7,4.0,0.4,0.6,59.9,4.5,0.8,0.4,67.1,4.0,8.4,5.0,5.7,5.7749999999999995,76.45,Recuperação
160,14,8,6.7,0.5,0.5,83.0,5.8,0.7,0.3,97.8,7.4,0.8,0.9,78.8,7.9,0.6,0.2,99.9,7.7,6.8,9.100000000000001,8.7,8.075,89.875,Aprovado
161,13,6,3.4,0.5,0.8,89.8,5.6,0.5,0.8,62.0,6.5,1.0,0.3,96.3,3.6,0.8,0.4,50.2,4.7,6.8999999999999995,7.8,4.800000000000001,6.05,74.575,Reprovado
162,11,6,6.0,0.8,0.7,63.6,3.4,0.2,0.9,66.2,5.3,0.1,0.5,57.3,7.8,0.4,0.6,51.4,7.5,4.5,5.8999999999999995,8.799999999999999,6.674999999999999,59.62500000000001,Reprovado
163,14,7,4.2,0.1,0.1,84.6,5.7,0.3,0.9,59.2,5.7,0.4,0.5,98.5,3.5,0.8,0.5,91.2,4.3999999999999995,6.9,6.6000000000000005,4.8,5.675000000000001,83.375,Recuperação
164,14,8,4.9,0.5,0.1,63.2,4.9,0.7,0.2,78.8,7.2,0.5,0.0,97.4,4.2,0.4,0.2,60.0,5.5,5.800000000000001,7.7,4.800000000000001,5.95,74.85,Reprovado
165,12,8,4.4,0.2,0.4,97.0,6.0,0.5,0.9,57.7,5.4,0.4,0.6,94.2,3.2,0.2,0.3,53.0,5.000000000000001,7.4,6.4,3.7,5.625000000000001,75.475,Recuperação
166,11,6,4.8,0.3,0.3,81.8,4.9,0.2,0.7,67.8,4.9,0.4,0.7,60.7,6.5,0.7,0.6,61.9,5.3999999999999995,5.800000000000001,6.000000000000001,7.8,6.25,68.05,Reprovado
167,14,6,6.6,0.7,0.2,66.2,4.2,1.0,0.3,84.9,5.5,0.1,0.6,81.7,7.3,0.4,0.9,71.3,7.5,5.5,6.199999999999999,8.6,6.949999999999999,76.025,Recuperação
168,13,7,4.5,0.5,0.3,63.5,3.5,0.7,0.1,78.0,5.9,0.7,0.7,88.0,5.2,1.0,0.8,86.5,5.3,4.3,7.300000000000001,7.0,5.975,79.0,Recuperação
169,13,7,5.8,0.4,0.8,59.5,4.6,1.0,0.3,69.3,3.9,0.4,0.6,99.3,7.6,0.3,0.6,81.2,7.0,5.8999999999999995,4.8999999999999995,8.5,6.574999999999999,77.325,Recuperação
170,12,8,5.4,0.4,0.9,84.7,3.5,0.4,0.9,71.0,7.5,0.2,0.1,59.0,6.0,0.9,0.4,61.9,6.700000000000001,4.8,7.8,7.300000000000001,6.65,69.14999999999999,Reprovado
171,14,9,6.3,0.5,0.4,60.9,3.9,0.5,0.6,78.1,6.4,0.8,0.1,88.3,6.2,0.9,0.4,75.2,7.2,5.0,7.3,7.500000000000001,6.75,75.625,Recuperação
172,11,8,7.7,0.8,0.9,79.8,7.9,0.9,0.7,50.3,6.2,0.8,0.6,66.9,7.2,0.2,0.9,96.3,9.4,9.5,7.6,8.3,8.7,73.325,Reprovado
173,13,6,6.7,0.9,0.3,63.2,5.2,0.5,0.3,53.9,3.5,0.5,0.3,58.8,4.5,0.8,0.0,90.8,7.9,6.0,4.3,5.3,5.875,66.675,Reprovado
174,14,8,4.1,1.0,0.5,83.1,5.7,0.7,0.7,94.1,6.0,0.3,0.1,71.1,4.8,0.4,1.0,66.2,5.6,7.1000000000000005,6.3999999999999995,6.2,6.324999999999999,78.625,Recuperação
175,14,9,3.2,0.8,0.2,90.7,7.4,0.3,0.0,53.9,3.6,0.6,0.4,89.7,7.5,0.9,0.7,99.1,4.2,7.7,4.6000000000000005,9.1,6.4,83.35,Recuperação
176,12,7,4.3,0.3,0.6,88.9,8.0,0.4,0.4,85.3,3.4,0.3,0.6,73.2,7.5,0.5,0.7,85.4,5.199999999999999,8.8,4.3,8.7,6.75,83.19999999999999,Recuperação
177,13,9,6.0,0.7,1.0,88.0,5.9,0.1,0.6,96.0,5.6,0.2,0.3,76.9,7.9,0.7,0.0,53.1,7.7,6.6,6.1,8.6,7.25,78.5,Aprovado
178,13,9,3.3,0.4,0.6,59.4,7.1,0.2,0.1,63.5,5.0,0.7,0.7,99.8,7.5,0.5,0.6,51.8,4.3,7.3999999999999995,6.4,8.6,6.675000000000001,68.625,Reprovado
179,11,9,5.5,0.3,0.4,54.4,4.6,0.0,0.8,68.5,5.9,0.0,0.6,70.0,3.6,0.2,0.5,58.4,6.2,5.3999999999999995,6.5,4.300000000000001,5.6000000000000005,62.825,Reprovado
180,13,7,6.0,0.8,0.6,84.9,4.5,0.0,0.2,78.4,3.4,0.1,0.3,80.8,7.1,0.2,0.1,86.4,7.3999999999999995,4.7,3.8,7.3999999999999995,5.824999999999999,82.625,Recuperação
181,11,9,4.7,0.0,0.1,68.4,5.0,1.0,0.7,94.1,5.2,0.0,0.8,68.3,5.0,0.4,0.3,59.2,4.8,6.7,6.0,5.7,5.8,72.5,Reprovado
182,13,9,6.9,0.9,0.9,71.6,6.4,0.2,0.4,97.1,3.9,0.2,0.6,69.6,8.0,0.8,0.9,75.6,8.700000000000001,7.000000000000001,4.699999999999999,9.700000000000001,7.525,78.475,Aprovado
183,12,9,3.5,0.5,0.5,51.6,6.4,0.7,0.6,87.0,7.9,0.1,0.6,84.8,5.4,0.6,0.5,54.7,4.5,7.7,8.6,6.5,6.824999999999999,69.52499999999999,Reprovado
184,13,6,3.4,0.6,0.4,63.0,4.6,0.8,0.1,54.3,5.8,1.0,0.6,96.9,5.8,0.7,0.4,96.0,4.4,5.499999999999999,7.3999999999999995,6.9,6.049999999999999,77.55,Recuperação
185,11,9,6.6,0.7,0.6,51.7,3.7,0.6,0.0,83.5,6.4,0.3,0.0,77.1,5.6,0.3,0.1,67.2,7.8999999999999995,4.3,6.7,5.999999999999999,6.225,69.875,Reprovado
186,11,7,5.5,0.9,0.6,94.0,6.2,0.2,0.9,70.5,4.6,0.1,0.7,88.4,4.6,0.5,0.7,95.4,7.0,7.300000000000001,5.3999999999999995,5.8,6.375,87.075,Recuperação
187,12,9,6.4,0.6,0.1,62.2,3.6,0.7,0.3,73.5,3.5,0.2,0.4,54.5,3.4,0.0,0.7,97.2,7.1,4.6,4.1000000000000005,4.1,4.975,71.85,Reprovado
188,13,9,5.2,0.6,0.7,77.9,5.9,0.6,0.8,52.5,7.9,0.9,0.9,60.6,7.5,0.8,0.6,50.3,6.5,7.3,9.700000000000001,8.9,8.1,60.325,Reprovado
189,13,7,4.2,0.1,0.2,51.9,6.5,0.7,1.0,59.6,4.4,0.5,0.8,75.1,7.0,1.0,0.5,73.2,4.5,8.2,5.7,8.5,6.725,64.95,Reprovado
190,12,9,7.1,0.5,0.7,83.3,6.5,0.8,0.2,89.5,5.1,0.4,0.6,51.0,3.7,0.4,0.4,51.2,8.299999999999999,7.5,6.1,4.500000000000001,6.6,68.75,Reprovado
191,13,7,7.0,0.2,0.8,66.2,6.8,1.0,0.3,72.7,6.2,0.9,0.3,62.6,6.9,0.0,0.6,95.4,8.0,8.1,7.4,7.5,7.75,74.225,Reprovado
192,13,9,6.5,0.7,0.8,94.9,7.4,0.6,0.7,65.1,3.1,0.4,0.2,75.9,6.1,0.2,0.2,75.9,8.0,8.7,3.7,6.5,6.725,77.95,Recuperação
193,11,7,4.4,0.5,0.6,94.4,5.5,0.3,1.0,69.2,7.1,0.3,0.3,50.7,5.0,0.7,0.9,53.7,5.5,6.8,7.699999999999999,6.6000000000000005,6.65,67.0,Reprovado
194,13,9,6.0,0.7,0.5,66.3,6.7,0.6,0.9,92.7,5.7,0.2,0.5,63.2,4.3,0.6,0.6,55.5,7.2,8.2,6.4,5.499999999999999,6.824999999999999,69.425,Reprovado
195,13,9,4.8,0.0,0.1,95.0,6.1,0.1,0.5,87.4,4.4,0.4,0.3,75.7,7.3,0.8,0.3,69.2,4.8999999999999995,6.699999999999999,5.1000000000000005,8.4,6.275,81.825,Recuperação
196,12,6,3.5,0.1,0.8,99.8,3.9,0.9,0.8,63.6,3.3,0.3,0.5,78.7,6.5,0.3,0.4,97.0,4.4,5.6,4.1,7.2,5.325,84.775,Recuperação
197,12,6,7.6,0.7,0.3,91.3,3.1,0.1,0.1,55.9,3.8,0.7,0.2,96.3,5.7,0.8,0.8,84.6,8.6,3.3000000000000003,4.7,7.3,5.9750000000000005,82.025,Recuperação
198,14,9,3.7,0.1,0.5,92.2,4.4,0.3,1.0,62.6,7.5,0.3,1.0,82.3,6.0,0.7,0.2,93.4,4.300000000000001,5.7,8.8,6.9,6.425000000000001,82.625,Recuperação
199,11,9,7.8,0.1,0.3,62.5,5.2,0.8,1.0,96.0,6.4,0.6,0.1,70.7,3.5,0.3,0.3,68.3,8.2,7.0,7.1,4.1,6.6,74.375,Reprovado
200,13,8,5.2,0.0,0.1,78.8,6.1,0.6,0.2,79.1,4.2,0.1,0.9,96.5,5.4,0.5,0.7,52.2,5.3,6.8999999999999995,5.2,6.6000000000000005,6.0,76.64999999999999,Recuperação
201,13,7,3.9,1.0,0.6,53.4,7.2,0.4,0.3,76.7,3.3,0.2,0.9,89.2,4.0,0.1,0.3,98.7,5.5,7.9,4.4,4.3999999999999995,5.55,79.5,Recuperação
202,14,8,5.7,0.7,0.1,54.7,4.0,0.5,0.1,79.8,6.5,0.4,0.5,60.0,4.0,0.5,0.8,50.9,6.5,4.6,7.4,5.3,5.95,61.35,Reprovado
203,13,6,7.4,0.4,0.7,99.9,3.6,0.9,0.3,68.3,5.9,0.9,0.7,56.5,6.3,0.9,0.1,97.4,8.5,4.8,7.500000000000001,7.3,7.025,80.525,Aprovado
204,11,6,6.7,0.3,0.3,66.3,7.8,0.3,0.8,90.4,5.0,0.4,0.4,83.8,7.6,0.4,0.8,68.4,7.3,8.9,5.800000000000001,8.8,7.7,77.225,Aprovado
205,14,6,7.0,0.3,0.0,87.4,3.5,0.9,0.4,76.2,4.8,0.7,0.6,78.0,5.0,0.8,0.1,50.5,7.3,4.800000000000001,6.1,5.8999999999999995,6.025,73.025,Reprovado
206,11,6,6.3,0.8,0.5,90.3,5.4,0.1,0.1,55.8,4.1,0.3,0.3,89.5,4.0,0.6,0.0,84.5,7.6,5.6,4.699999999999999,4.6,5.625,80.025,Recuperação
207,14,9,6.5,0.7,0.0,92.9,5.9,0.8,0.3,56.5,6.3,0.1,0.3,86.9,6.2,0.2,0.9,99.0,7.2,7.0,6.699999999999999,7.300000000000001,7.05,83.825,Aprovado
208,14,6,7.2,0.2,0.3,99.9,5.7,0.8,1.0,76.8,7.9,0.1,0.6,81.3,7.4,0.6,0.6,98.3,7.7,7.5,8.6,8.6,8.1,89.075,Aprovado
209,12,9,4.2,0.2,0.7,62.1,3.4,0.2,0.6,96.8,3.9,0.3,0.5,99.3,6.7,0.5,0.4,58.0,5.1000000000000005,4.2,4.7,7.6000000000000005,5.4,79.05,Recuperação
210,11,9,5.4,0.1,0.1,52.0,3.3,0.4,0.4,65.4,6.0,0.2,0.6,76.7,7.3,0.4,0.2,59.1,5.6,4.1,6.8,7.9,6.1,63.300000000000004,Reprovado
211,13,6,4.1,0.7,0.8,70.6,3.5,0.2,0.2,93.5,5.1,0.2,0.3,55.7,5.7,0.1,0.6,78.3,5.6,3.9000000000000004,5.6,6.3999999999999995,5.375,74.525,Reprovado
212,13,6,7.9,0.8,0.0,56.5,5.9,0.7,1.0,88.2,5.2,0.8,0.4,91.4,6.8,0.4,0.5,81.9,8.700000000000001,7.6000000000000005,6.4,7.7,7.6000000000000005,79.5,Aprovado
213,11,7,7.7,0.3,0.2,51.1,5.7,0.5,0.8,62.4,4.3,0.0,0.1,62.6,3.7,0.1,1.0,87.0,8.2,7.0,4.3999999999999995,4.800000000000001,6.1,65.775,Reprovado
214,13,8,3.2,0.0,0.7,68.0,4.2,0.6,0.3,51.8,7.1,0.6,0.1,88.9,4.7,0.1,1.0,59.1,3.9000000000000004,5.1,7.799999999999999,5.8,5.6499999999999995,66.95,Reprovado
215,13,6,6.5,0.1,0.3,89.2,6.2,0.2,0.1,55.1,5.4,0.4,0.3,97.9,4.9,0.4,0.6,98.0,6.8999999999999995,6.5,6.1000000000000005,5.9,6.35,85.05000000000001,Recuperação
216,11,7,7.6,1.0,0.1,78.3,7.1,0.2,0.1,86.4,5.7,0.5,0.1,84.8,5.6,0.3,0.4,81.9,8.7,7.3999999999999995,6.3,6.3,7.175,82.85,Aprovado
217,14,7,3.9,0.3,0.4,65.6,3.2,0.0,0.1,60.0,4.5,0.6,0.1,79.8,7.6,0.9,0.5,92.4,4.6000000000000005,3.3000000000000003,5.199999999999999,9.0,5.525,74.44999999999999,Reprovado
218,11,8,5.8,0.8,0.3,82.7,5.5,0.3,0.6,68.6,3.9,0.3,0.8,73.0,7.4,0.4,0.7,77.0,6.8999999999999995,6.3999999999999995,5.0,8.5,6.699999999999999,75.325,Recuperação
219,14,9,7.6,0.6,0.8,61.6,6.4,0.6,0.9,75.1,3.4,0.3,0.0,68.2,3.7,0.8,0.1,70.7,9.0,7.9,3.6999999999999997,4.6,6.299999999999999,68.89999999999999,Reprovado
220,13,6,3.2,0.4,0.3,50.7,4.3,0.9,0.5,86.3,6.6,0.7,0.7,67.7,3.9,0.5,0.3,98.9,3.9,5.7,8.0,4.7,5.575,75.9,Recuperação
221,13,8,6.5,0.2,0.8,88.2,4.5,0.7,0.8,55.7,4.0,0.9,0.3,81.8,4.8,0.7,0.1,79.1,7.5,6.0,5.2,5.6,6.074999999999999,76.19999999999999,Recuperação
222,13,6,4.5,0.1,0.9,81.2,6.1,0.4,0.4,70.3,6.5,0.2,0.9,87.6,4.5,0.3,0.1,93.3,5.5,6.9,7.6000000000000005,4.8999999999999995,6.225,83.1,Recuperação
223,12,7,7.6,0.6,0.4,88.1,7.5,1.0,0.7,74.3,5.0,0.1,0.5,83.9,6.1,0.9,0.2,97.7,8.6,9.2,5.6,7.2,7.6499999999999995,86.0,Aprovado
224,14,7,7.9,0.8,0.9,51.9,7.0,0.7,0.7,77.0,5.1,0.9,0.3,59.9,7.5,0.5,0.5,83.8,9.600000000000001,8.4,6.3,8.5,8.2,68.15,Reprovado
225,12,9,7.7,0.6,0.4,91.9,5.9,0.9,0.2,90.9,5.3,0.3,0.5,74.7,7.8,0.8,0.8,77.4,8.700000000000001,7.000000000000001,6.1,9.4,7.800000000000001,83.725,Aprovado
226,12,7,5.4,0.5,1.0,81.0,6.7,0.5,0.4,58.6,4.8,0.6,0.4,89.6,6.3,0.4,0.5,50.2,6.9,7.6000000000000005,5.8,7.2,6.875,69.85,Reprovado
227,11,7,7.3,0.0,0.1,78.2,4.8,0.3,0.6,90.4,3.5,0.4,0.6,73.8,7.2,0.1,0.3,52.0,7.3999999999999995,5.699999999999999,4.5,7.6,6.299999999999999,73.60000000000001,Reprovado
228,12,8,7.2,1.0,0.7,81.2,6.2,0.1,0.1,84.6,4.5,0.1,0.1,76.8,5.6,0.7,0.1,60.0,8.899999999999999,6.3999999999999995,4.699999999999999,6.3999999999999995,6.599999999999999,75.65,Recuperação
229,11,6,4.6,0.8,0.5,93.2,5.3,0.7,0.4,77.8,6.3,0.6,1.0,88.6,4.0,0.0,0.6,59.3,5.8999999999999995,6.4,7.8999999999999995,4.6,6.199999999999999,79.72500000000001,Recuperação
230,11,6,7.1,0.3,0.4,79.3,3.9,0.1,0.5,85.0,6.3,0.5,0.4,83.1,5.6,0.5,0.3,62.7,7.8,4.5,7.2,6.3999999999999995,6.475,77.525,Recuperação
231,12,8,3.2,1.0,0.6,79.0,6.5,0.3,1.0,70.6,4.4,0.2,0.3,70.5,5.8,0.2,0.6,65.2,4.8,7.8,4.9,6.6,6.025,71.325,Reprovado
232,14,9,6.0,0.6,0.7,99.5,5.8,0.5,0.5,56.9,5.3,0.5,0.7,94.8,6.7,0.6,1.0,68.0,7.3,6.8,6.5,8.3,7.2250000000000005,79.8,Aprovado
233,14,6,4.2,0.6,0.0,87.8,4.8,0.6,0.8,83.3,4.0,0.8,0.4,58.1,4.1,1.0,0.1,71.0,4.8,6.199999999999999,5.2,5.199999999999999,5.35,75.05,Recuperação
234,14,7,3.6,0.7,0.2,72.1,7.6,0.6,0.4,76.2,4.1,0.6,0.8,99.8,4.8,0.5,0.2,54.9,4.5,8.6,5.499999999999999,5.5,6.0249999999999995,75.75,Recuperação
235,14,6,3.4,0.8,0.7,85.4,3.1,0.2,0.8,82.0,3.1,0.1,0.5,55.9,4.8,0.8,0.5,52.1,4.9,4.1000000000000005,3.7,6.1,4.699999999999999,68.85000000000001,Reprovado
236,14,7,6.5,0.7,0.7,69.5,4.6,0.4,0.6,66.9,7.5,0.5,0.7,50.7,7.8,0.5,1.0,83.7,7.9,5.6,8.7,9.3,7.875,67.7,Reprovado
237,12,9,4.7,0.1,1.0,61.4,3.3,0.6,0.9,95.3,4.1,0.7,0.1,94.5,5.2,0.5,0.8,76.9,5.8,4.8,4.8999999999999995,6.5,5.5,82.025,Recuperação
238,12,8,6.6,0.3,0.8,79.8,6.8,1.0,0.4,79.4,4.1,0.8,0.8,62.2,6.8,0.9,0.9,72.2,7.699999999999999,8.2,5.699999999999999,8.6,7.549999999999999,73.39999999999999,Reprovado
239,13,6,3.3,0.9,1.0,96.4,6.5,0.7,0.6,54.3,4.4,0.6,0.7,86.5,6.8,0.9,0.3,81.7,5.2,7.8,5.7,8.0,6.675,79.725,Recuperação
240,14,8,4.6,0.2,0.7,96.5,4.7,0.9,0.6,72.5,3.6,0.2,0.2,90.6,4.3,0.8,1.0,91.4,5.5,6.2,4.0,6.1,5.449999999999999,87.75,Recuperação
241,12,6,5.7,0.4,0.3,67.1,6.4,0.8,0.4,87.8,6.2,0.7,0.1,92.9,5.9,0.3,0.1,71.4,6.4,7.6000000000000005,7.0,6.3,6.825,79.8,Recuperação
242,13,7,7.0,0.4,0.1,76.4,5.0,0.6,0.1,89.7,3.4,0.7,0.3,99.6,7.5,0.5,0.1,82.1,7.5,5.699999999999999,4.3999999999999995,8.1,6.424999999999999,86.95000000000002,Recuperação
243,14,8,4.6,0.4,0.8,60.6,6.8,0.2,0.1,74.7,3.7,0.0,1.0,64.7,5.4,0.2,0.9,97.7,5.8,7.1,4.7,6.500000000000001,6.0249999999999995,74.425,Reprovado
244,11,6,6.1,0.6,0.6,99.8,5.3,0.7,0.0,94.7,6.2,0.4,0.3,85.5,7.7,0.4,0.9,92.0,7.299999999999999,6.0,6.9,9.0,7.3,93.0,Aprovado
245,13,7,7.4,0.9,0.0,99.1,5.1,0.6,0.9,63.4,4.7,0.3,0.5,55.8,4.1,0.5,0.1,71.3,8.3,6.6,5.5,4.699999999999999,6.2749999999999995,72.4,Reprovado
246,12,8,6.1,0.2,0.4,82.5,7.7,0.6,0.2,70.5,6.5,0.7,0.0,70.3,3.4,0.8,0.1,82.2,6.7,8.5,7.2,4.3,6.675,76.375,Recuperação
247,11,8,4.2,0.1,1.0,90.2,4.3,0.5,0.2,94.9,5.8,0.2,0.4,92.4,7.5,0.9,0.0,58.9,5.3,5.0,6.4,8.4,6.275,84.1,Recuperação
248,11,6,3.1,0.2,0.5,85.8,3.6,0.5,0.7,94.8,4.3,0.6,0.6,68.4,7.2,0.4,0.1,78.0,3.8000000000000003,4.8,5.499999999999999,7.7,5.449999999999999,81.75,Recuperação
249,11,6,7.4,0.9,0.4,79.7,5.9,0.3,0.3,84.3,6.3,0.9,1.0,79.6,8.0,0.0,0.2,99.1,8.700000000000001,6.5,8.2,8.2,7.8999999999999995,85.675,Aprovado
250,13,6,3.1,0.6,0.5,52.7,7.8,0.5,0.5,92.9,3.6,0.8,0.5,75.2,6.4,0.9,1.0,75.9,4.2,8.8,4.9,8.3,6.55,74.17500000000001,Reprovado
251,12,7,7.4,0.3,0.2,72.7,4.9,0.2,0.2,54.4,5.7,0.9,0.8,82.3,7.7,0.2,0.7,96.4,7.9,5.300000000000001,7.4,8.6,7.300000000000001,76.44999999999999,Aprovado
252,11,6,5.6,0.8,0.4,83.7,3.3,0.8,1.0,93.2,5.2,1.0,0.5,98.6,7.1,0.6,0.8,70.4,6.8,5.1,6.7,8.5,6.7749999999999995,86.475,Recuperação
253,14,8,7.7,0.9,0.4,83.9,4.7,0.2,0.9,66.0,4.3,0.0,0.0,52.8,7.2,0.0,0.8,99.9,9.0,5.800000000000001,4.3,8.0,6.775,75.65,Recuperação
254,11,8,7.0,0.8,0.1,68.7,5.5,0.1,0.9,58.9,6.0,0.6,0.3,78.7,5.8,0.4,0.5,79.0,7.8999999999999995,6.5,6.8999999999999995,6.7,6.999999999999999,71.325,Reprovado
255,11,6,8.0,0.9,0.8,97.1,3.8,0.4,0.4,62.0,7.4,0.4,0.6,93.2,4.9,1.0,0.8,52.1,9.700000000000001,4.6000000000000005,8.4,6.7,7.3500000000000005,76.10000000000001,Aprovado
256,13,6,4.8,0.3,0.4,58.4,6.3,0.7,0.8,70.9,8.0,0.9,1.0,74.1,7.7,0.1,0.6,79.3,5.5,7.8,9.9,8.4,7.9,70.675,Reprovado
257,13,9,6.8,0.8,0.8,75.0,8.0,0.4,0.1,62.6,6.0,0.3,0.9,53.9,5.2,0.4,0.3,63.7,8.4,8.5,7.2,5.9,7.5,63.8,Reprovado
258,12,8,5.0,0.5,0.9,84.5,5.3,0.3,0.0,66.0,5.0,1.0,0.2,78.0,5.7,0.3,0.6,51.6,6.4,5.6,6.2,6.6,6.199999999999999,70.025,Reprovado
259,14,7,5.4,0.8,0.2,84.9,4.8,0.6,0.0,56.7,4.1,0.6,0.2,66.6,5.2,0.9,0.5,91.0,6.4,5.3999999999999995,4.8999999999999995,6.6000000000000005,5.825,74.80000000000001,Reprovado
260,13,9,6.1,0.7,0.7,82.4,5.0,0.3,0.6,64.8,4.3,0.8,0.2,57.7,5.8,0.9,0.8,63.8,7.5,5.8999999999999995,5.3,7.5,6.55,67.175,Reprovado
261,11,6,7.4,0.8,0.5,63.8,3.6,0.9,0.5,78.6,5.4,0.1,0.9,92.5,5.4,0.2,1.0,89.8,8.700000000000001,5.0,6.4,6.6000000000000005,6.675000000000001,81.175,Recuperação
262,12,6,7.9,0.7,0.9,57.8,7.4,0.9,0.5,72.1,4.8,0.2,0.9,76.1,3.2,0.1,0.4,64.4,9.5,8.8,5.9,3.7,6.9750000000000005,67.6,Reprovado
263,11,8,6.8,0.2,0.2,81.8,5.1,0.5,0.0,67.3,7.6,0.8,0.8,96.7,7.4,0.6,0.8,59.7,7.2,5.6,9.200000000000001,8.8,7.7,76.375,Aprovado
264,11,6,5.1,0.5,0.7,80.0,4.9,0.3,0.4,87.3,4.8,0.0,0.4,90.3,5.2,0.3,0.1,98.7,6.3,5.6000000000000005,5.2,5.6,5.675000000000001,89.075,Recuperação
265,13,7,5.1,1.0,0.6,59.0,6.3,0.7,0.7,94.7,4.9,0.8,0.5,84.6,5.9,0.7,0.8,68.1,6.699999999999999,7.7,6.2,7.4,7.0,76.6,Aprovado
266,12,8,6.7,0.9,0.3,85.3,5.2,0.0,0.4,87.8,4.9,0.0,0.5,50.3,3.7,0.0,0.4,80.1,7.9,5.6000000000000005,5.4,4.1000000000000005,5.75,75.875,Recuperação
267,14,6,4.2,0.0,0.1,72.8,6.2,0.5,0.7,66.6,7.2,0.7,0.3,71.4,3.0,0.1,0.0,80.5,4.3,7.4,8.200000000000001,3.1,5.75,72.82499999999999,Reprovado
268,14,8,3.6,0.2,0.7,83.4,3.3,0.3,0.2,87.2,6.3,0.4,0.5,59.9,4.2,0.7,0.4,78.0,4.5,3.8,7.2,5.300000000000001,5.2,77.125,Recuperação
269,13,6,4.8,0.1,0.7,91.9,7.1,0.9,0.8,57.6,6.1,0.6,0.0,95.5,6.5,0.2,0.6,95.7,5.6,8.8,6.699999999999999,7.3,7.1000000000000005,85.175,Aprovado
270,13,6,4.4,0.7,0.3,58.5,7.7,0.0,0.6,56.5,4.7,0.7,0.1,58.7,3.5,0.9,0.1,83.7,5.4,8.3,5.5,4.5,5.925000000000001,64.35,Reprovado
271,12,6,4.5,0.8,0.6,51.0,6.2,0.6,0.2,67.3,7.1,0.3,0.9,64.3,7.5,0.1,0.9,70.2,5.8999999999999995,7.0,8.299999999999999,8.5,7.424999999999999,63.2,Reprovado
272,14,7,4.2,0.2,0.4,89.0,7.8,0.7,0.2,90.4,3.2,0.1,0.8,75.8,4.1,0.2,0.1,93.1,4.800000000000001,8.7,4.1000000000000005,4.3999999999999995,5.5,87.07499999999999,Recuperação
273,14,7,3.2,0.5,0.7,80.5,3.8,0.5,0.6,62.3,7.4,0.1,0.4,63.2,4.0,1.0,0.9,59.1,4.4,4.8999999999999995,7.9,5.9,5.775,66.275,Reprovado
274,14,8,3.1,0.8,0.2,85.0,5.4,0.1,0.8,53.2,5.6,0.6,0.5,60.5,3.9,0.4,0.7,77.2,4.1000000000000005,6.3,6.699999999999999,5.0,5.525,68.975,Reprovado
275,11,6,7.9,0.7,0.9,91.9,6.0,1.0,0.4,56.6,5.0,0.5,0.4,80.0,3.1,0.7,0.3,97.5,9.5,7.4,5.9,4.1,6.725,81.5,Recuperação
276,14,6,5.1,0.5,0.3,90.1,5.9,0.5,0.3,92.9,5.5,0.7,0.7,54.4,6.9,0.2,0.4,81.3,5.8999999999999995,6.7,6.9,7.500000000000001,6.75,79.675,Recuperação
277,11,7,4.9,0.6,0.4,98.0,5.0,0.6,0.9,81.7,6.3,0.5,0.8,52.9,7.4,0.6,0.7,90.8,5.9,6.5,7.6,8.7,7.175,80.85,Aprovado
278,12,6,6.4,0.5,0.1,76.8,4.7,0.2,0.7,62.7,3.1,0.4,0.8,68.6,6.1,0.7,0.6,82.7,7.0,5.6000000000000005,4.3,7.3999999999999995,6.075,72.7,Reprovado
279,11,7,4.1,0.3,0.1,74.4,3.6,0.5,0.4,77.8,7.4,0.4,0.7,86.0,3.9,0.3,0.7,92.0,4.499999999999999,4.5,8.5,4.9,5.6,82.55,Recuperação
280,12,6,7.7,0.6,0.5,70.1,5.0,0.4,0.5,76.4,5.2,0.0,0.2,77.7,4.4,0.8,0.4,97.2,8.8,5.9,5.4,5.6000000000000005,6.425000000000001,80.35,Recuperação
281,14,8,6.9,0.7,0.3,57.7,3.8,0.1,0.2,82.8,4.7,0.3,0.3,71.1,5.4,0.6,0.5,63.6,7.9,4.1,5.3,6.5,5.95,68.8,Reprovado
282,14,6,3.4,0.9,0.8,78.6,6.7,0.1,0.6,61.7,3.7,1.0,0.5,78.3,7.8,0.4,1.0,58.5,5.1,7.3999999999999995,5.2,9.2,6.725,69.275,Reprovado
283,12,6,5.1,0.6,0.0,63.9,4.0,0.8,0.4,93.2,5.2,0.9,0.3,68.3,4.2,0.6,0.2,74.2,5.699999999999999,5.2,6.4,5.0,5.574999999999999,74.89999999999999,Reprovado
284,13,9,7.4,0.8,0.4,96.1,3.3,0.2,1.0,65.5,5.5,0.3,0.8,96.8,6.7,0.6,0.4,85.1,8.600000000000001,4.5,6.6,7.7,6.8500000000000005,85.875,Recuperação
285,12,7,7.7,0.2,0.3,79.2,5.8,0.2,0.5,84.7,5.0,0.6,0.3,52.7,5.2,0.2,0.3,61.4,8.200000000000001,6.5,5.8999999999999995,5.7,6.575,69.5,Reprovado
286,13,6,5.3,0.5,0.0,79.6,6.0,0.5,0.5,50.8,6.4,0.8,0.1,83.7,4.5,0.4,0.8,50.2,5.8,7.0,7.3,5.7,6.45,66.07499999999999,Reprovado
287,11,6,6.1,0.0,0.1,67.7,7.4,0.8,0.6,68.6,5.1,0.4,0.4,94.6,5.3,0.3,0.8,67.1,6.199999999999999,8.8,5.9,6.3999999999999995,6.824999999999999,74.5,Reprovado
288,11,9,3.8,0.2,0.4,52.6,5.9,0.1,0.9,67.6,7.8,0.0,1.0,90.2,3.4,0.4,0.3,98.4,4.4,6.9,8.8,4.1,6.050000000000001,77.19999999999999,Recuperação
289,11,9,8.0,0.7,0.5,51.6,4.7,0.6,0.8,77.2,6.0,0.1,0.2,59.2,7.0,0.8,0.1,84.7,9.2,6.1,6.3,7.8999999999999995,7.374999999999999,68.175,Reprovado
290,14,7,4.2,1.0,0.4,71.2,7.0,0.1,0.5,53.6,7.0,0.5,0.6,64.8,4.2,0.5,0.0,70.1,5.6000000000000005,7.6,8.1,4.7,6.499999999999999,64.92500000000001,Reprovado
291,11,9,7.7,0.1,0.5,54.2,5.7,0.0,0.7,89.5,3.5,1.0,0.4,85.9,6.6,0.9,0.4,59.6,8.3,6.4,4.9,7.9,6.875,72.3,Reprovado
292,13,8,6.2,0.4,0.6,80.3,3.4,0.1,0.6,60.9,5.0,0.7,0.1,54.2,3.3,0.3,0.4,67.8,7.2,4.1,5.8,3.9999999999999996,5.275,65.8,Reprovado
293,11,9,6.0,0.8,0.0,94.0,5.8,0.8,0.5,83.9,4.7,0.1,0.5,90.6,7.8,0.4,1.0,58.5,6.8,7.1,5.3,9.2,7.1,81.75,Aprovado
294,12,8,5.6,0.2,0.5,94.1,7.5,0.1,0.2,90.2,5.8,0.2,0.7,85.9,4.0,0.8,0.5,55.3,6.3,7.8,6.7,5.3,6.525,81.37500000000001,Recuperação
295,12,7,4.2,0.6,1.0,83.0,5.0,0.0,0.5,78.1,7.3,0.8,0.5,86.5,7.4,0.5,0.3,95.3,5.8,5.5,8.6,8.200000000000001,7.025,85.725,Aprovado
296,14,7,3.9,0.7,0.5,60.6,4.5,0.4,0.2,87.0,3.4,0.8,0.9,55.0,7.0,0.5,0.9,99.9,5.1,5.1000000000000005,5.1000000000000005,8.4,5.925000000000001,75.625,Recuperação
297,12,7,4.1,0.6,0.7,93.1,3.7,0.8,0.9,83.1,3.4,0.6,0.3,85.9,7.8,0.1,0.5,58.2,5.3999999999999995,5.4,4.3,8.399999999999999,5.875,80.075,Recuperação
298,13,7,3.9,0.2,0.3,94.3,3.8,0.3,0.3,67.8,7.3,0.6,0.1,84.0,5.4,0.4,0.6,52.7,4.3999999999999995,4.3999999999999995,7.999999999999999,6.4,5.799999999999999,74.7,Reprovado
299,11,7,6.9,0.4,0.8,59.8,5.2,0.4,1.0,90.4,4.1,0.0,0.9,91.5,6.6,0.3,0.1,66.5,8.100000000000001,6.6000000000000005,5.0,6.999999999999999,6.675000000000001,77.05,Recuperação
300,14,8,4.8,0.8,0.8,86.9,6.0,0.0,0.5,64.7,6.3,0.8,0.4,52.1,4.9,1.0,0.4,73.1,6.3999999999999995,6.5,7.5,6.300000000000001,6.675,69.2,Reprovado
301,11,8,3.3,0.6,0.5,64.3,3.4,0.4,0.6,78.6,5.7,0.8,0.6,51.2,3.9,0.3,0.9,60.2,4.4,4.3999999999999995,7.1,5.1000000000000005,5.25,63.57499999999999,Reprovado
302,11,7,7.8,0.0,1.0,90.1,7.7,0.6,0.5,87.3,7.2,0.3,0.8,68.7,5.2,0.9,0.6,65.1,8.8,8.8,8.3,6.7,8.15,77.79999999999998,Aprovado
303,13,9,7.4,0.8,0.1,99.9,6.8,0.6,0.1,68.9,3.6,0.7,0.3,57.4,3.8,0.7,0.3,60.0,8.3,7.499999999999999,4.6,4.8,6.3,71.55000000000001,Reprovado
304,12,6,7.6,0.0,0.0,51.5,5.9,0.3,0.4,65.1,3.6,0.2,0.7,77.9,7.9,0.3,0.6,88.7,7.6,6.6000000000000005,4.5,8.8,6.875,70.8,Reprovado
305,12,7,8.0,0.7,0.8,94.9,7.1,0.3,0.1,73.0,5.8,0.0,0.1,95.9,3.5,0.5,0.9,85.6,9.5,7.499999999999999,5.8999999999999995,4.9,6.949999999999999,87.35,Recuperação
306,11,9,3.9,0.2,0.8,81.1,3.4,0.1,0.6,90.9,7.7,0.2,0.3,69.6,5.9,0.8,0.3,81.7,4.8999999999999995,4.1,8.200000000000001,7.0,6.050000000000001,80.825,Recuperação
307,14,6,5.0,1.0,0.1,98.7,5.4,0.4,0.4,96.5,5.1,0.2,0.1,92.2,6.1,0.9,0.5,69.4,6.1,6.200000000000001,5.3999999999999995,7.5,6.3,89.19999999999999,Recuperação
308,12,7,6.8,0.4,0.3,73.3,6.2,0.1,0.8,77.3,4.6,0.3,0.8,50.0,5.7,0.2,1.0,95.5,7.5,7.1,5.699999999999999,6.9,6.799999999999999,74.025,Reprovado
309,14,7,6.5,0.3,0.0,92.4,7.1,0.8,0.2,83.1,6.0,0.4,0.2,58.4,6.3,0.3,0.2,98.5,6.8,8.1,6.6000000000000005,6.8,7.075,83.1,Aprovado
310,12,8,3.8,0.1,0.3,53.1,6.9,1.0,0.2,95.2,7.7,0.5,0.7,51.5,3.6,0.3,0.7,58.7,4.2,8.1,8.899999999999999,4.6,6.449999999999999,64.625,Reprovado
311,14,6,7.1,0.3,0.8,66.8,4.4,1.0,0.4,54.9,7.2,0.5,0.9,66.4,5.8,0.0,0.6,61.2,8.2,5.800000000000001,8.6,6.3999999999999995,7.25,62.325,Reprovado
312,13,6,4.1,0.9,0.5,53.4,7.7,0.9,0.9,61.6,8.0,0.3,0.5,95.4,4.4,0.6,0.7,76.3,5.5,9.5,8.8,5.7,7.375,71.675,Reprovado
313,14,9,4.1,1.0,0.3,98.8,3.6,0.6,0.7,85.4,3.1,0.0,0.5,54.8,7.7,0.9,0.4,54.6,5.3999999999999995,4.9,3.6,9.0,5.725,73.4,Reprovado
314,13,8,5.7,0.4,0.4,90.8,7.4,0.7,0.4,91.2,3.6,0.6,0.5,80.3,6.8,0.4,0.3,71.8,6.500000000000001,8.5,4.7,7.5,6.8,83.525,Recuperação
315,13,8,6.0,0.4,0.0,92.6,7.9,0.3,0.5,92.9,6.0,0.4,0.3,72.6,7.9,0.7,0.7,79.1,6.4,8.700000000000001,6.7,9.299999999999999,7.775,84.30000000000001,Aprovado
316,14,8,5.9,0.7,0.3,96.9,3.9,0.6,0.1,70.8,7.1,0.3,0.5,96.9,3.2,0.6,0.2,76.1,6.9,4.6,7.8999999999999995,4.0,5.85,85.17500000000001,Recuperação
317,13,8,3.5,0.9,0.6,54.3,6.6,0.5,1.0,54.5,4.4,0.9,0.6,56.1,4.4,0.4,0.4,66.5,5.0,8.1,5.9,5.200000000000001,6.050000000000001,57.85,Reprovado
318,11,6,7.4,0.6,1.0,69.3,3.2,0.5,0.7,71.9,4.2,0.7,1.0,60.6,4.0,0.1,0.2,77.1,9.0,4.4,5.9,4.3,5.9,69.725,Reprovado
319,13,6,4.3,0.4,0.8,53.6,5.0,0.8,0.3,61.5,6.9,0.9,0.9,51.5,3.1,0.7,0.0,97.9,5.5,6.1,8.700000000000001,3.8,6.025,66.125,Reprovado
320,12,7,3.6,0.4,0.0,60.5,5.6,0.3,0.6,64.6,3.3,0.5,0.9,71.7,4.2,0.9,1.0,60.3,4.0,6.499999999999999,4.7,6.1000000000000005,5.325,64.275,Reprovado
321,14,7,7.4,0.7,0.9,61.5,5.9,0.3,0.1,88.6,4.8,0.1,0.9,63.9,6.4,0.7,0.4,82.7,9.0,6.3,5.8,7.500000000000001,7.15,74.175,Reprovado
322,11,8,7.8,0.0,0.8,73.5,7.7,0.9,1.0,53.8,5.5,0.7,0.5,93.5,4.2,0.0,1.0,52.2,8.6,9.6,6.7,5.2,7.5249999999999995,68.25,Reprovado
323,14,8,7.3,0.6,0.8,63.4,6.4,0.1,0.2,91.4,5.8,0.2,0.7,80.2,5.5,0.2,0.1,53.3,8.7,6.7,6.7,5.8,6.975,72.075,Reprovado
324,12,8,7.0,0.4,0.5,55.0,5.4,0.5,0.6,71.4,6.6,0.4,0.9,80.7,7.4,0.1,0.6,77.6,7.9,6.5,7.9,8.1,7.6,71.17500000000001,Reprovado
325,12,7,6.3,0.8,0.4,58.4,7.0,0.9,0.2,79.8,4.8,0.1,0.4,76.6,6.5,0.6,0.2,55.2,7.5,8.1,5.3,7.3,7.05,67.5,Reprovado
326,12,9,5.8,0.1,0.3,57.4,7.8,0.6,0.7,54.5,6.1,0.8,1.0,54.6,5.0,0.8,0.8,51.1,6.199999999999999,9.1,7.8999999999999995,6.6,7.449999999999999,54.4,Reprovado
327,13,9,3.4,0.6,0.1,98.7,3.1,0.5,0.8,66.9,5.9,0.1,0.4,72.3,4.9,0.1,0.8,58.6,4.1,4.4,6.4,5.8,5.175,74.12500000000001,Reprovado
328,13,7,5.0,0.5,0.2,88.0,7.9,0.2,0.7,54.5,5.7,0.9,0.6,100.0,5.3,0.8,0.1,78.2,5.7,8.799999999999999,7.2,6.199999999999999,6.975,80.175,Recuperação
329,14,7,4.9,0.6,0.2,98.4,3.4,0.3,0.6,98.1,6.2,0.9,0.7,91.8,3.9,0.6,0.9,85.2,5.7,4.3,7.800000000000001,5.4,5.800000000000001,93.375,Recuperação
330,14,7,4.3,0.1,0.5,72.0,7.1,0.9,0.9,90.4,4.3,0.5,1.0,94.7,6.2,0.7,0.2,60.1,4.8999999999999995,8.9,5.8,7.1000000000000005,6.675000000000001,79.30000000000001,Recuperação
331,11,7,6.6,0.6,0.7,63.9,4.4,0.6,0.1,73.0,3.4,0.7,0.2,91.2,4.8,1.0,0.6,83.4,7.8999999999999995,5.1,4.3,6.3999999999999995,5.925,77.875,Recuperação
332,11,7,5.5,0.6,0.5,89.9,3.7,0.5,0.3,61.2,3.6,0.6,0.7,55.2,7.3,0.1,1.0,59.1,6.6,4.5,4.9,8.399999999999999,6.1,66.35000000000001,Reprovado
333,14,7,3.4,0.6,0.1,66.3,5.2,0.1,0.2,96.7,4.1,0.8,0.5,61.4,6.8,0.9,0.9,80.7,4.1,5.5,5.3999999999999995,8.6,5.9,76.275,Recuperação
334,13,8,4.1,0.6,1.0,65.0,6.2,0.0,1.0,67.2,5.5,0.4,0.3,50.2,6.1,0.1,1.0,70.6,5.699999999999999,7.2,6.2,7.199999999999999,6.574999999999999,63.24999999999999,Reprovado
335,12,8,6.4,0.7,0.9,61.6,4.9,1.0,0.4,58.0,7.2,0.8,0.8,65.2,4.8,0.4,0.3,82.7,8.0,6.300000000000001,8.8,5.5,7.15,66.875,Reprovado
336,14,8,3.4,0.8,0.8,56.5,3.3,0.4,0.7,78.2,6.5,0.5,0.6,55.4,4.0,0.9,0.1,99.8,5.0,4.3999999999999995,7.6,5.0,5.5,72.475,Reprovado
337,11,8,7.3,0.3,1.0,62.8,6.0,0.6,0.7,97.2,6.9,0.9,0.7,73.6,6.9,0.9,0.2,96.9,8.6,7.3,8.5,8.0,8.1,82.625,Aprovado
338,13,7,5.5,0.8,0.5,67.8,7.5,0.1,0.2,50.2,4.8,0.5,0.3,83.9,5.4,0.5,0.5,50.2,6.8,7.8,5.6,6.4,6.65,63.025000000000006,Reprovado
339,14,9,5.4,0.5,1.0,83.7,4.9,0.7,0.2,61.9,5.0,0.5,0.5,93.7,4.1,0.6,0.8,94.3,6.9,5.800000000000001,6.0,5.499999999999999,6.050000000000001,83.4,Recuperação
340,14,6,6.0,0.1,0.1,53.1,4.1,0.9,0.3,96.9,5.0,0.8,0.6,87.5,4.0,0.7,0.2,53.3,6.199999999999999,5.3,6.3999999999999995,4.9,5.699999999999999,72.7,Reprovado
341,13,7,7.1,0.1,0.4,60.5,5.2,0.6,0.4,58.6,4.0,0.8,0.4,96.9,3.8,0.8,0.7,97.7,7.6,6.2,5.2,5.3,6.075,78.425,Recuperação
342,14,6,4.7,0.3,0.2,90.5,3.2,0.1,0.2,55.7,3.3,0.6,0.2,52.7,6.9,0.1,0.3,64.1,5.2,3.5000000000000004,4.1,7.3,5.025,65.75,Reprovado
343,13,9,6.4,0.8,0.2,57.3,7.1,0.6,0.0,78.5,6.0,0.2,1.0,50.6,4.1,0.8,0.3,69.1,7.4,7.699999999999999,7.2,5.199999999999999,6.875,63.875,Reprovado
344,12,8,5.8,0.7,0.1,67.1,7.1,0.8,0.9,93.1,7.9,0.5,0.5,83.1,5.6,0.5,0.7,54.6,6.6,8.799999999999999,8.9,6.8,7.7749999999999995,74.475,Reprovado
345,13,9,4.3,0.8,0.6,93.2,5.9,0.4,1.0,73.9,3.8,1.0,0.7,64.5,5.3,0.5,0.5,55.6,5.699999999999999,7.300000000000001,5.5,6.3,6.2,71.80000000000001,Reprovado
346,13,7,7.4,0.5,0.8,57.7,4.8,0.9,0.3,99.7,3.2,0.8,0.4,62.7,5.9,0.4,0.8,86.3,8.700000000000001,6.0,4.4,7.1000000000000005,6.550000000000001,76.60000000000001,Recuperação
347,13,8,7.0,0.4,0.6,54.1,7.0,0.6,0.3,84.0,6.9,0.8,0.4,66.5,7.4,0.5,0.2,97.2,8.0,7.8999999999999995,8.1,8.1,8.025,75.45,Aprovado
348,14,7,6.3,0.1,0.1,74.2,5.8,0.9,0.0,53.7,4.3,0.0,0.4,63.5,7.3,0.9,0.8,80.5,6.499999999999999,6.7,4.7,9.0,6.725,67.975,Reprovado
349,14,8,7.3,0.3,0.8,65.1,7.1,0.6,0.7,99.6,7.1,0.5,0.4,75.6,5.3,0.5,0.1,85.8,8.4,8.399999999999999,8.0,5.8999999999999995,7.674999999999999,81.52499999999999,Aprovado
350,13,6,7.3,0.4,0.6,78.2,6.2,0.1,0.8,70.4,6.5,0.6,0.5,72.0,3.1,1.0,0.2,88.1,8.3,7.1,7.6,4.3,6.825,77.17500000000001,Recuperação
351,14,6,6.5,0.1,0.4,90.2,6.9,0.3,0.1,64.4,7.7,0.8,0.5,75.6,5.1,0.2,0.7,63.1,7.0,7.3,9.0,6.0,7.325,73.325,Reprovado
352,11,6,7.2,0.2,0.7,56.9,6.0,0.2,0.2,77.9,5.0,0.0,0.5,83.6,6.0,0.7,0.9,52.3,8.1,6.4,5.5,7.6000000000000005,6.9,67.675,Reprovado
353,11,9,6.5,0.6,0.3,79.0,5.1,0.9,0.8,65.2,6.3,0.9,0.1,69.4,5.8,0.8,0.3,50.1,7.3999999999999995,6.8,7.3,6.8999999999999995,7.1,65.925,Reprovado
354,14,7,6.4,0.7,0.3,75.3,7.8,0.8,0.6,54.3,5.3,0.5,0.5,62.6,6.3,0.7,0.3,67.5,7.4,9.2,6.3,7.3,7.550000000000001,64.925,Reprovado
355,14,9,6.1,1.0,0.9,57.2,5.7,0.7,0.0,50.1,6.2,0.2,0.2,58.3,3.8,0.6,0.5,62.1,8.0,6.4,6.6000000000000005,4.8999999999999995,6.475,56.925000000000004,Reprovado
356,13,6,6.8,0.9,0.3,81.2,6.0,0.3,0.6,72.5,5.2,0.3,0.1,67.5,6.2,0.6,0.2,53.1,8.0,6.8999999999999995,5.6,7.0,6.875,68.575,Reprovado
357,12,7,3.8,0.6,0.5,63.7,4.1,0.2,0.3,91.8,3.9,0.3,0.9,87.1,3.9,0.9,0.8,59.0,4.8999999999999995,4.6,5.1000000000000005,5.6,5.050000000000001,75.4,Recuperação
358,14,6,7.4,0.4,0.9,74.4,6.1,0.8,0.4,78.6,5.5,0.5,0.6,87.8,6.8,0.8,0.8,56.2,8.700000000000001,7.3,6.6,8.4,7.75,74.25,Reprovado
359,11,9,7.4,0.6,0.7,54.1,5.9,0.5,0.8,100.0,5.6,0.1,0.7,83.3,4.7,0.1,0.1,95.7,8.7,7.2,6.3999999999999995,4.8999999999999995,6.799999999999999,83.27499999999999,Recuperação
360,13,9,3.1,0.8,0.1,73.0,3.9,0.2,0.8,64.3,7.1,0.2,0.4,61.7,6.5,0.8,0.5,57.0,4.0,4.8999999999999995,7.7,7.8,6.1,64.0,Reprovado
361,14,9,7.1,0.1,0.1,65.3,3.3,0.6,0.4,64.0,6.7,0.8,0.9,79.4,3.2,0.4,0.8,76.9,7.299999999999999,4.3,8.4,4.4,6.1,71.4,Reprovado
362,11,6,3.6,0.4,0.0,91.1,6.0,0.0,0.9,58.0,6.3,0.1,0.6,78.5,5.0,0.3,0.3,79.7,4.0,6.9,6.999999999999999,5.6,5.875,76.825,Recuperação
363,11,7,4.7,0.8,0.6,52.8,6.8,0.3,0.4,58.2,3.6,0.2,0.8,74.2,6.5,0.9,0.6,77.2,6.1,7.5,4.6000000000000005,8.0,6.55,65.6,Reprovado
364,12,7,6.7,0.4,0.4,70.9,5.6,0.5,0.8,64.3,6.6,0.5,0.4,77.5,4.1,0.4,0.1,55.0,7.500000000000001,6.8999999999999995,7.5,4.6,6.625,66.925,Reprovado
365,13,6,3.8,0.6,0.1,72.9,4.1,0.1,0.5,89.6,5.5,0.5,1.0,74.6,7.0,0.8,0.6,65.9,4.499999999999999,4.699999999999999,7.0,8.4,6.15,75.75,Recuperação
366,13,7,7.1,0.6,1.0,86.3,6.3,1.0,0.9,95.3,7.5,0.8,0.8,78.3,6.2,0.3,0.2,52.6,8.7,8.2,9.100000000000001,6.7,8.175,78.125,Aprovado
367,12,6,7.2,0.2,0.5,78.7,3.4,0.2,0.9,98.8,7.6,0.4,0.9,85.8,5.9,0.0,0.8,69.8,7.9,4.5,8.9,6.7,7.0,83.275,Aprovado
368,12,7,5.5,0.4,0.2,83.4,5.2,0.1,0.1,61.6,3.3,0.8,0.2,55.5,4.8,0.5,0.4,59.4,6.1000000000000005,5.3999999999999995,4.3,5.7,5.375,64.975,Reprovado
369,13,8,3.0,0.3,0.5,88.9,3.8,0.2,0.9,94.1,7.1,0.6,0.3,87.5,5.4,0.1,0.3,78.1,3.8,4.9,7.999999999999999,5.8,5.625,87.15,Recuperação
370,13,8,4.4,0.0,0.7,93.1,3.9,0.8,0.8,66.4,3.2,0.1,0.3,56.8,6.0,0.8,0.8,84.6,5.1000000000000005,5.5,3.6,7.6,5.45,75.225,Recuperação
371,14,9,6.1,0.0,0.1,65.7,4.0,0.4,0.8,55.6,4.8,0.2,0.3,53.3,5.4,0.3,0.1,76.6,6.199999999999999,5.2,5.3,5.8,5.625,62.800000000000004,Reprovado
372,14,8,7.9,0.8,0.3,76.9,4.9,0.6,0.2,93.5,5.7,0.4,0.9,98.8,6.5,0.4,0.4,71.7,9.000000000000002,5.7,7.000000000000001,7.300000000000001,7.250000000000001,85.225,Aprovado
373,12,8,6.2,0.3,0.8,92.0,3.3,0.0,0.8,81.8,3.7,0.4,0.0,97.8,5.2,0.1,0.4,69.4,7.3,4.1,4.1000000000000005,5.7,5.3,85.25,Recuperação
374,14,8,4.3,0.5,0.5,99.5,5.0,0.0,0.9,58.2,6.7,0.7,0.1,53.0,4.0,0.3,0.3,92.1,5.3,5.9,7.5,4.6,5.824999999999999,75.69999999999999,Recuperação
375,11,6,6.2,0.3,0.5,94.5,5.6,0.4,0.3,71.5,3.0,0.6,0.3,72.2,4.1,0.8,0.9,61.0,7.0,6.3,3.9,5.8,5.75,74.8,Reprovado
376,14,8,5.7,0.9,0.4,68.6,5.4,0.8,1.0,64.4,3.8,0.4,0.2,59.3,3.0,0.2,0.8,86.7,7.000000000000001,7.2,4.4,4.0,5.65,69.75,Reprovado
377,14,8,6.9,0.3,0.0,59.8,4.9,0.9,0.0,86.8,5.9,0.2,0.2,74.3,4.5,0.6,0.1,87.9,7.2,5.800000000000001,6.300000000000001,5.199999999999999,6.125,77.19999999999999,Recuperação
378,11,9,3.5,0.4,0.2,74.5,7.2,0.1,0.1,72.7,6.6,0.2,0.8,91.5,6.7,0.9,0.7,71.0,4.1,7.3999999999999995,7.6,8.3,6.8500000000000005,77.425,Recuperação
379,12,8,6.8,0.9,0.4,87.1,3.7,0.5,0.5,99.5,7.6,0.6,0.6,97.5,7.0,0.7,0.5,64.9,8.1,4.7,8.799999999999999,8.2,7.45,87.25,Aprovado
380,11,8,5.7,0.8,0.2,74.6,5.5,0.9,0.6,52.7,6.5,0.4,0.0,81.7,4.0,0.8,0.9,73.5,6.7,7.0,6.9,5.7,6.575,70.625,Reprovado
381,14,7,7.8,0.2,0.0,74.2,3.3,0.4,0.6,67.8,6.4,0.5,0.4,67.7,7.8,0.1,0.3,54.7,8.0,4.3,7.300000000000001,8.2,6.95,66.1,Reprovado
382,12,9,4.7,0.8,0.8,91.9,3.4,0.8,0.0,74.1,5.0,0.2,0.4,80.2,5.5,0.3,0.6,52.3,6.3,4.2,5.6000000000000005,6.3999999999999995,5.625,74.625,Reprovado
383,14,9,6.2,0.5,1.0,68.1,5.9,0.1,1.0,75.2,3.0,0.7,0.1,65.6,7.6,0.9,0.5,55.6,7.7,7.0,3.8000000000000003,9.0,6.875,66.125,Reprovado
384,11,9,7.7,0.5,0.8,93.0,5.8,0.9,0.0,65.8,3.6,0.9,0.7,95.5,6.5,0.7,0.5,59.4,9.0,6.7,5.2,7.7,7.1499999999999995,78.425,Aprovado
385,11,9,3.5,0.1,0.9,70.3,7.4,0.8,0.1,86.5,5.7,0.3,0.7,93.5,6.6,0.6,0.5,75.2,4.5,8.3,6.7,7.699999999999999,6.8,81.375,Recuperação
386,14,9,7.7,0.1,0.2,66.4,5.8,0.9,0.0,93.7,6.4,0.5,0.7,77.9,3.4,0.7,0.2,92.5,8.0,6.7,7.6000000000000005,4.3,6.65,82.625,Recuperação
387,13,9,6.4,0.7,1.0,72.7,7.8,0.7,0.6,96.9,5.1,1.0,0.7,66.2,4.1,0.4,0.8,61.8,8.100000000000001,9.1,6.8,5.3,7.325000000000001,74.4,Reprovado
388,13,6,3.3,0.5,0.2,88.1,3.2,0.4,0.9,90.3,6.7,0.3,0.0,64.7,3.0,0.0,0.5,96.8,4.0,4.5,7.0,3.5,4.75,84.975,Reprovado
389,11,8,4.5,0.4,1.0,56.3,3.5,0.9,0.7,92.5,5.6,0.6,1.0,51.7,6.6,0.8,1.0,97.7,5.9,5.1000000000000005,7.199999999999999,8.399999999999999,6.6499999999999995,74.55,Reprovado
390,11,9,6.5,0.7,1.0,59.8,3.2,0.3,0.8,77.5,3.4,0.1,0.8,90.8,4.7,0.7,0.3,97.9,8.2,4.3,4.3,5.7,5.625,81.5,Recuperação
391,13,8,3.3,0.8,0.7,97.6,3.9,0.3,0.0,91.3,4.0,0.6,0.9,72.5,6.9,0.5,0.7,91.9,4.8,4.2,5.5,8.1,5.65,88.32499999999999,Recuperação
392,13,8,5.9,0.2,1.0,58.8,5.7,0.7,0.5,65.2,7.2,0.1,0.0,66.3,4.7,0.9,0.9,68.2,7.1000000000000005,6.9,7.3,6.500000000000001,6.95,64.625,Reprovado
393,14,6,4.7,0.6,0.6,78.4,6.2,0.8,0.5,69.9,6.6,1.0,0.9,73.6,7.1,0.3,0.7,53.6,5.8999999999999995,7.5,8.5,8.1,7.5,68.875,Reprovado
394,14,9,6.1,0.1,0.3,79.0,3.2,0.9,0.5,65.8,7.5,0.7,0.8,90.9,3.7,0.3,0.9,78.4,6.499999999999999,4.6000000000000005,9.0,4.9,6.25,78.525,Recuperação
395,13,7,3.2,0.8,0.4,74.5,7.7,0.2,0.1,73.4,3.6,0.8,0.8,56.2,3.9,0.9,0.8,77.9,4.4,8.0,5.2,5.6,5.800000000000001,70.5,Reprovado
396,14,6,7.4,0.7,0.6,82.2,7.2,0.8,0.7,64.3,8.0,0.7,0.1,92.9,4.7,0.8,0.4,92.5,8.7,8.7,8.799999999999999,5.9,8.024999999999999,82.975,Aprovado
397,14,7,7.9,1.0,0.1,61.5,4.5,0.7,0.5,98.1,4.0,0.6,0.7,94.9,5.0,0.5,0.6,99.8,9.0,5.7,5.3,6.1,6.525,88.575,Recuperação
398,12,8,7.8,0.1,0.6,77.6,3.4,0.1,0.8,65.6,3.1,0.4,1.0,97.3,4.7,0.1,0.2,75.4,8.5,4.3,4.5,5.0,5.575,78.975,Recuperação
399,14,8,6.7,0.1,1.0,68.6,3.8,0.4,0.5,54.9,8.0,0.9,0.7,69.9,6.8,0.2,0.5,67.3,7.8,4.7,9.6,7.5,7.4,65.175,Reprovado
400,11,6,3.7,0.3,0.2,83.1,3.6,0.3,0.1,76.3,4.4,1.0,0.6,60.9,3.5,0.7,0.2,59.3,4.2,4.0,6.0,4.4,4.65,69.89999999999999,Reprovado
401,14,6,6.8,0.3,0.8,57.1,3.6,0.3,0.6,52.9,6.3,0.5,0.9,68.7,4.8,0.4,0.7,50.2,7.8999999999999995,4.5,7.7,5.9,6.5,57.224999999999994,Reprovado
402,14,7,3.1,0.2,0.9,78.5,5.6,1.0,0.2,55.5,3.9,0.9,0.4,66.6,7.2,0.8,0.5,75.5,4.2,6.8,5.2,8.5,6.175,69.025,Reprovado
403,13,9,3.1,0.9,0.9,59.3,4.2,0.6,0.9,61.0,5.9,0.6,0.6,58.8,3.3,0.9,0.4,77.8,4.9,5.7,7.1,4.6000000000000005,5.575000000000001,64.225,Reprovado
404,11,7,4.6,0.2,1.0,63.9,4.8,0.7,0.6,73.2,7.5,0.5,0.5,80.4,7.7,0.8,0.3,91.2,5.8,6.1,8.5,8.8,7.3,77.175,Aprovado
405,14,6,5.4,0.3,0.5,60.9,7.9,1.0,0.2,71.7,4.6,0.5,0.9,73.8,7.9,0.4,1.0,75.2,6.2,9.1,6.0,9.3,7.65,70.39999999999999,Reprovado
406,14,7,6.9,0.8,1.0,59.1,6.4,0.4,1.0,90.0,6.4,0.2,0.1,93.3,3.4,0.8,0.1,95.8,8.7,7.800000000000001,6.7,4.3,6.875,84.55,Recuperação
407,12,6,6.4,0.4,0.8,91.3,7.7,0.8,0.5,87.0,3.9,0.0,0.5,51.6,4.5,0.4,0.0,81.4,7.6000000000000005,9.0,4.4,4.9,6.475,77.825,Recuperação
408,14,7,5.2,0.8,0.2,64.3,3.7,0.4,0.1,71.3,6.1,0.2,0.7,82.2,4.9,0.2,0.2,92.0,6.2,4.2,7.0,5.300000000000001,5.675,77.45,Recuperação
409,14,6,4.4,0.1,0.5,96.4,4.9,0.9,0.6,66.7,4.7,0.5,0.8,88.1,6.9,0.0,1.0,57.4,5.0,6.4,6.0,7.9,6.324999999999999,77.15,Recuperação
410,12,6,8.0,0.5,0.7,98.5,5.8,0.2,0.3,65.8,4.1,0.4,0.6,88.0,6.0,0.4,1.0,92.8,9.2,6.3,5.1,7.4,7.0,86.275,Aprovado
411,13,6,5.1,0.0,0.2,78.6,3.4,0.9,0.8,88.7,4.6,0.4,0.9,94.3,6.2,0.9,0.7,83.8,5.3,5.1,5.9,7.800000000000001,6.0249999999999995,86.35000000000001,Recuperação
412,14,9,5.3,0.1,0.6,57.2,3.0,0.2,0.8,52.6,3.9,1.0,0.9,86.5,6.8,0.2,0.9,58.5,5.999999999999999,4.0,5.800000000000001,7.9,5.925000000000001,63.7,Reprovado
413,12,7,3.8,0.9,0.7,68.7,6.4,0.3,1.0,50.6,7.5,0.4,0.1,96.4,3.6,0.2,0.2,59.5,5.4,7.7,8.0,4.0,6.275,68.80000000000001,Reprovado
414,11,7,7.0,0.1,0.2,89.9,6.2,0.8,0.5,89.8,5.0,0.5,0.4,66.6,7.2,1.0,1.0,96.3,7.3,7.5,5.9,9.2,7.4750000000000005,85.64999999999999,Aprovado
415,13,7,6.5,0.5,0.6,68.4,5.1,0.4,0.5,73.9,4.2,0.1,0.0,75.2,6.5,0.0,0.1,51.6,7.6,6.0,4.3,6.6,6.125,67.275,Reprovado
416,11,6,4.1,0.4,0.8,54.4,5.4,0.6,0.8,56.5,5.2,0.0,0.3,50.7,5.9,0.8,0.1,73.1,5.3,6.8,5.5,6.8,6.1000000000000005,58.675000000000004,Reprovado
417,11,7,3.4,0.3,0.5,77.8,5.1,0.4,0.1,61.8,4.6,0.8,0.5,50.3,7.4,0.3,0.1,65.7,4.199999999999999,5.6,5.8999999999999995,7.8,5.875,63.89999999999999,Reprovado
418,12,7,6.4,0.9,0.0,92.3,3.1,0.7,0.5,96.6,6.7,0.6,0.9,62.0,6.5,0.0,0.6,83.3,7.300000000000001,4.3,8.2,7.1,6.725,83.55,Recuperação
419,14,6,6.3,0.0,0.0,89.8,4.7,0.2,0.5,93.0,7.9,0.8,0.8,55.0,4.0,0.9,0.8,92.0,6.3,5.4,9.500000000000002,5.7,6.7250000000000005,82.45,Recuperação
420,12,8,4.4,0.7,0.4,58.8,3.9,0.1,0.1,85.5,5.2,0.1,0.1,63.0,5.1,0.1,0.4,68.0,5.500000000000001,4.1,5.3999999999999995,5.6,5.15,68.825,Reprovado
421,12,6,7.8,1.0,0.9,83.6,3.5,0.3,0.4,74.1,7.3,0.6,0.1,58.9,5.5,0.6,1.0,71.3,9.700000000000001,4.2,7.999999999999999,7.1,7.25,71.975,Reprovado
422,12,7,3.8,0.6,0.2,61.0,7.8,0.5,0.9,76.0,5.8,0.3,0.6,51.4,3.3,0.3,0.4,99.1,4.6,9.200000000000001,6.699999999999999,3.9999999999999996,6.125,71.875,Reprovado
423,12,6,5.2,0.9,0.6,60.9,6.0,0.2,0.9,98.8,3.8,0.2,0.5,95.5,7.8,0.1,0.2,89.2,6.7,7.1000000000000005,4.5,8.1,6.6,86.1,Recuperação
424,13,8,7.7,0.1,0.2,93.7,6.6,0.4,0.1,98.3,6.5,0.0,0.3,50.4,3.6,0.0,0.5,94.9,8.0,7.1,6.8,4.1,6.5,84.325,Recuperação
425,14,6,5.1,0.4,0.3,62.5,4.6,0.4,0.1,60.8,5.6,0.1,0.9,86.8,6.5,0.1,0.7,71.9,5.8,5.1,6.6,7.3,6.2,70.5,Reprovado
426,11,7,6.2,0.3,0.8,63.2,5.0,0.1,0.3,90.6,6.3,0.3,0.9,57.6,5.5,0.1,0.8,61.7,7.3,5.3999999999999995,7.5,6.3999999999999995,6.6499999999999995,68.275,Reprovado
427,11,8,5.0,0.7,0.7,50.0,4.2,0.6,0.9,59.9,7.4,0.1,0.4,95.6,3.1,0.8,0.5,70.6,6.4,5.7,7.9,4.4,6.1,69.025,Reprovado
428,14,9,4.4,1.0,0.1,93.5,3.5,0.9,0.1,60.7,5.2,1.0,0.9,94.6,7.6,0.5,0.6,85.8,5.5,4.5,7.1000000000000005,8.7,6.45,83.64999999999999,Recuperação
429,11,7,7.9,0.3,0.4,89.6,3.9,0.2,0.7,83.8,7.5,0.3,0.4,82.7,7.3,0.3,0.3,55.5,8.600000000000001,4.8,8.2,7.8999999999999995,7.375,77.89999999999999,Aprovado
430,14,8,5.0,0.7,0.0,81.4,7.0,0.6,0.1,70.3,6.8,0.1,0.7,83.6,5.6,0.4,0.6,63.5,5.7,7.699999999999999,7.6,6.6,6.9,74.69999999999999,Reprovado
431,11,8,7.5,0.2,0.5,87.5,6.4,0.7,0.6,96.6,5.4,0.2,0.5,50.3,4.1,0.9,1.0,52.3,8.2,7.7,6.1000000000000005,6.0,7.0,71.675,Reprovado
432,12,9,4.1,0.6,0.7,57.6,5.7,0.4,0.4,54.5,6.0,0.6,0.1,99.2,3.6,0.9,0.0,71.6,5.3999999999999995,6.500000000000001,6.699999999999999,4.5,5.775,70.725,Reprovado
433,11,6,4.1,0.5,0.1,72.9,5.4,0.7,0.8,75.6,4.6,0.1,0.9,93.9,4.8,0.7,0.9,91.4,4.699999999999999,6.9,5.6,6.4,5.9,83.45,Recuperação
434,14,6,3.2,1.0,0.3,67.6,7.6,0.4,0.2,95.9,7.9,0.9,0.5,94.8,4.3,0.9,0.6,51.2,4.5,8.2,9.3,5.8,6.95,77.375,Recuperação
435,14,7,6.3,0.6,0.4,54.7,3.4,0.5,0.6,95.2,6.3,1.0,0.7,83.0,5.5,0.3,0.3,83.8,7.3,4.5,8.0,6.1,6.475,79.175,Recuperação
436,14,9,4.8,0.3,0.9,74.3,4.4,0.0,0.2,57.8,3.2,0.2,0.4,67.2,7.8,0.4,1.0,96.6,6.0,4.6000000000000005,3.8000000000000003,9.2,5.9,73.975,Reprovado
437,14,6,7.3,0.1,1.0,96.0,4.7,0.7,0.7,68.3,4.6,0.5,0.0,94.7,5.9,0.6,0.5,61.8,8.399999999999999,6.1000000000000005,5.1,7.0,6.65,80.2,Recuperação
438,14,9,5.4,0.2,0.0,52.0,6.9,0.7,0.9,81.0,6.1,0.0,0.1,64.6,7.4,0.6,0.3,84.7,5.6000000000000005,8.5,6.199999999999999,8.3,7.15,70.575,Reprovado
439,13,6,7.8,0.2,0.8,64.6,8.0,0.0,0.1,58.0,3.3,0.6,0.5,78.1,6.3,0.5,0.2,98.8,8.8,8.1,4.4,7.0,7.074999999999999,74.875,Reprovado
440,13,8,3.9,0.3,0.4,60.4,4.2,0.4,0.9,98.4,3.1,0.4,0.7,55.0,5.4,0.4,0.2,98.1,4.6000000000000005,5.500000000000001,4.2,6.000000000000001,5.075,77.975,Recuperação
441,11,6,7.3,0.9,0.4,61.9,7.4,1.0,0.6,95.7,5.3,0.3,0.3,96.1,7.3,1.0,0.8,61.7,8.6,9.0,5.8999999999999995,9.100000000000001,8.15,78.85,Aprovado
442,14,9,6.9,0.6,0.8,95.4,7.2,0.4,0.1,58.3,4.7,0.2,0.7,57.0,5.4,0.8,0.6,55.0,8.3,7.7,5.6000000000000005,6.8,7.1000000000000005,66.425,Reprovado
443,11,8,6.9,0.5,0.9,73.4,4.1,0.5,0.4,56.1,5.2,0.7,0.7,61.2,7.3,0.4,0.9,57.4,8.3,5.0,6.6000000000000005,8.6,7.125,62.025,Reprovado
444,14,8,7.2,0.1,1.0,73.3,5.0,0.9,0.2,54.3,4.3,0.4,0.7,77.9,4.5,0.7,0.2,85.1,8.3,6.1000000000000005,5.4,5.4,6.300000000000001,72.65,Reprovado
445,14,8,6.8,0.9,0.6,88.0,5.0,0.7,0.7,95.5,3.8,0.2,0.5,88.2,3.6,0.3,0.1,86.3,8.3,6.4,4.5,4.0,5.800000000000001,89.5,Recuperação
446,13,9,6.1,0.7,0.4,57.7,7.9,0.6,0.8,59.7,6.4,0.7,0.9,81.0,7.3,0.1,0.0,83.7,7.2,9.3,8.0,7.3999999999999995,7.975,70.525,Reprovado
447,13,7,3.7,0.1,0.8,74.4,3.9,0.8,0.1,70.8,5.6,0.6,0.5,61.6,5.9,0.4,0.5,66.8,4.6000000000000005,4.8,6.699999999999999,6.800000000000001,5.7250000000000005,68.39999999999999,Reprovado
448,12,7,3.2,0.7,0.3,71.5,7.0,0.9,0.5,72.4,4.0,0.9,0.5,50.0,7.4,0.4,1.0,58.5,4.2,8.4,5.4,8.8,6.7,63.1,Reprovado
449,13,7,7.6,0.5,0.6,79.8,4.7,0.5,0.8,80.0,4.6,0.1,0.2,87.9,7.7,0.0,0.7,79.0,8.7,6.0,4.8999999999999995,8.4,7.0,81.67500000000001,Aprovado
450,12,9,6.1,0.1,0.4,100.0,6.7,0.5,0.9,53.6,6.0,0.8,0.3,99.3,3.3,0.8,0.3,74.2,6.6,8.1,7.1,4.3999999999999995,6.549999999999999,81.77499999999999,Recuperação
451,12,8,7.0,0.5,0.7,88.5,5.1,0.4,0.5,61.3,3.4,0.7,0.0,90.5,5.5,0.4,0.9,86.4,8.2,6.0,4.1,6.800000000000001,6.2749999999999995,81.67500000000001,Recuperação
452,12,7,5.4,0.5,0.2,69.9,5.9,1.0,1.0,96.6,3.7,0.1,0.6,73.0,4.9,0.6,0.8,72.1,6.1000000000000005,7.9,4.4,6.3,6.175,77.9,Recuperação
453,12,9,3.6,0.2,0.2,91.4,7.2,0.7,0.5,95.4,3.4,0.7,0.2,95.2,6.1,0.1,0.0,66.9,4.0,8.4,4.3,6.199999999999999,5.725,87.225,Recuperação
454,12,7,3.6,0.9,0.9,58.5,7.0,0.1,0.4,89.1,7.1,0.4,0.3,70.5,7.0,0.2,0.8,64.7,5.4,7.5,7.8,8.0,7.175,70.7,Reprovado
455,11,6,6.4,0.8,0.1,51.5,7.3,0.9,0.8,51.0,6.8,0.9,0.8,76.2,4.4,0.9,0.3,60.6,7.3,9.0,8.5,5.6000000000000005,7.6000000000000005,59.824999999999996,Reprovado
456,13,7,5.2,0.7,0.5,60.2,3.3,0.5,0.5,66.4,6.8,0.1,0.3,73.9,5.8,0.6,0.1,63.3,6.4,4.3,7.199999999999999,6.499999999999999,6.1,65.95,Reprovado
457,12,7,4.0,0.5,0.2,67.0,6.5,0.1,0.5,81.4,6.6,0.6,0.2,72.4,6.5,1.0,0.2,54.7,4.7,7.1,7.3999999999999995,7.7,6.725,68.875,Reprovado
458,14,8,5.5,0.4,0.0,75.5,3.7,0.5,0.5,63.8,6.3,0.4,0.2,88.8,3.7,1.0,0.5,67.3,5.9,4.7,6.9,5.2,5.675,73.85000000000001,Reprovado
459,13,9,3.3,0.7,0.0,80.8,5.1,0.4,0.8,95.5,5.4,1.0,0.8,76.3,7.1,0.4,0.4,51.8,4.0,6.3,7.2,7.9,6.35,76.10000000000001,Recuperação
460,13,8,5.9,0.5,0.2,95.5,5.7,0.9,0.8,81.7,6.2,0.3,0.1,65.8,6.0,0.3,0.3,59.3,6.6000000000000005,7.4,6.6,6.6,6.800000000000001,75.575,Recuperação
461,12,8,4.3,0.1,0.9,75.5,5.0,0.2,0.4,53.6,3.2,1.0,0.5,62.9,7.7,0.9,0.2,87.3,5.3,5.6000000000000005,4.7,8.799999999999999,6.1,69.825,Reprovado
462,11,8,7.0,0.5,0.3,75.1,5.6,0.8,0.3,95.5,6.1,0.9,0.5,51.9,4.7,1.0,0.8,66.3,7.8,6.699999999999999,7.5,6.5,7.125,72.2,Reprovado
463,12,8,4.6,0.8,1.0,52.5,8.0,0.6,0.5,97.9,6.9,0.3,0.7,79.2,3.5,0.6,1.0,83.4,6.3999999999999995,9.1,7.9,5.1,7.125,78.25,Aprovado
464,11,8,5.3,0.5,0.6,51.7,3.7,0.1,0.6,53.9,5.5,0.8,0.6,61.5,5.5,0.8,0.8,85.8,6.3999999999999995,4.4,6.8999999999999995,7.1,6.199999999999999,63.224999999999994,Reprovado
465,14,7,3.1,0.1,0.4,77.6,6.4,1.0,0.2,76.6,4.8,1.0,0.8,57.4,3.4,0.8,0.3,79.1,3.6,7.6000000000000005,6.6,4.5,5.575,72.675,Reprovado
466,13,8,3.4,0.8,0.6,71.9,5.0,0.5,0.8,65.2,4.4,0.3,0.0,82.7,7.8,0.4,0.2,97.9,4.8,6.3,4.7,8.399999999999999,6.05,79.42500000000001,Recuperação
467,14,8,5.0,0.2,0.5,92.0,3.7,0.3,0.5,69.6,6.2,0.4,0.3,84.1,3.2,0.6,0.2,51.1,5.7,4.5,6.9,4.0,5.275,74.2,Reprovado
468,11,9,5.4,0.3,0.8,58.0,3.8,0.5,0.3,59.0,6.5,0.5,0.3,87.6,6.8,0.8,0.1,86.9,6.5,4.6,7.3,7.699999999999999,6.5249999999999995,72.875,Reprovado
469,11,6,6.0,0.2,0.3,51.2,7.7,0.9,0.1,78.9,7.4,0.3,0.1,75.2,5.6,0.7,0.6,97.9,6.5,8.7,7.8,6.8999999999999995,7.475,75.80000000000001,Aprovado
470,14,7,4.5,0.3,0.4,72.5,7.4,0.3,0.2,97.9,4.7,0.0,0.3,94.7,4.8,0.0,0.6,93.1,5.2,7.9,5.0,5.3999999999999995,5.875,89.55000000000001,Recuperação
471,11,7,6.5,0.8,0.9,61.9,7.5,0.2,0.9,75.2,6.8,0.2,0.3,96.8,3.3,0.3,0.7,58.4,8.2,8.6,7.3,4.3,7.1,73.07499999999999,Reprovado
472,14,7,7.3,0.5,0.9,52.5,8.0,0.1,0.3,54.1,5.8,0.3,0.5,90.4,6.1,0.1,0.7,66.3,8.7,8.4,6.6,6.8999999999999995,7.65,65.825,Reprovado
473,13,8,6.9,0.2,0.9,86.2,4.0,0.3,0.2,81.0,7.4,0.4,0.7,81.8,5.9,0.2,0.3,58.6,8.0,4.5,8.5,6.4,6.85,76.9,Recuperação
474,14,8,3.2,0.9,0.4,55.6,4.8,0.8,0.5,67.0,5.6,0.2,0.4,65.2,4.4,0.9,0.3,80.1,4.500000000000001,6.1,6.2,5.6000000000000005,5.6000000000000005,66.975,Reprovado
475,13,8,5.4,0.9,0.8,80.4,6.3,0.5,0.3,92.8,5.6,0.9,0.7,99.1,7.6,0.0,0.7,85.6,7.1000000000000005,7.1,7.2,8.299999999999999,7.424999999999999,89.475,Aprovado
476,14,9,3.5,0.9,0.5,64.1,5.4,0.2,0.0,71.7,5.9,0.7,0.3,63.7,4.5,0.2,0.3,65.9,4.9,5.6000000000000005,6.9,5.0,5.6,66.35,Reprovado
477,11,6,4.2,0.2,0.5,58.7,5.1,0.2,0.3,59.6,6.7,0.1,0.3,60.1,5.2,0.3,0.2,77.0,4.9,5.6,7.1,5.7,5.825,63.85,Reprovado
478,14,8,7.9,0.5,0.2,69.0,4.8,0.3,0.5,59.6,7.8,0.7,0.5,72.1,5.7,0.6,0.4,84.5,8.6,5.6,9.0,6.7,7.475,71.3,Reprovado
479,11,6,3.7,1.0,0.6,90.1,6.0,0.9,0.6,88.4,3.4,0.7,0.0,52.8,3.5,0.5,0.3,71.1,5.3,7.5,4.1,4.3,5.3,75.6,Recuperação
480,14,9,5.5,0.8,0.2,69.6,5.9,0.3,0.4,63.3,3.3,1.0,0.1,98.9,7.7,0.2,0.1,92.7,6.5,6.6000000000000005,4.3999999999999995,8.0,6.375,81.125,Recuperação
481,14,7,6.1,0.0,0.3,87.5,3.8,1.0,0.4,88.4,7.7,0.0,0.4,79.4,4.9,0.2,0.8,88.6,6.3999999999999995,5.2,8.1,5.9,6.4,85.975,Recuperação
482,12,8,6.5,0.1,0.9,56.3,5.4,0.5,1.0,60.3,5.6,0.2,0.9,77.8,3.4,0.2,0.9,53.2,7.5,6.9,6.7,4.5,6.4,61.89999999999999,Reprovado
483,11,6,5.8,0.5,0.2,88.6,5.8,0.2,0.4,66.1,6.1,0.9,0.7,82.8,4.9,0.5,0.2,81.1,6.5,6.4,7.7,5.6000000000000005,6.550000000000001,79.65,Recuperação
484,12,6,3.0,0.9,0.1,61.8,5.9,0.9,0.3,73.3,5.4,0.9,0.1,74.9,6.0,0.3,0.1,61.8,4.0,7.1000000000000005,6.4,6.3999999999999995,5.975,67.95,Reprovado
485,11,8,4.6,0.5,0.1,83.9,4.1,0.5,0.2,97.2,3.5,0.7,0.8,51.6,5.6,0.9,0.7,77.9,5.199999999999999,4.8,5.0,7.2,5.55,77.65,Recuperação
486,12,7,5.6,0.5,0.9,78.3,6.7,0.7,0.5,96.6,6.8,0.8,0.7,80.6,6.5,0.5,0.2,97.8,7.0,7.9,8.299999999999999,7.2,7.6,88.32499999999999,Aprovado
487,13,7,3.4,0.1,0.5,96.5,3.1,1.0,0.8,60.3,6.7,0.1,0.6,85.8,3.3,0.1,0.4,94.0,4.0,4.8999999999999995,7.3999999999999995,3.8,5.0249999999999995,84.15,Recuperação
488,14,7,4.8,0.7,0.4,69.4,4.8,0.1,0.2,67.9,4.6,0.5,0.8,70.8,4.4,0.7,0.1,70.2,5.9,5.1,5.8999999999999995,5.2,5.5249999999999995,69.575,Reprovado
489,11,9,3.2,0.8,0.8,53.3,6.9,0.1,0.7,57.5,4.5,0.2,0.4,87.9,7.1,0.3,0.2,64.6,4.8,7.7,5.1000000000000005,7.6,6.300000000000001,65.82499999999999,Reprovado
490,11,6,3.4,0.4,0.8,51.0,5.8,0.7,0.0,75.5,7.2,0.2,0.2,61.4,3.4,0.7,0.8,61.7,4.6,6.5,7.6000000000000005,4.8999999999999995,5.8999999999999995,62.400000000000006,Reprovado
491,14,6,5.0,0.8,0.3,91.3,4.3,0.3,0.4,73.0,3.4,0.8,0.5,61.1,7.3,0.3,0.8,76.6,6.1,5.0,4.7,8.4,6.050000000000001,75.5,Recuperação
492,11,6,3.7,1.0,0.7,76.2,6.5,0.2,0.8,95.0,7.4,0.1,0.5,58.1,3.5,0.6,0.2,55.7,5.4,7.5,8.0,4.3,6.3,71.25,Reprovado
493,11,9,5.8,0.2,0.8,88.8,5.8,0.0,0.3,96.5,4.3,0.5,0.5,68.6,7.2,0.8,0.3,77.5,6.8,6.1,5.3,8.3,6.625,82.85,Recuperação
494,12,6,6.4,0.5,0.7,61.7,7.0,0.0,0.6,69.2,6.0,0.9,0.6,92.4,4.8,0.9,0.1,50.1,7.6000000000000005,7.6,7.5,5.8,7.125,68.35000000000001,Reprovado
495,11,9,7.0,0.3,0.2,67.3,6.7,0.8,0.2,74.6,7.7,0.2,0.9,91.4,6.1,0.3,0.1,66.2,7.5,7.7,8.8,6.499999999999999,7.625,74.875,Reprovado
496,13,7,4.0,0.8,0.9,51.5,6.1,0.1,0.7,94.8,6.4,1.0,0.9,69.1,3.8,0.3,1.0,61.0,5.7,6.8999999999999995,8.3,5.1,6.5,69.1,Reprovado
497,13,8,3.8,0.6,0.5,98.1,5.4,0.5,0.1,90.3,5.1,1.0,0.9,79.5,3.3,0.5,0.7,98.6,4.8999999999999995,6.0,7.0,4.5,5.6,91.625,Recuperação
498,14,6,3.5,0.6,0.3,83.4,3.7,0.6,0.9,50.2,6.4,0.6,0.8,86.0,4.1,0.9,0.5,86.4,4.3999999999999995,5.2,7.8,5.5,5.725,76.5,Recuperação
499,11,6,6.2,0.8,0.4,96.7,4.3,0.4,0.2,66.0,4.7,0.2,0.9,62.1,3.6,0.9,0.8,67.5,7.4,4.9,5.800000000000001,5.3,5.8500000000000005,73.07499999999999,Reprovado
500,14,7,6.5,0.4,0.0,63.3,5.1,0.0,0.9,71.1,4.4,0.3,0.1,58.4,4.6,0.1,0.8,54.6,6.9,6.0,4.8,5.499999999999999,5.8,61.849999999999994,Reprovado
501,13,8,3.2,0.9,0.1,80.6,6.0,0.8,0.4,61.5,8.0,0.4,0.3,98.6,5.6,0.1,0.8,75.8,4.2,7.2,8.700000000000001,6.499999999999999,6.65,79.125,Recuperação
502,11,9,7.7,0.5,0.8,83.9,5.6,0.0,0.7,60.0,6.8,0.3,0.5,80.9,5.9,0.5,0.0,60.7,9.0,6.3,7.6,6.4,7.324999999999999,71.375,Reprovado
503,11,8,3.3,0.2,0.0,65.9,4.4,0.8,0.3,51.9,6.2,0.3,0.8,99.1,6.9,0.1,0.2,76.8,3.5,5.5,7.3,7.2,5.875,73.425,Reprovado
504,14,7,5.7,0.7,0.4,92.4,3.0,0.9,0.9,82.2,4.8,1.0,0.5,66.9,6.3,0.3,0.7,91.8,6.800000000000001,4.8,6.3,7.3,6.300000000000001,83.325,Recuperação
505,13,7,6.5,0.8,0.5,97.4,5.5,0.4,0.1,63.1,3.2,0.2,0.7,85.2,6.0,0.1,0.4,80.8,7.8,6.0,4.1000000000000005,6.5,6.1000000000000005,81.625,Recuperação
506,11,8,7.4,0.3,0.1,94.2,4.4,0.5,0.2,52.6,3.2,0.7,0.1,61.1,5.1,0.6,1.0,81.7,7.8,5.1000000000000005,4.0,6.699999999999999,5.8999999999999995,72.4,Reprovado
507,14,9,6.6,0.9,1.0,87.0,6.7,0.5,0.5,61.5,5.8,0.0,0.3,63.1,5.4,0.9,0.7,77.1,8.5,7.7,6.1,7.000000000000001,7.324999999999999,72.175,Reprovado
508,13,9,7.0,0.9,0.2,63.9,3.1,0.4,0.1,90.1,6.8,0.6,0.7,75.6,5.1,1.0,1.0,96.4,8.1,3.6,8.1,7.1,6.725,81.5,Recuperação
509,14,6,4.7,0.3,0.3,64.1,5.9,0.9,0.2,92.6,5.7,0.9,0.2,66.0,7.2,0.4,0.2,96.6,5.3,7.000000000000001,6.800000000000001,7.800000000000001,6.7250000000000005,79.82499999999999,Recuperação
510,12,9,7.1,1.0,0.3,98.2,7.7,0.9,0.9,74.2,7.2,0.3,0.4,58.4,4.2,0.6,0.9,75.6,8.4,9.5,7.9,5.7,7.874999999999999,76.6,Aprovado
511,11,8,3.4,0.1,0.2,50.5,3.9,0.3,1.0,70.8,3.2,0.2,0.3,63.1,3.0,0.9,0.3,65.3,3.7,5.2,3.7,4.2,4.2,62.425,Reprovado
512,12,7,7.5,0.2,0.0,85.8,5.4,0.6,0.4,98.9,4.8,0.7,0.3,51.8,6.3,0.1,1.0,73.0,7.7,6.4,5.8,7.3999999999999995,6.825,77.375,Recuperação
513,13,6,5.7,0.2,0.7,85.3,3.5,0.9,0.9,60.0,4.2,0.7,0.7,85.2,4.0,0.7,0.2,59.3,6.6000000000000005,5.300000000000001,5.6000000000000005,4.9,5.600000000000001,72.45,Reprovado
514,12,6,7.1,0.9,1.0,81.1,6.1,1.0,0.5,60.8,5.2,0.7,0.4,74.6,7.5,0.4,0.5,81.8,9.0,7.6,6.300000000000001,8.4,7.825000000000001,74.57499999999999,Reprovado
515,12,7,5.3,0.7,0.2,99.5,5.8,0.5,0.3,64.6,3.4,0.3,0.6,54.7,7.3,0.2,0.8,75.0,6.2,6.6,4.3,8.3,6.3500000000000005,73.45,Reprovado
516,13,9,6.2,0.2,0.7,65.6,5.0,0.5,0.7,58.6,7.8,0.3,0.1,58.6,3.4,0.4,0.4,55.2,7.1000000000000005,6.2,8.2,4.2,6.425,59.5,Reprovado
517,14,7,5.6,0.4,0.7,67.0,5.6,0.3,0.7,69.0,4.1,1.0,0.8,55.1,3.5,0.1,0.5,59.9,6.7,6.6,5.8999999999999995,4.1,5.824999999999999,62.75,Reprovado
518,12,9,6.7,0.6,0.8,53.9,7.5,1.0,1.0,95.5,7.6,0.9,0.4,80.6,5.5,0.7,1.0,74.0,8.1,9.5,8.9,7.2,8.425,76.0,Aprovado
519,14,7,3.4,0.1,0.4,72.1,4.0,0.1,0.3,80.8,5.1,0.5,0.6,54.7,6.0,0.3,0.4,94.4,3.9,4.3999999999999995,6.199999999999999,6.7,5.3,75.5,Recuperação
520,12,8,3.3,0.9,0.3,63.1,3.1,0.6,0.7,70.6,7.9,0.8,0.7,87.7,4.4,0.3,0.6,78.3,4.5,4.4,9.4,5.3,5.9,74.925,Reprovado
521,14,9,4.2,0.8,0.3,67.2,7.3,0.3,0.1,96.7,5.8,0.5,0.2,51.0,6.6,0.1,0.1,84.1,5.3,7.699999999999999,6.5,6.799999999999999,6.574999999999999,74.75,Reprovado
522,13,8,3.8,0.5,0.7,91.7,5.9,0.3,0.1,52.4,7.7,0.4,0.9,62.5,6.0,0.9,0.8,67.0,5.0,6.3,9.0,7.7,7.0,68.4,Reprovado
523,12,6,7.4,1.0,0.8,96.8,7.5,0.4,0.0,60.5,3.0,0.2,0.6,94.5,4.6,0.5,0.6,78.6,9.200000000000001,7.9,3.8000000000000003,5.699999999999999,6.65,82.6,Recuperação
524,13,7,4.1,0.4,0.2,59.3,6.0,1.0,1.0,78.3,6.7,0.4,0.4,85.9,3.1,0.6,0.4,72.4,4.7,8.0,7.500000000000001,4.1000000000000005,6.075,73.975,Reprovado
525,12,6,7.9,1.0,0.4,68.6,7.1,0.1,0.8,80.8,7.5,0.5,0.2,53.6,6.8,0.6,0.0,83.0,9.3,7.999999999999999,8.2,7.3999999999999995,8.225,71.5,Reprovado
526,13,6,4.7,0.7,0.9,96.4,5.1,0.6,0.8,52.0,3.7,0.0,0.9,91.1,4.1,0.4,0.6,52.5,6.300000000000001,6.499999999999999,4.6000000000000005,5.1,5.625,73.0,Reprovado
527,13,6,3.9,0.6,0.8,53.1,6.7,0.1,0.5,70.2,3.5,0.4,0.8,74.7,7.2,0.2,0.0,74.7,5.3,7.3,4.7,7.4,6.175000000000001,68.175,Reprovado
528,12,6,6.9,0.2,1.0,54.6,7.6,0.2,0.3,82.5,5.1,0.8,0.2,92.3,5.1,0.7,0.0,64.8,8.100000000000001,8.1,6.1,5.8,7.025000000000001,73.55,Reprovado
529,12,7,6.3,0.9,0.8,58.1,5.9,0.4,0.2,84.9,7.7,0.7,0.3,80.0,5.9,0.1,0.6,66.3,8.0,6.500000000000001,8.700000000000001,6.6,7.450000000000001,72.325,Reprovado
530,12,6,5.5,0.4,0.4,79.8,3.9,0.5,0.3,81.9,5.7,0.6,0.8,84.1,7.4,0.1,0.2,98.0,6.300000000000001,4.7,7.1,7.7,6.45,85.94999999999999,Recuperação
531,11,7,5.8,0.2,0.6,57.5,4.3,0.3,0.4,66.0,5.6,0.9,0.7,99.7,7.3,0.7,0.2,59.1,6.6,5.0,7.2,8.2,6.75,70.575,Reprovado
532,14,7,6.6,0.0,0.7,98.4,4.0,0.3,0.8,54.7,3.7,0.0,0.8,61.6,4.9,0.2,0.7,65.6,7.3,5.1,4.5,5.800000000000001,5.675,70.075,Reprovado
533,11,8,4.1,0.6,0.1,72.3,4.2,0.1,0.5,71.4,3.0,0.6,0.4,81.2,4.0,0.3,0.1,75.5,4.799999999999999,4.8,4.0,4.3999999999999995,4.499999999999999,75.1,Reprovado
534,11,9,8.0,0.5,0.5,75.1,4.5,0.3,0.1,56.4,7.1,0.8,0.7,73.0,6.9,0.5,0.3,93.2,9.0,4.8999999999999995,8.6,7.7,7.55,74.425,Reprovado
535,13,9,7.9,0.7,0.7,62.3,5.8,1.0,0.0,97.4,3.4,0.5,0.4,52.0,5.2,0.4,0.1,70.8,9.299999999999999,6.8,4.3,5.7,6.5249999999999995,70.625,Reprovado
536,12,7,6.3,0.9,0.2,73.5,5.9,0.9,0.1,73.8,6.2,0.3,0.2,50.7,4.0,0.7,0.6,87.2,7.4,6.9,6.7,5.3,6.575,71.3,Reprovado
537,14,8,4.0,0.1,0.8,83.1,5.1,0.3,0.4,65.9,7.6,0.1,0.6,56.0,7.5,0.6,0.7,92.8,4.8999999999999995,5.8,8.299999999999999,8.799999999999999,6.949999999999999,74.45,Reprovado
538,13,7,6.4,0.7,0.6,87.6,6.1,0.6,0.9,88.3,4.0,0.9,1.0,82.5,4.0,0.6,0.7,65.5,7.7,7.6,5.9,5.3,6.625000000000001,80.975,Recuperação
539,11,7,3.4,0.2,1.0,87.7,3.4,0.9,0.6,74.9,6.3,0.5,0.3,78.4,3.1,0.7,0.3,69.6,4.6,4.8999999999999995,7.1,4.1,5.175000000000001,77.65,Recuperação
540,12,7,3.2,0.9,0.0,78.9,3.4,0.0,0.8,65.5,3.4,0.9,0.5,77.7,3.1,0.3,0.1,67.8,4.1000000000000005,4.2,4.8,3.5,4.15,72.47500000000001,Reprovado
541,13,8,4.3,0.8,0.3,95.2,3.9,0.8,0.5,90.6,6.0,0.6,0.7,51.6,6.1,0.3,0.1,91.6,5.3999999999999995,5.2,7.3,6.499999999999999,6.1,82.25,Recuperação
542,12,9,5.3,0.5,0.6,90.9,5.6,0.9,0.4,93.4,3.8,0.7,0.5,73.5,6.3,0.4,0.4,52.2,6.3999999999999995,6.9,5.0,7.1000000000000005,6.3500000000000005,77.5,Recuperação
543,13,8,7.3,0.7,0.3,87.9,4.1,0.1,0.1,83.7,6.7,0.8,0.8,96.2,4.6,0.3,0.9,65.4,8.3,4.299999999999999,8.3,5.8,6.675,83.30000000000001,Recuperação
544,12,6,6.6,0.3,0.7,52.8,4.4,0.2,0.9,52.3,4.5,0.7,0.8,69.9,4.6,1.0,0.2,84.0,7.6,5.500000000000001,6.0,5.8,6.2250000000000005,64.75,Reprovado
545,11,8,6.7,0.5,0.8,50.3,5.0,1.0,0.8,78.3,5.3,0.4,0.1,81.2,4.7,0.8,0.3,78.3,8.0,6.8,5.8,5.8,6.6000000000000005,72.025,Reprovado
546,14,8,5.1,0.8,0.1,60.6,7.1,0.5,0.2,88.2,6.0,0.5,1.0,89.0,6.4,0.2,0.1,71.8,5.999999999999999,7.8,7.5,6.7,6.999999999999999,77.4,Recuperação
547,11,8,4.7,0.5,0.5,83.2,3.1,0.0,0.5,56.8,3.9,0.8,0.8,89.2,3.3,0.0,0.6,77.0,5.7,3.6,5.5,3.9,4.675,76.55,Reprovado
548,14,8,4.9,0.4,0.5,70.6,6.2,0.3,0.5,61.4,6.7,0.4,0.9,76.0,7.6,0.0,0.7,59.9,5.800000000000001,7.0,8.0,8.299999999999999,7.275,66.975,Reprovado
549,12,9,7.9,0.5,0.4,70.1,6.3,0.4,0.6,94.1,4.5,0.4,0.7,92.9,4.1,0.2,0.6,71.5,8.8,7.3,5.6000000000000005,4.8999999999999995,6.65,82.15,Recuperação
550,13,6,3.2,0.8,0.9,94.2,7.0,0.7,0.9,51.0,6.3,0.1,0.9,69.6,8.0,0.1,0.9,75.1,4.9,8.6,7.3,9.0,7.45,72.475,Reprovado
551,11,9,7.3,0.3,0.8,94.8,7.7,0.7,0.6,87.6,3.8,0.9,0.1,94.4,3.9,0.5,0.5,95.1,8.4,9.0,4.8,4.9,6.775,92.975,Recuperação
552,14,9,5.9,0.2,0.7,95.5,3.1,1.0,0.5,73.7,6.4,0.1,0.3,62.0,6.9,0.9,0.1,63.0,6.800000000000001,4.6,6.8,7.9,6.525,73.55,Reprovado
553,11,8,5.2,0.7,0.7,65.7,3.8,0.3,0.1,72.3,3.6,0.6,0.9,64.0,4.1,0.7,0.3,93.4,6.6000000000000005,4.199999999999999,5.1000000000000005,5.1,5.25,73.85,Reprovado
554,14,7,6.6,0.8,0.5,84.6,7.4,0.5,0.1,50.4,5.1,0.4,0.2,52.7,3.4,0.2,0.7,82.2,7.8999999999999995,8.0,5.7,4.3,6.475,67.475,Reprovado
555,11,7,5.4,0.1,0.9,63.6,5.3,0.5,0.2,91.0,4.2,0.4,0.1,89.8,7.4,0.4,0.6,51.0,6.4,6.0,4.7,8.4,6.375,73.85,Reprovado
556,14,9,7.4,0.2,0.7,59.5,5.8,0.4,0.0,68.0,6.7,0.7,0.8,70.9,7.3,0.5,0.5,86.2,8.3,6.2,8.200000000000001,8.3,7.750000000000001,71.15,Reprovado
557,14,9,7.5,0.1,0.7,59.2,6.3,0.2,0.7,77.0,4.3,0.1,0.8,61.5,5.0,0.8,0.7,51.8,8.299999999999999,7.2,5.199999999999999,6.5,6.8,62.375,Reprovado
558,12,8,5.1,0.3,0.9,67.1,6.4,1.0,0.7,83.9,7.4,0.6,0.2,61.6,6.5,0.8,0.6,99.9,6.3,8.1,8.2,7.8999999999999995,7.624999999999999,78.125,Aprovado
559,14,9,4.4,0.5,0.3,71.5,7.7,0.9,0.1,85.1,7.5,0.8,0.9,95.1,5.8,0.9,0.9,93.6,5.2,8.7,9.200000000000001,7.6000000000000005,7.675000000000001,86.32499999999999,Aprovado
560,12,8,6.0,0.7,0.8,91.5,8.0,0.5,0.8,97.8,4.0,0.8,0.7,91.7,7.3,0.5,0.6,64.9,7.5,9.3,5.5,8.4,7.675000000000001,86.475,Aprovado
561,14,7,7.6,0.7,0.2,56.0,6.6,0.6,0.2,76.6,6.1,0.2,0.5,77.7,4.6,0.7,0.8,62.9,8.499999999999998,7.3999999999999995,6.8,6.1,7.199999999999999,68.3,Reprovado
562,13,7,4.1,0.6,0.3,86.7,4.4,0.2,0.3,70.0,3.4,0.9,0.8,80.8,5.6,0.1,0.2,69.1,4.999999999999999,4.9,5.1,5.8999999999999995,5.225,76.65,Recuperação
563,13,6,6.1,0.4,0.3,76.6,7.4,0.5,0.2,97.7,5.0,0.7,0.4,73.7,5.4,0.6,0.7,67.8,6.8,8.1,6.1000000000000005,6.7,6.925,78.95,Recuperação
564,13,7,6.2,0.8,1.0,64.4,3.2,0.7,0.4,82.1,6.6,0.9,0.2,69.6,4.8,0.2,0.9,68.6,8.0,4.300000000000001,7.7,5.9,6.475,71.175,Reprovado
565,14,9,6.7,0.5,0.9,74.6,4.2,0.5,0.3,64.9,6.3,0.5,0.3,95.8,7.5,0.4,0.4,65.9,8.1,5.0,7.1,8.3,7.125,75.30000000000001,Aprovado
566,12,7,3.7,1.0,0.7,65.0,7.5,1.0,0.5,56.3,6.1,0.5,0.5,56.3,3.8,0.6,0.8,81.1,5.4,9.0,7.1,5.199999999999999,6.675,64.675,Reprovado
567,12,8,6.6,0.6,0.7,79.8,4.3,0.6,0.4,92.1,4.4,0.9,0.5,70.9,3.7,0.3,0.7,58.2,7.8999999999999995,5.3,5.800000000000001,4.7,5.925,75.25,Recuperação
568,14,7,7.5,0.1,0.6,71.7,4.1,0.4,1.0,68.1,4.9,0.9,0.8,67.2,5.9,0.1,0.1,92.3,8.2,5.5,6.6000000000000005,6.1,6.6,74.825,Reprovado
569,13,6,3.9,0.7,0.9,58.2,3.7,0.8,0.1,83.0,3.5,0.4,0.8,74.9,6.3,0.0,0.6,90.6,5.5,4.6,4.7,6.8999999999999995,5.425,76.675,Recuperação
570,13,7,4.2,0.3,0.5,55.8,7.3,0.2,0.1,73.5,6.6,0.3,0.6,72.9,4.0,0.0,0.1,73.8,5.0,7.6,7.499999999999999,4.1,6.049999999999999,69.0,Reprovado
571,12,8,7.9,0.7,0.4,77.3,5.5,0.4,0.1,59.9,5.5,0.4,0.8,75.9,5.0,0.0,1.0,92.6,9.0,6.0,6.7,6.0,6.925,76.425,Recuperação
572,13,8,3.9,0.1,0.2,95.1,6.4,0.3,0.6,80.1,6.5,0.4,0.2,57.0,7.7,0.1,0.8,62.4,4.2,7.3,7.1000000000000005,8.6,6.800000000000001,73.64999999999999,Reprovado
573,11,9,7.3,0.2,0.8,67.2,4.2,0.4,0.1,53.0,4.2,0.3,0.1,75.7,4.2,0.2,0.1,50.9,8.3,4.7,4.6,4.5,5.525,61.7,Reprovado
574,12,7,5.5,0.9,0.7,86.7,6.8,0.8,0.8,70.7,4.6,0.3,0.9,62.1,6.3,0.2,0.1,81.0,7.1000000000000005,8.4,5.8,6.6,6.975,75.125,Recuperação
575,13,8,4.2,0.2,0.4,82.9,6.8,0.5,0.5,77.3,4.7,0.9,0.1,59.2,6.7,1.0,0.6,72.9,4.800000000000001,7.8,5.7,8.3,6.65,73.07499999999999,Reprovado
576,12,6,7.4,0.8,0.0,96.6,4.6,0.8,0.5,71.8,3.1,0.1,0.2,53.2,5.2,0.3,0.3,78.4,8.200000000000001,5.8999999999999995,3.4000000000000004,5.8,5.825,75.0,Recuperação
577,11,9,5.2,0.3,0.8,91.0,5.1,0.6,0.6,87.4,4.7,0.7,0.7,88.1,7.7,0.1,0.0,95.0,6.3,6.299999999999999,6.1000000000000005,7.8,6.625,90.375,Recuperação
578,12,6,5.6,0.6,0.0,78.3,4.0,0.3,0.2,91.4,7.0,0.2,0.4,71.4,6.7,0.5,0.5,98.5,6.199999999999999,4.5,7.6000000000000005,7.7,6.5,84.9,Recuperação
579,12,7,4.8,0.7,0.7,82.9,7.9,0.8,0.2,88.6,7.5,0.3,0.9,81.3,5.3,0.9,0.4,81.7,6.2,8.9,8.7,6.6000000000000005,7.6000000000000005,83.625,Aprovado
580,12,7,6.0,0.5,1.0,94.9,6.2,0.2,0.3,51.9,5.6,0.1,0.3,86.4,5.8,0.7,0.1,88.2,7.5,6.7,5.999999999999999,6.6,6.699999999999999,80.35000000000001,Recuperação
581,12,7,3.8,0.3,0.4,70.0,7.7,0.2,0.6,59.7,5.3,0.3,0.0,84.0,6.5,0.3,0.8,54.2,4.5,8.5,5.6,7.6,6.550000000000001,66.975,Reprovado
582,11,9,5.0,0.2,0.2,66.3,4.5,0.5,0.2,76.8,3.2,0.8,0.3,73.5,6.0,0.6,0.9,58.0,5.4,5.2,4.3,7.5,5.6000000000000005,68.65,Reprovado
583,14,8,7.8,0.0,0.7,50.5,6.9,0.3,0.1,96.7,7.4,0.9,0.6,69.4,7.4,0.7,0.8,86.7,8.5,7.3,8.9,8.9,8.4,75.825,Aprovado
584,12,9,4.3,0.3,0.8,91.3,6.8,0.0,1.0,91.7,3.1,0.2,0.4,68.8,4.8,0.7,0.8,71.6,5.3999999999999995,7.8,3.7,6.3,5.8,80.85,Recuperação
585,12,6,6.3,0.7,0.5,90.0,6.5,0.6,0.0,92.1,7.7,0.5,0.5,82.0,4.5,0.7,0.2,72.3,7.5,7.1,8.7,5.4,7.174999999999999,84.10000000000001,Aprovado
586,13,9,4.6,0.9,1.0,55.2,7.8,0.5,0.8,65.2,5.4,0.5,0.9,74.7,4.1,0.9,0.3,65.4,6.5,9.100000000000001,6.800000000000001,5.3,6.925000000000001,65.125,Reprovado
587,12,6,6.9,0.9,0.1,78.8,5.0,0.4,0.8,71.5,4.7,0.9,0.9,92.5,3.2,0.9,0.2,80.4,7.9,6.2,6.500000000000001,4.300000000000001,6.2250000000000005,80.80000000000001,Recuperação
588,13,9,3.7,0.8,0.5,73.2,3.7,1.0,0.3,73.5,7.6,0.8,0.3,93.7,3.2,0.6,0.8,59.3,5.0,5.0,8.700000000000001,4.6000000000000005,5.825000000000001,74.925,Reprovado
589,14,8,7.8,0.8,0.7,55.9,6.4,0.6,0.1,57.9,3.1,0.5,0.5,58.5,7.4,0.4,0.9,81.3,9.299999999999999,7.1,4.1,8.700000000000001,7.300000000000001,63.400000000000006,Reprovado
590,11,6,5.3,0.7,0.9,99.0,6.6,0.9,0.1,51.6,5.9,0.7,0.5,56.8,6.4,0.6,0.7,58.7,6.9,7.6,7.1000000000000005,7.7,7.325,66.52499999999999,Reprovado
591,11,7,4.2,0.3,0.2,60.7,5.9,0.1,0.7,97.3,5.7,0.8,0.9,81.5,6.3,0.8,0.9,53.2,4.7,6.7,7.4,8.0,6.7,73.175,Reprovado
592,14,7,3.4,0.9,0.8,53.4,4.0,0.6,0.6,62.0,4.1,0.0,1.0,65.1,6.1,0.0,0.6,66.5,5.1,5.199999999999999,5.1,6.699999999999999,5.5249999999999995,61.75,Reprovado
593,11,9,3.8,0.7,0.6,79.7,5.5,0.9,0.8,62.0,5.1,0.4,0.2,50.9,7.2,1.0,0.4,61.6,5.1,7.2,5.7,8.6,6.65,63.55,Reprovado
594,14,7,5.6,0.6,0.4,86.9,4.6,0.6,0.9,54.2,6.3,0.9,0.7,94.4,5.4,0.2,0.4,94.4,6.6,6.1,7.9,6.000000000000001,6.65,82.47500000000001,Recuperação
595,14,6,4.7,0.1,0.1,51.6,5.1,0.7,0.7,96.4,6.6,0.7,0.4,61.3,7.4,0.5,0.1,52.7,4.8999999999999995,6.5,7.7,8.0,6.7749999999999995,65.5,Reprovado
596,14,7,7.1,0.4,0.9,82.9,6.2,0.4,0.2,79.0,3.0,0.5,0.0,96.5,4.8,0.9,0.0,58.8,8.4,6.800000000000001,3.5,5.7,6.1000000000000005,79.3,Recuperação
597,11,8,5.2,0.5,0.2,76.6,6.7,0.1,0.2,83.4,7.7,0.5,0.0,85.9,7.6,0.2,0.7,77.4,5.9,7.0,8.2,8.5,7.4,80.825,Aprovado
598,13,8,4.2,0.9,0.3,55.2,4.2,0.5,0.8,95.6,3.8,0.3,0.5,88.1,6.5,0.5,0.4,74.1,5.4,5.5,4.6,7.4,5.725,78.25,Recuperação
599,14,9,6.1,0.5,0.3,58.6,5.0,0.4,0.2,67.3,4.2,0.5,0.5,60.1,4.3,0.1,0.6,52.3,6.8999999999999995,5.6000000000000005,5.2,4.999999999999999,5.675,59.575,Reprovado
600,12,6,6.5,0.4,0.9,78.4,4.3,0.9,0.1,81.1,4.3,0.7,0.0,61.7,5.8,0.4,0.6,50.4,7.800000000000001,5.3,5.0,6.8,6.2250000000000005,67.89999999999999,Reprovado
601,11,8,3.8,1.0,0.7,64.8,4.0,0.2,0.7,51.9,3.2,0.4,0.7,76.1,5.7,0.2,0.3,99.4,5.5,4.9,4.3,6.2,5.225,73.05,Reprovado
602,14,8,3.8,0.1,0.8,96.9,6.9,1.0,0.4,59.3,3.6,0.7,0.3,58.6,3.7,0.4,0.5,82.9,4.7,8.3,4.6,4.6000000000000005,5.550000000000001,74.425,Reprovado
603,14,6,3.2,0.4,0.3,90.9,7.5,1.0,0.9,91.6,7.9,0.9,0.6,65.3,6.0,0.4,0.5,68.3,3.9,9.4,9.4,6.9,7.4,79.025,Aprovado
604,12,7,6.7,0.0,0.6,99.2,4.9,0.2,0.7,88.3,4.6,0.2,0.3,66.1,4.6,1.0,0.4,73.5,7.3,5.800000000000001,5.1,6.0,6.050000000000001,81.775,Recuperação
605,13,7,6.3,0.7,0.6,63.0,6.8,0.3,0.1,67.5,3.6,0.5,0.2,58.0,3.3,1.0,0.8,63.3,7.6,7.199999999999999,4.3,5.1,6.049999999999999,62.95,Reprovado
606,13,9,5.4,0.9,0.8,98.5,7.5,0.9,0.9,68.8,3.5,0.4,0.4,60.3,7.7,0.1,0.5,67.2,7.1000000000000005,9.3,4.3,8.3,7.250000000000001,73.7,Reprovado
607,13,7,7.2,0.3,0.9,71.6,7.2,1.0,0.3,76.7,6.6,0.7,0.2,89.4,6.2,0.7,0.6,82.5,8.4,8.5,7.5,7.5,7.975,80.05000000000001,Aprovado
608,14,6,7.0,0.9,0.0,67.4,3.9,0.4,0.3,50.0,7.3,0.2,0.5,58.4,7.4,0.1,0.9,94.1,7.9,4.6,8.0,8.4,7.225,67.475,Reprovado
609,14,8,5.9,0.3,0.7,52.5,7.8,0.3,0.4,62.1,4.3,0.6,0.2,51.4,6.4,0.0,0.9,59.2,6.9,8.5,5.1,7.300000000000001,6.95,56.3,Reprovado
610,14,7,7.3,0.9,0.1,52.6,4.9,0.5,0.1,60.4,3.1,0.9,0.5,81.5,4.8,0.1,0.9,92.0,8.299999999999999,5.5,4.5,5.8,6.0249999999999995,71.625,Reprovado
611,11,9,4.0,0.8,0.5,84.6,4.7,0.7,0.5,62.5,4.1,0.4,0.2,98.8,5.6,1.0,0.3,56.1,5.3,5.9,4.7,6.8999999999999995,5.699999999999999,75.5,Recuperação
612,12,7,3.6,0.8,0.3,72.9,3.3,0.3,0.1,90.3,3.3,0.9,0.7,66.6,6.4,0.9,0.0,60.7,4.7,3.6999999999999997,4.9,7.300000000000001,5.15,72.625,Reprovado
613,14,6,4.3,0.0,0.3,61.3,5.4,0.7,0.4,64.0,3.5,1.0,0.8,55.9,7.8,0.2,0.3,51.9,4.6,6.500000000000001,5.3,8.3,6.175000000000001,58.275,Reprovado
614,12,9,3.3,1.0,0.4,80.7,3.5,0.1,0.4,59.6,5.2,0.1,0.1,78.5,4.3,0.2,0.3,57.0,4.7,4.0,5.3999999999999995,4.8,4.725,68.95,Reprovado
615,12,7,5.7,0.7,0.6,62.6,4.2,0.0,0.8,75.2,4.1,0.2,0.5,95.3,7.4,0.2,0.9,95.9,7.0,5.0,4.8,8.5,6.325,82.25,Recuperação
616,13,9,7.7,0.3,0.3,78.9,4.6,0.4,0.8,93.3,5.6,1.0,0.1,89.2,7.6,0.5,0.6,73.0,8.3,5.8,6.699999999999999,8.7,7.375,83.6,Aprovado
617,11,6,3.2,0.8,0.7,68.0,7.0,0.4,0.2,62.1,4.3,1.0,0.6,81.1,6.4,0.6,0.1,53.9,4.7,7.6000000000000005,5.8999999999999995,7.1,6.324999999999999,66.27499999999999,Reprovado
618,14,8,3.6,0.3,0.4,91.2,7.4,0.3,0.4,53.9,7.7,0.1,0.3,65.8,7.7,0.2,0.1,98.0,4.3,8.1,8.1,8.0,7.125,77.225,Aprovado
619,13,6,5.3,0.9,0.1,91.0,4.5,0.5,0.4,67.8,7.5,0.0,0.5,77.1,5.0,0.8,0.2,93.9,6.3,5.4,8.0,6.0,6.425,82.45,Recuperação
620,13,6,7.7,0.1,0.8,73.9,7.3,0.3,0.2,87.4,5.8,0.2,0.5,54.6,7.8,0.3,0.6,87.7,8.6,7.8,6.5,8.7,7.8999999999999995,75.9,Aprovado
621,14,6,4.6,0.7,0.3,67.5,7.3,0.2,0.8,77.5,4.8,1.0,0.9,83.9,6.5,0.9,0.7,96.7,5.6,8.3,6.7,8.1,7.175000000000001,81.4,Aprovado
622,12,6,5.5,0.5,0.4,68.1,6.8,0.3,0.7,90.8,4.9,0.2,0.5,86.3,3.2,0.7,0.9,61.0,6.4,7.8,5.6000000000000005,4.800000000000001,6.15,76.55,Recuperação
623,13,8,3.2,0.1,0.7,90.3,3.7,1.0,0.2,98.0,5.1,0.5,0.6,98.3,7.5,0.4,0.9,91.8,4.0,4.9,6.199999999999999,8.8,5.975,94.60000000000001,Recuperação
624,12,8,3.7,0.2,0.3,66.4,6.5,0.4,0.4,89.6,6.6,0.8,0.4,63.0,5.4,0.8,0.2,84.5,4.2,7.300000000000001,7.8,6.4,6.425000000000001,75.875,Recuperação
625,11,9,7.9,0.0,0.1,60.5,7.7,0.4,0.1,80.2,5.3,0.0,0.9,50.9,5.3,0.8,0.3,93.5,8.0,8.2,6.2,6.3999999999999995,7.199999999999999,71.275,Reprovado
626,12,7,7.8,0.5,0.4,54.2,6.4,0.6,0.6,74.7,7.3,0.6,0.8,77.3,5.8,0.3,0.2,89.8,8.700000000000001,7.6,8.7,6.3,7.825,74.0,Reprovado
627,11,8,3.0,0.3,0.9,73.3,4.7,1.0,0.1,52.0,7.7,0.3,0.3,85.3,3.7,0.3,0.4,67.3,4.2,5.8,8.3,4.4,5.675000000000001,69.475,Reprovado
628,12,8,7.8,0.6,0.6,74.1,5.5,0.2,1.0,99.2,4.7,0.9,0.8,89.5,5.3,0.9,0.9,88.7,9.0,6.7,6.4,7.1000000000000005,7.300000000000001,87.875,Aprovado
629,13,7,6.2,0.3,0.7,92.0,6.2,0.7,0.8,69.2,5.8,0.3,0.4,59.7,7.2,0.2,0.6,63.1,7.2,7.7,6.5,8.0,7.35,71.0,Reprovado
630,13,8,7.3,0.3,0.6,61.1,5.6,0.7,0.4,57.6,3.5,0.7,0.8,63.1,3.1,0.0,0.7,66.4,8.2,6.7,5.0,3.8,5.925,62.050000000000004,Reprovado
631,11,6,5.3,0.7,0.2,69.0,3.6,0.6,0.6,83.3,4.0,0.7,0.8,75.6,4.4,0.5,0.5,55.4,6.2,4.8,5.5,5.4,5.475,70.825,Reprovado
632,14,6,5.6,0.0,0.4,90.4,4.6,0.1,0.9,64.2,5.1,0.2,0.2,66.5,3.0,0.8,0.0,96.8,6.0,5.6,5.5,3.8,5.2250000000000005,79.47500000000001,Recuperação
633,11,7,5.4,0.9,0.8,91.2,7.0,0.7,0.6,79.3,4.0,0.0,0.7,93.0,5.1,0.8,0.1,64.6,7.1000000000000005,8.3,4.7,5.999999999999999,6.525,82.025,Recuperação
634,11,9,6.3,0.9,0.1,69.2,7.3,0.1,0.2,79.3,7.4,0.4,0.3,73.7,6.6,0.9,0.5,76.0,7.3,7.6,8.100000000000001,8.0,7.75,74.55,Reprovado
635,12,9,3.7,0.7,0.3,73.0,3.7,0.6,0.4,72.3,3.8,0.3,0.3,90.0,7.0,0.5,0.7,69.6,4.7,4.7,4.3999999999999995,8.2,5.5,76.225,Recuperação
636,12,7,3.1,0.6,0.3,65.2,7.8,0.7,0.8,91.8,5.3,0.8,0.3,79.0,7.7,0.1,0.2,98.0,4.0,9.3,6.3999999999999995,8.0,6.925,83.5,Recuperação
637,11,7,4.5,0.9,0.4,96.6,4.6,0.2,0.6,63.2,6.0,0.8,0.7,88.7,6.0,0.6,0.7,66.8,5.800000000000001,5.3999999999999995,7.5,7.3,6.5,78.825,Recuperação
638,13,6,6.5,0.2,1.0,55.9,6.3,0.8,0.7,72.4,6.5,0.5,0.2,66.6,4.3,0.8,0.8,88.9,7.7,7.8,7.2,5.8999999999999995,7.1499999999999995,70.95,Reprovado
639,12,9,4.0,0.1,0.1,96.7,6.8,0.0,0.9,76.9,4.9,0.6,0.0,91.6,7.6,0.1,0.4,92.8,4.199999999999999,7.7,5.5,8.1,6.375,89.50000000000001,Recuperação
640,14,8,6.4,0.2,0.5,84.2,7.1,0.8,0.9,83.2,7.3,0.6,0.7,63.7,6.9,0.2,0.7,71.8,7.1000000000000005,8.799999999999999,8.6,7.800000000000001,8.075,75.72500000000001,Aprovado
641,12,6,7.8,0.8,0.2,76.6,7.7,0.5,0.9,89.2,5.8,0.8,0.2,77.3,5.9,0.0,0.4,68.9,8.799999999999999,9.1,6.8,6.300000000000001,7.75,78.0,Aprovado
642,12,7,3.5,0.0,1.0,51.6,4.6,0.2,0.1,69.7,5.2,0.4,0.1,60.7,6.5,0.6,0.7,87.4,4.5,4.8999999999999995,5.7,7.8,5.725,67.35,Reprovado
643,14,9,6.4,0.6,0.1,73.8,7.3,0.1,0.5,82.3,3.3,0.3,0.2,73.8,7.6,0.9,0.8,95.6,7.1,7.8999999999999995,3.8,9.3,7.025,81.375,Aprovado
644,11,8,5.2,1.0,0.4,70.4,3.7,1.0,0.7,57.5,5.3,0.3,0.4,65.9,6.6,0.7,1.0,87.7,6.6000000000000005,5.4,6.0,8.3,6.575,70.375,Reprovado
645,14,8,7.3,0.9,0.7,58.1,6.5,0.1,0.8,96.6,7.1,0.5,0.5,63.3,4.8,1.0,0.3,61.4,8.899999999999999,7.3999999999999995,8.1,6.1,7.625,69.85,Reprovado
646,11,6,3.9,0.5,0.7,82.8,6.7,0.2,0.6,69.2,6.1,0.4,0.0,98.3,6.6,0.1,0.4,94.4,5.1000000000000005,7.5,6.5,7.1,6.550000000000001,86.17500000000001,Recuperação
647,11,9,6.5,0.1,0.4,98.6,6.4,0.3,0.2,86.5,7.2,0.4,1.0,58.0,3.2,0.9,0.2,69.4,7.0,6.9,8.600000000000001,4.300000000000001,6.7,78.125,Recuperação
648,11,9,7.2,0.8,0.3,78.1,4.3,0.6,0.8,51.0,5.5,0.1,0.7,89.4,4.9,0.8,0.2,78.8,8.3,5.699999999999999,6.3,5.9,6.550000000000001,74.325,Reprovado
649,14,7,7.7,0.6,0.4,85.7,7.4,0.5,0.7,60.3,3.6,0.7,0.3,99.2,5.0,0.3,0.7,91.6,8.700000000000001,8.6,4.6,6.0,6.975,84.19999999999999,Recuperação
650,11,9,6.4,0.1,0.3,53.4,3.8,0.1,0.1,74.4,3.1,0.2,0.3,51.0,3.8,1.0,0.9,59.4,6.8,4.0,3.6,5.7,5.025,59.550000000000004,Reprovado
651,13,9,5.5,0.1,0.2,70.9,3.3,0.3,0.5,93.9,4.5,0.2,0.4,85.0,3.1,0.3,0.4,89.2,5.8,4.1,5.1000000000000005,3.8,4.7,84.75,Reprovado
652,14,6,6.1,0.9,0.5,55.8,6.6,0.2,0.2,76.4,6.5,0.4,0.6,62.6,3.7,0.9,0.2,79.8,7.5,7.0,7.5,4.800000000000001,6.7,68.64999999999999,Reprovado
653,13,9,7.3,0.7,0.3,80.6,5.4,0.2,0.3,96.5,7.0,0.2,0.1,52.0,6.3,0.9,0.3,94.7,8.3,5.9,7.3,7.5,7.25,80.95,Aprovado
654,11,8,5.9,0.8,0.3,96.9,7.2,0.4,0.0,74.2,4.5,0.6,0.2,70.1,7.0,0.8,0.5,58.6,7.0,7.6000000000000005,5.3,8.3,7.050000000000001,74.95,Reprovado
655,12,6,3.2,0.9,0.7,83.1,4.9,0.7,0.4,74.5,5.5,0.4,0.9,96.8,7.9,0.6,0.3,71.0,4.800000000000001,6.000000000000001,6.800000000000001,8.8,6.6000000000000005,81.35,Recuperação
656,11,6,7.7,0.6,1.0,53.8,3.8,0.2,0.5,56.0,5.1,0.4,0.3,50.6,4.7,0.1,0.2,91.6,9.3,4.5,5.8,5.0,6.15,63.0,Reprovado
657,13,7,6.4,0.5,0.6,67.7,7.2,0.4,0.6,90.1,5.1,0.5,0.4,79.4,6.0,0.5,0.7,51.0,7.5,8.200000000000001,6.0,7.2,7.2250000000000005,72.05000000000001,Reprovado
658,13,9,6.4,0.4,0.1,77.5,5.7,0.4,0.7,62.3,4.2,0.2,0.9,75.1,7.7,0.4,0.0,55.6,6.9,6.800000000000001,5.300000000000001,8.1,6.775,67.625,Reprovado
659,14,7,4.1,0.3,0.1,70.2,3.9,1.0,0.8,95.0,3.7,0.2,0.7,93.7,3.8,0.8,0.5,99.5,4.499999999999999,5.7,4.6000000000000005,5.1,4.975,89.6,Reprovado
660,12,8,6.3,0.4,1.0,91.7,6.6,1.0,0.2,95.5,4.0,0.9,0.3,54.2,6.6,0.8,0.8,64.0,7.7,7.8,5.2,8.2,7.225,76.35,Aprovado
661,14,6,5.0,0.8,0.3,90.7,5.6,0.8,0.1,97.2,3.3,0.4,0.7,84.1,6.8,0.9,0.3,98.8,6.1,6.499999999999999,4.3999999999999995,8.0,6.249999999999999,92.7,Recuperação
662,13,6,6.3,0.6,0.1,80.6,6.0,0.2,0.9,76.0,4.0,0.4,0.0,84.0,3.4,0.0,0.6,59.1,6.999999999999999,7.1000000000000005,4.4,4.0,5.625,74.925,Reprovado
663,11,6,3.5,0.9,0.6,68.7,5.3,0.1,0.2,83.9,3.0,0.0,0.7,83.5,7.3,0.8,0.7,68.1,5.0,5.6,3.7,8.799999999999999,5.775,76.05000000000001,Recuperação
664,12,8,6.3,0.4,0.6,62.8,7.1,0.3,1.0,88.9,6.1,0.5,0.5,97.1,7.1,0.9,0.7,87.6,7.3,8.399999999999999,7.1,8.7,7.874999999999999,84.1,Aprovado
665,11,8,8.0,0.6,0.6,55.3,7.1,0.3,0.8,56.6,4.6,0.6,0.8,91.2,3.2,0.8,0.4,82.9,9.2,8.2,5.999999999999999,4.4,6.949999999999999,71.5,Reprovado
666,11,7,3.2,0.6,0.3,67.7,6.5,0.5,0.5,80.0,7.9,0.6,1.0,52.1,3.5,0.1,0.3,79.1,4.1000000000000005,7.5,9.5,3.9,6.25,69.725,Reprovado
667,12,7,7.9,0.6,0.0,70.7,3.5,0.8,1.0,51.7,4.0,0.7,0.9,73.6,3.2,0.1,0.8,76.5,8.5,5.3,5.6000000000000005,4.1000000000000005,5.875000000000001,68.125,Reprovado
668,14,7,5.0,0.7,1.0,83.8,7.2,0.9,0.1,74.9,4.7,0.2,0.9,69.9,4.7,0.0,0.8,92.2,6.7,8.2,5.800000000000001,5.5,6.55,80.2,Recuperação
669,11,9,7.4,0.2,0.3,82.9,6.4,0.8,0.3,57.7,4.8,0.3,0.5,65.5,5.5,0.6,0.3,61.7,7.9,7.5,5.6,6.3999999999999995,6.85,66.95,Reprovado
670,13,6,6.9,0.5,0.7,53.5,6.5,0.4,0.6,59.1,3.0,0.8,0.4,72.6,5.7,0.6,0.1,72.1,8.1,7.5,4.2,6.3999999999999995,6.55,64.32499999999999,Reprovado
671,11,6,5.8,0.1,0.7,69.8,4.8,0.7,0.4,68.3,7.2,0.9,0.5,69.2,4.3,1.0,0.1,57.8,6.6,5.9,8.6,5.3999999999999995,6.625,66.275,Reprovado
672,12,7,6.7,0.4,0.6,59.1,7.4,0.3,0.9,71.6,3.2,0.1,0.7,71.6,7.6,0.4,0.1,79.8,7.7,8.6,4.0,8.1,7.1,70.52499999999999,Reprovado
673,12,6,7.4,0.5,0.3,57.8,6.6,0.1,0.1,81.2,7.7,0.5,0.9,99.0,4.8,0.3,0.6,62.5,8.200000000000001,6.799999999999999,9.1,5.699999999999999,7.45,75.125,Aprovado
674,12,7,5.0,0.7,0.3,91.4,3.6,0.7,0.5,53.7,7.5,0.2,0.2,54.4,3.2,0.6,0.1,66.7,6.0,4.8,7.9,3.9000000000000004,5.65,66.55000000000001,Reprovado
675,14,9,4.6,1.0,0.6,52.1,5.0,0.0,0.6,75.2,5.7,0.1,0.9,96.1,4.5,0.8,0.3,73.6,6.199999999999999,5.6,6.7,5.6,6.025,74.25,Reprovado
676,11,9,6.3,0.6,0.9,71.0,7.4,0.4,0.7,59.1,5.7,0.3,0.8,74.0,5.7,0.9,0.8,51.3,7.8,8.5,6.8,7.4,7.625,63.849999999999994,Reprovado
677,14,8,7.0,0.7,0.9,58.4,3.2,0.3,0.3,78.7,6.3,0.1,1.0,81.2,5.0,0.8,0.3,54.6,8.6,3.8,7.3999999999999995,6.1,6.475,68.22500000000001,Reprovado
678,14,9,6.8,0.5,0.1,94.0,7.8,0.7,0.4,81.9,4.9,0.7,0.9,91.5,4.4,0.4,0.8,84.3,7.3999999999999995,8.9,6.500000000000001,5.6000000000000005,7.1000000000000005,87.925,Aprovado
679,12,7,7.0,0.6,0.2,77.9,6.4,0.8,0.8,77.8,6.2,0.5,0.3,68.0,3.7,0.6,0.7,71.4,7.8,8.0,7.0,5.0,6.95,73.775,Reprovado
680,12,9,5.2,0.1,0.9,61.6,6.2,0.3,0.2,86.9,3.2,0.1,0.1,71.5,7.1,0.9,0.2,93.2,6.2,6.7,3.4000000000000004,8.2,6.125,78.3,Recuperação
681,14,8,7.1,0.3,0.7,75.1,4.4,0.8,0.8,66.8,3.3,0.0,0.1,70.5,8.0,0.5,0.7,84.7,8.1,6.0,3.4,9.2,6.675,74.27499999999999,Reprovado
682,11,6,3.6,0.4,0.9,86.6,4.2,0.3,0.6,88.3,5.3,0.8,0.3,68.7,4.6,0.2,0.7,50.4,4.9,5.1,6.3999999999999995,5.5,5.475,73.49999999999999,Reprovado
683,13,7,5.7,0.5,0.2,97.9,7.7,0.4,0.8,71.6,5.7,0.2,0.6,96.3,4.9,0.2,0.4,80.8,6.4,8.9,6.5,5.500000000000001,6.825,86.65,Recuperação
684,14,6,3.0,0.0,0.6,61.0,4.5,0.7,0.7,74.2,7.4,0.6,0.8,91.4,6.1,0.0,0.2,54.7,3.6,5.9,8.8,6.3,6.15,70.325,Reprovado
685,11,8,4.6,0.1,0.7,94.3,6.9,0.7,0.2,82.4,3.5,0.3,0.9,55.4,6.6,0.7,0.5,89.0,5.3999999999999995,7.800000000000001,4.7,7.8,6.425,80.275,Recuperação
686,12,8,4.8,0.3,0.7,96.7,5.0,1.0,0.6,50.9,7.1,0.6,0.6,55.4,5.0,0.1,0.9,99.6,5.8,6.6,8.299999999999999,6.0,6.674999999999999,75.65,Recuperação
687,12,8,5.0,1.0,0.4,95.8,3.7,0.2,0.9,82.7,4.1,0.3,0.0,71.4,7.5,0.2,0.6,76.6,6.4,4.800000000000001,4.3999999999999995,8.3,5.9750000000000005,81.625,Recuperação
688,11,6,6.5,0.3,0.0,81.8,3.1,0.7,0.4,80.9,5.0,0.1,0.2,54.9,5.8,0.3,0.2,84.1,6.8,4.2,5.3,6.3,5.65,75.425,Recuperação
689,13,6,4.9,0.5,0.6,81.5,5.7,0.6,1.0,65.5,4.6,0.2,0.1,81.0,5.3,0.6,0.7,61.9,6.0,7.3,4.8999999999999995,6.6,6.199999999999999,72.475,Reprovado
690,12,6,5.2,0.2,0.3,70.2,7.9,0.9,0.5,54.3,5.0,0.2,0.4,57.2,6.2,0.4,0.4,71.9,5.7,9.3,5.6000000000000005,7.000000000000001,6.9,63.4,Reprovado
691,12,6,4.2,0.6,0.5,87.6,4.8,0.2,0.1,54.5,3.8,0.4,0.5,76.1,7.8,0.7,0.6,92.8,5.3,5.1,4.7,9.1,6.049999999999999,77.75,Recuperação
692,12,8,4.9,0.3,1.0,76.6,4.8,0.8,0.4,96.2,5.5,0.7,0.0,50.4,7.0,0.1,0.7,58.4,6.2,6.0,6.2,7.8,6.55,70.4,Reprovado
693,11,8,4.1,0.2,0.4,83.9,4.7,0.6,1.0,84.5,7.0,0.3,0.3,65.8,3.2,0.1,0.5,63.3,4.7,6.3,7.6,3.8000000000000003,5.6000000000000005,74.375,Reprovado
694,14,7,3.4,0.5,0.8,71.4,5.6,0.3,0.3,56.4,5.2,0.0,0.2,83.9,4.7,0.5,0.8,72.3,4.7,6.199999999999999,5.4,6.0,5.574999999999999,71.0,Reprovado
695,12,7,6.0,0.0,0.2,86.6,5.2,0.5,0.9,67.8,5.5,0.5,0.6,74.2,5.4,0.3,0.7,85.6,6.2,6.6000000000000005,6.6,6.4,6.449999999999999,78.54999999999998,Recuperação
696,14,6,6.3,0.0,0.7,91.2,7.4,0.3,0.9,79.6,7.2,0.6,0.5,98.9,4.6,0.3,0.6,68.8,7.0,8.6,8.3,5.499999999999999,7.35,84.62500000000001,Aprovado
697,13,9,6.1,0.2,1.0,57.3,5.5,0.6,0.4,91.8,6.5,1.0,0.5,93.7,6.5,0.1,0.2,96.4,7.3,6.5,8.0,6.8,7.15,84.80000000000001,Aprovado
698,12,9,5.3,0.0,0.1,91.6,5.5,0.9,0.1,52.2,5.5,0.6,0.4,68.0,7.1,0.9,0.8,54.7,5.3999999999999995,6.5,6.5,8.8,6.8,66.625,Reprovado
699,12,8,4.9,0.1,0.0,77.0,3.7,0.6,0.7,61.8,4.3,0.5,1.0,52.3,6.7,0.7,0.9,68.5,5.0,5.0,5.8,8.3,6.025,64.9,Reprovado
700,13,8,7.3,0.3,0.4,92.2,7.9,0.6,0.3,94.5,7.4,0.6,0.2,92.3,7.9,0.1,0.1,85.4,8.0,8.8,8.2,8.1,8.275,91.1,Aprovado
701,12,8,5.6,0.8,0.1,71.6,4.2,0.5,0.8,50.5,5.9,0.9,0.5,95.6,4.4,0.1,0.5,61.3,6.499999999999999,5.5,7.300000000000001,5.0,6.075,69.75,Reprovado
702,14,7,5.4,0.6,0.7,69.0,3.4,0.1,0.4,60.1,4.1,0.8,0.7,91.0,7.4,1.0,0.3,82.8,6.7,3.9,5.6,8.700000000000001,6.225,75.725,Recuperação
703,11,7,3.1,0.5,0.9,95.8,6.3,0.2,0.5,98.0,4.3,0.3,0.6,56.4,6.8,0.7,0.8,58.2,4.5,7.0,5.199999999999999,8.3,6.25,77.10000000000001,Recuperação
704,14,8,4.7,0.3,0.4,62.6,6.0,0.5,0.8,80.7,7.0,0.2,0.9,99.9,4.8,0.4,0.7,52.8,5.4,7.3,8.1,5.9,6.674999999999999,74.0,Reprovado
705,11,8,4.9,0.9,0.3,92.2,5.1,0.3,0.4,63.1,3.2,0.3,0.4,62.9,6.7,0.7,0.1,56.1,6.1000000000000005,5.8,3.9,7.5,5.825,68.575,Reprovado
706,11,8,5.0,0.4,0.4,74.2,5.1,0.2,0.4,53.3,8.0,0.5,0.5,86.2,3.5,0.8,0.9,96.5,5.800000000000001,5.7,9.0,5.2,6.425,77.55,Recuperação
707,14,9,5.9,0.1,0.7,75.7,6.9,0.5,0.4,51.4,3.7,0.7,0.1,95.4,6.9,0.8,0.2,77.6,6.7,7.800000000000001,4.5,7.9,6.725,75.025,Recuperação
708,14,7,5.7,0.6,0.0,65.4,4.0,0.3,0.4,62.2,7.0,0.5,0.6,61.8,5.7,0.5,0.8,89.8,6.3,4.7,8.1,7.0,6.525,69.8,Reprovado
709,14,9,6.0,0.1,0.6,78.7,7.1,0.3,0.5,94.1,5.0,0.1,0.3,95.4,4.5,0.4,0.5,66.6,6.699999999999999,7.8999999999999995,5.3999999999999995,5.4,6.35,83.70000000000002,Recuperação
710,14,9,6.8,0.3,0.6,66.3,6.2,0.5,0.8,70.8,5.5,0.7,0.2,65.5,6.3,0.0,0.3,79.6,7.699999999999999,7.5,6.4,6.6,7.050000000000001,70.55,Reprovado
711,13,8,7.1,0.5,0.6,52.0,5.1,0.1,0.4,86.0,7.4,0.8,0.5,98.8,6.2,0.9,0.2,74.7,8.2,5.6,8.700000000000001,7.300000000000001,7.45,77.875,Aprovado
712,12,8,6.6,0.9,0.2,63.6,5.3,0.9,0.5,95.9,5.1,0.3,0.5,64.1,4.0,0.6,0.2,97.3,7.7,6.7,5.8999999999999995,4.8,6.275,80.225,Recuperação
713,11,6,7.8,0.5,0.7,50.3,4.3,0.9,0.7,70.4,5.7,0.7,0.1,97.7,3.2,0.2,0.7,87.4,9.0,5.9,6.5,4.1000000000000005,6.375,76.45,Recuperação
714,14,6,3.1,0.7,0.1,98.9,6.8,0.7,0.3,59.6,3.2,0.4,0.7,52.7,5.2,0.9,0.6,86.5,3.9,7.8,4.3,6.7,5.675,74.425,Reprovado
715,14,9,4.0,1.0,0.2,98.3,5.6,0.1,0.3,75.9,3.0,0.9,0.6,85.5,5.8,0.9,0.1,52.3,5.2,5.999999999999999,4.5,6.8,5.625,78.0,Recuperação
716,14,7,3.0,0.1,0.9,69.8,4.6,0.8,0.9,95.4,4.2,0.8,0.2,76.6,7.4,1.0,0.1,77.5,4.0,6.3,5.2,8.5,6.0,79.82499999999999,Recuperação
717,13,8,6.2,0.3,0.7,86.4,6.0,0.8,0.7,90.2,6.4,0.5,0.5,73.9,7.6,0.9,0.1,73.3,7.2,7.5,7.4,8.6,7.675000000000001,80.95,Aprovado
718,14,8,7.5,0.4,0.0,67.3,8.0,0.8,0.6,53.3,3.6,0.7,0.7,61.2,5.6,1.0,0.7,96.4,7.9,9.4,5.0,7.3,7.4,69.55000000000001,Reprovado
719,14,9,4.2,0.4,0.2,83.6,5.2,0.1,0.6,84.6,3.6,0.9,0.5,85.3,6.8,0.2,0.7,62.9,4.800000000000001,5.8999999999999995,5.0,7.7,5.85,79.1,Recuperação
720,14,6,7.6,0.4,0.2,90.3,7.6,0.6,0.0,78.6,5.1,0.5,0.4,59.5,5.2,0.8,0.1,63.5,8.2,8.2,6.0,6.1,7.125,72.975,Reprovado
721,12,7,3.3,0.9,0.3,97.3,4.7,0.8,0.6,95.4,6.2,0.3,0.3,77.6,6.7,0.8,0.6,70.6,4.5,6.1,6.8,8.1,6.375,85.225,Recuperação
722,13,6,7.7,0.7,0.2,70.0,3.3,0.6,0.5,56.1,6.6,0.8,0.6,62.7,4.0,0.2,0.1,62.2,8.6,4.4,7.999999999999999,4.3,6.325,62.75,Reprovado
723,14,6,4.8,0.6,0.1,89.2,4.0,0.6,0.5,76.7,3.9,0.2,0.9,97.8,4.9,0.1,0.9,56.5,5.499999999999999,5.1,5.0,5.9,5.375,80.05,Recuperação
724,11,6,3.5,0.3,0.5,63.3,5.1,0.5,0.4,94.0,3.4,0.4,0.7,51.4,6.2,1.0,0.9,92.9,4.3,6.0,4.5,8.1,5.725,75.4,Recuperação
725,11,6,5.4,0.8,0.7,99.5,4.1,0.5,0.1,70.5,7.7,0.9,0.1,60.0,3.1,0.3,0.7,77.9,6.9,4.699999999999999,8.7,4.1,6.1,76.975,Recuperação
726,11,8,4.3,1.0,0.6,51.3,3.0,0.0,0.2,74.1,4.3,0.7,0.5,62.1,6.6,0.9,0.9,93.1,5.8999999999999995,3.2,5.5,8.4,5.75,70.15,Reprovado
727,13,8,4.4,0.8,0.7,80.2,7.6,0.6,1.0,53.5,7.3,0.4,0.9,70.7,7.2,0.0,0.8,91.6,5.9,9.2,8.6,8.0,7.925,74.0,Reprovado
728,13,6,4.5,0.0,0.1,83.0,7.2,0.1,0.4,63.9,7.3,0.2,0.1,61.6,5.0,0.0,0.8,64.1,4.6,7.7,7.6,5.8,6.425,68.15,Reprovado
729,11,7,7.0,0.6,1.0,84.4,6.7,0.4,0.5,66.2,6.9,0.4,1.0,74.6,5.2,0.5,0.6,77.4,8.6,7.6000000000000005,8.3,6.3,7.7,75.65,Aprovado
730,14,9,5.7,0.1,0.8,56.0,3.8,0.3,0.1,97.3,3.8,0.3,0.9,93.6,7.3,0.2,0.3,54.2,6.6,4.199999999999999,5.0,7.8,5.8999999999999995,75.275,Recuperação
731,13,7,4.6,0.3,0.8,96.9,3.6,0.5,0.0,64.1,7.1,0.2,0.1,85.6,6.9,0.7,0.2,95.8,5.699999999999999,4.1,7.3999999999999995,7.800000000000001,6.25,85.6,Recuperação
732,11,7,6.1,0.1,0.8,59.1,3.3,0.1,0.7,73.0,6.8,0.7,0.9,79.0,4.4,0.6,0.3,70.2,6.999999999999999,4.1,8.4,5.3,6.2,70.325,Reprovado
733,11,7,6.6,0.6,0.9,81.1,6.6,0.7,0.5,83.6,6.0,0.3,0.4,54.5,4.6,0.1,0.6,69.7,8.1,7.8,6.7,5.299999999999999,6.975,72.225,Reprovado
734,14,6,4.4,0.7,0.5,61.1,7.6,0.8,0.5,58.1,4.7,0.5,0.8,84.7,6.4,0.2,0.2,65.1,5.6000000000000005,8.9,6.0,6.800000000000001,6.825,67.25,Reprovado
735,12,8,5.1,0.1,0.2,65.4,5.2,0.2,0.2,74.3,4.3,0.4,0.4,58.3,5.8,0.4,0.3,73.0,5.3999999999999995,5.6000000000000005,5.1000000000000005,6.5,5.65,67.75,Reprovado
736,13,7,3.6,0.4,0.6,77.3,3.6,0.1,0.7,86.9,3.6,1.0,0.4,89.3,3.8,0.2,0.5,62.6,4.6,4.4,5.0,4.5,4.625,79.025,Reprovado
737,14,6,3.9,0.5,0.7,70.9,5.6,0.1,0.2,93.3,5.5,0.4,0.6,62.5,4.5,0.8,0.2,68.7,5.1000000000000005,5.8999999999999995,6.5,5.5,5.75,73.85,Reprovado
738,11,7,6.4,0.4,0.7,58.0,4.7,0.9,0.2,81.3,5.9,0.1,0.8,70.9,7.5,0.4,0.6,90.0,7.500000000000001,5.800000000000001,6.8,8.5,7.15,75.05000000000001,Aprovado
739,11,7,3.9,0.1,0.5,58.5,4.9,0.5,0.5,83.5,4.8,0.1,0.0,67.5,6.4,0.1,0.9,91.7,4.5,5.9,4.8999999999999995,7.4,5.675000000000001,75.3,Recuperação
740,14,6,5.6,0.4,0.1,70.9,6.1,0.5,0.3,56.3,5.4,0.6,0.6,92.9,7.9,0.5,0.7,65.2,6.1,6.8999999999999995,6.6,9.1,7.175000000000001,71.325,Reprovado
741,13,8,6.5,0.8,0.4,87.9,6.6,0.1,0.2,97.3,4.8,0.6,0.2,56.3,6.8,0.1,0.7,73.5,7.7,6.8999999999999995,5.6,7.6,6.949999999999999,78.75,Recuperação
742,12,8,3.5,0.1,0.9,94.9,3.6,0.6,0.6,56.6,6.2,0.4,0.3,78.3,7.7,0.1,0.6,93.7,4.5,4.8,6.9,8.4,6.15,80.875,Recuperação
743,12,9,5.8,0.1,0.6,54.2,3.2,0.9,0.7,88.7,7.5,0.4,0.3,57.1,4.1,0.2,0.5,52.6,6.499999999999999,4.800000000000001,8.200000000000001,4.8,6.075,63.15,Reprovado
744,11,6,4.3,0.4,0.5,69.7,8.0,0.8,0.8,63.2,3.8,0.1,0.5,85.2,6.9,0.9,0.2,94.5,5.2,9.600000000000001,4.4,8.0,6.800000000000001,78.15,Recuperação
745,13,9,7.8,0.9,0.3,55.0,4.2,0.6,0.4,96.7,4.9,0.5,0.3,95.3,3.1,0.9,0.9,61.0,9.0,5.2,5.7,4.9,6.199999999999999,77.0,Recuperação
746,12,9,5.4,0.7,0.4,50.8,3.3,0.1,0.1,86.0,3.7,0.5,0.1,71.7,6.4,0.8,0.2,83.9,6.500000000000001,3.5,4.3,7.4,5.425000000000001,73.1,Reprovado
747,13,9,7.0,0.7,0.9,83.1,3.9,0.1,0.3,87.7,6.1,0.1,0.1,74.4,5.3,0.3,0.1,79.1,8.6,4.3,6.299999999999999,5.699999999999999,6.224999999999999,81.075,Recuperação
748,13,8,5.8,0.4,0.7,80.1,3.2,0.0,1.0,61.0,6.6,0.1,0.0,96.4,4.7,0.3,0.8,77.6,6.9,4.2,6.699999999999999,5.8,5.9,78.775,Recuperação
749,11,6,3.2,0.6,0.8,58.2,5.0,0.3,0.6,72.2,7.7,0.1,0.5,76.0,7.3,0.5,0.2,93.0,4.6000000000000005,5.8999999999999995,8.3,8.0,6.7,74.85,Reprovado
750,12,9,6.2,0.0,0.5,61.7,7.0,0.1,0.7,80.9,4.4,0.1,1.0,74.4,7.3,0.7,0.4,55.1,6.7,7.8,5.5,8.4,7.1,68.025,Reprovado
751,14,6,7.8,0.6,0.6,51.2,4.7,0.3,0.0,88.5,7.8,0.6,0.1,78.9,3.1,1.0,0.0,67.4,9.0,5.0,8.5,4.1,6.65,71.5,Reprovado
752,11,6,6.0,0.9,0.2,91.7,5.2,0.4,0.5,55.2,3.3,0.2,0.9,84.5,6.0,0.1,0.1,76.9,7.1000000000000005,6.1000000000000005,4.4,6.199999999999999,5.95,77.075,Recuperação
753,12,8,7.1,0.6,0.7,98.7,6.4,0.9,0.0,98.1,6.0,0.3,0.7,55.3,4.8,0.0,0.2,90.6,8.399999999999999,7.300000000000001,7.0,5.0,6.925,85.67500000000001,Recuperação
754,12,9,7.4,0.9,0.4,56.8,5.5,0.6,0.6,94.5,3.3,0.2,0.6,91.1,5.1,0.7,0.1,60.8,8.700000000000001,6.699999999999999,4.1,5.8999999999999995,6.35,75.8,Recuperação
755,12,9,4.1,0.7,0.4,61.6,7.3,0.8,0.9,63.5,7.5,1.0,0.6,71.8,7.2,0.8,0.7,90.1,5.2,9.0,9.1,8.7,7.999999999999999,71.75,Reprovado
756,12,6,4.1,0.1,0.6,93.4,7.3,0.7,1.0,91.1,5.6,0.9,0.8,53.6,4.5,0.8,0.8,70.0,4.799999999999999,9.0,7.3,6.1,6.799999999999999,77.025,Recuperação
757,12,7,6.1,0.9,0.9,96.3,3.0,0.1,0.5,75.9,6.3,0.2,0.1,89.3,7.7,0.7,0.4,59.4,7.9,3.6,6.6,8.8,6.7250000000000005,80.225,Recuperação
758,13,8,5.1,0.1,0.1,71.0,6.9,0.7,0.5,73.1,7.2,0.3,0.5,68.8,3.9,1.0,0.9,87.9,5.299999999999999,8.100000000000001,8.0,5.800000000000001,6.8,75.19999999999999,Recuperação
759,11,8,7.2,0.5,0.8,52.5,5.3,0.3,0.9,65.7,3.8,0.2,0.7,55.0,6.3,0.5,0.2,54.5,8.5,6.5,4.7,7.0,6.675,56.925,Reprovado
760,13,8,7.5,0.1,0.3,52.0,7.9,0.6,0.7,79.0,3.2,0.5,0.6,81.7,6.4,0.9,0.3,75.7,7.8999999999999995,9.2,4.3,7.6000000000000005,7.25,72.1,Reprovado
761,14,8,4.8,0.0,0.4,78.7,5.4,0.3,0.1,86.5,7.4,0.0,0.8,94.0,4.3,1.0,0.2,53.2,5.2,5.8,8.200000000000001,5.5,6.175000000000001,78.1,Recuperação
762,12,9,4.2,0.4,0.0,69.6,7.9,1.0,0.5,70.5,4.6,0.7,0.1,94.4,4.6,0.8,0.6,67.8,4.6000000000000005,9.4,5.3999999999999995,5.999999999999999,6.35,75.575,Recuperação
763,11,9,6.9,0.3,0.3,51.4,6.8,0.3,0.2,81.5,3.6,0.5,0.7,97.9,7.2,0.3,0.4,80.1,7.5,7.3,4.8,7.9,6.875,77.725,Recuperação
764,12,7,4.4,0.5,0.5,79.2,4.2,0.3,0.5,85.0,5.3,0.9,0.5,93.4,6.8,0.2,0.6,77.8,5.4,5.0,6.7,7.6,6.175000000000001,83.85000000000001,Recuperação
765,11,8,7.1,0.6,0.1,50.6,5.7,0.9,0.5,85.6,6.0,0.2,0.4,50.1,4.6,0.5,0.8,70.2,7.799999999999999,7.1000000000000005,6.6000000000000005,5.8999999999999995,6.85,64.125,Reprovado
766,13,8,5.1,0.0,0.5,89.4,8.0,0.0,0.6,52.6,3.2,0.8,0.3,69.0,5.7,0.5,0.5,71.5,5.6,8.6,4.3,6.7,6.3,70.625,Reprovado
767,11,6,6.3,0.1,0.9,65.3,7.3,0.7,0.4,93.0,4.4,0.8,0.6,90.9,3.3,0.9,0.6,61.3,7.3,8.4,5.8,4.8,6.575,77.625,Recuperação
768,14,9,3.5,0.6,0.1,52.0,3.5,0.7,0.2,72.9,3.2,0.1,0.9,68.3,4.0,0.1,0.9,72.8,4.199999999999999,4.4,4.2,5.0,4.45,66.5,Reprovado
769,14,8,6.1,0.3,0.8,79.4,6.5,0.8,0.5,63.1,5.1,0.4,0.5,80.1,5.4,0.3,0.3,97.7,7.199999999999999,7.8,6.0,6.0,6.75,80.075,Recuperação
770,11,7,5.3,0.7,0.4,69.9,4.7,1.0,0.8,62.1,7.5,0.2,0.8,80.3,3.4,0.8,0.4,92.5,6.4,6.5,8.5,4.6000000000000005,6.5,76.2,Recuperação
771,11,7,5.9,0.7,0.7,98.7,3.0,1.0,0.7,74.2,7.9,0.3,0.4,68.3,7.2,0.1,0.7,57.3,7.300000000000001,4.7,8.600000000000001,8.0,7.15,74.625,Reprovado
772,11,9,3.8,0.8,0.3,77.2,5.0,0.1,0.3,94.3,6.2,0.3,0.1,95.2,6.6,0.3,0.6,51.5,4.8999999999999995,5.3999999999999995,6.6,7.499999999999999,6.1,79.55,Recuperação
773,11,7,6.7,0.7,0.2,63.8,4.2,0.8,0.9,68.9,3.8,0.6,0.1,75.2,7.7,0.4,0.2,96.7,7.6000000000000005,5.9,4.499999999999999,8.299999999999999,6.574999999999999,76.14999999999999,Recuperação
774,14,7,7.3,0.4,0.2,85.5,7.1,0.6,0.9,87.5,7.5,0.4,0.1,73.2,6.5,0.6,0.4,76.3,7.9,8.6,8.0,7.5,8.0,80.625,Aprovado
775,12,9,4.1,0.7,0.1,63.6,4.7,0.6,0.2,54.8,5.6,0.9,0.4,99.9,7.7,0.2,0.5,76.9,4.8999999999999995,5.5,6.9,8.4,6.424999999999999,73.80000000000001,Reprovado
776,11,8,3.5,0.3,0.2,95.2,7.1,0.1,0.0,73.8,3.8,0.1,0.3,74.7,5.8,0.9,0.4,89.0,4.0,7.199999999999999,4.2,7.1000000000000005,5.625,83.175,Recuperação
777,11,8,3.1,0.3,0.7,68.7,3.0,0.7,0.7,99.6,7.6,1.0,0.7,58.9,6.0,0.4,0.2,65.7,4.1,4.4,9.299999999999999,6.6000000000000005,6.1,73.22500000000001,Reprovado
778,14,7,6.2,0.8,0.9,77.5,4.5,1.0,0.8,88.5,6.8,0.2,0.7,75.7,7.9,0.9,0.9,74.1,7.9,6.3,7.7,9.700000000000001,7.9,78.94999999999999,Aprovado
779,14,7,6.0,0.4,0.8,52.5,4.2,0.9,1.0,60.5,6.7,0.8,0.1,90.7,6.2,0.5,0.8,98.4,7.2,6.1000000000000005,7.6,7.5,7.1,75.525,Aprovado
780,13,8,5.7,0.8,0.7,71.3,4.2,0.4,0.9,75.1,6.5,0.3,0.2,88.8,3.2,0.3,0.5,83.6,7.2,5.500000000000001,7.0,4.0,5.925000000000001,79.69999999999999,Recuperação
781,11,9,4.2,0.8,0.1,91.6,3.3,0.0,0.6,61.7,4.0,0.1,0.3,89.4,6.6,0.1,0.7,57.7,5.1,3.9,4.3999999999999995,7.3999999999999995,5.199999999999999,75.10000000000001,Recuperação
782,13,7,5.0,0.9,0.3,90.3,3.9,0.4,0.5,70.5,4.1,0.9,0.5,85.4,7.5,0.0,0.9,56.7,6.2,4.8,5.5,8.4,6.225,75.72500000000001,Recuperação
783,14,6,6.0,0.9,0.3,61.2,5.8,0.8,0.0,89.0,6.4,0.3,0.1,62.7,7.0,0.5,0.1,60.2,7.2,6.6,6.8,7.6,7.050000000000001,68.27499999999999,Reprovado
784,14,9,5.5,0.4,0.2,61.3,4.5,0.7,0.2,88.6,4.1,0.7,0.1,93.1,5.9,0.1,0.3,88.3,6.1000000000000005,5.4,4.8999999999999995,6.3,5.675,82.82499999999999,Recuperação
785,12,7,7.9,0.3,0.5,90.9,5.1,0.5,0.5,61.4,5.2,0.6,0.9,94.7,6.4,0.4,0.5,64.8,8.700000000000001,6.1,6.7,7.300000000000001,7.2,77.95,Aprovado
786,11,7,3.7,0.6,0.5,96.5,4.9,0.1,0.6,96.1,6.9,0.5,0.8,59.7,8.0,0.6,0.8,51.1,4.8,5.6,8.200000000000001,9.4,7.0,75.85000000000001,Aprovado
787,13,6,6.5,0.4,0.4,54.8,7.4,0.4,0.6,79.6,6.9,0.5,0.2,56.5,3.5,0.3,0.0,97.2,7.300000000000001,8.4,7.6000000000000005,3.8,6.775,72.02499999999999,Reprovado
788,14,6,5.0,0.6,0.4,72.5,7.5,0.5,0.7,69.0,5.3,0.7,0.4,98.8,6.3,0.2,1.0,58.5,6.0,8.7,6.4,7.5,7.15,74.7,Reprovado
789,14,8,5.1,0.7,0.8,66.9,5.5,0.9,0.3,75.1,7.0,0.1,0.4,93.4,4.4,0.8,0.5,50.5,6.6,6.7,7.5,5.7,6.625,71.475,Reprovado
790,13,9,6.6,0.7,0.8,93.5,4.7,0.6,0.6,80.3,7.2,0.7,0.8,94.7,6.2,0.9,0.4,61.9,8.1,5.8999999999999995,8.700000000000001,7.500000000000001,7.550000000000001,82.6,Aprovado
791,12,9,6.5,0.4,0.3,54.2,3.5,0.3,0.1,78.0,6.3,0.9,0.5,94.3,6.0,0.1,0.3,61.8,7.2,3.9,7.7,6.3999999999999995,6.3,72.075,Reprovado
792,14,8,8.0,0.2,0.9,60.6,7.8,0.5,0.4,74.3,4.1,0.1,0.1,77.1,3.8,0.2,0.2,71.1,9.1,8.700000000000001,4.299999999999999,4.2,6.575,70.775,Reprovado
793,11,9,3.6,0.4,1.0,87.6,3.3,0.1,0.8,75.2,4.4,0.1,0.7,82.3,4.0,1.0,0.8,96.0,5.0,4.2,5.2,5.8,5.05,85.275,Recuperação
794,14,9,3.5,0.1,0.3,52.6,4.5,1.0,0.7,58.8,4.6,0.7,0.4,77.3,6.1,0.0,1.0,94.0,3.9,6.2,5.7,7.1,5.725,70.675,Reprovado
795,11,9,6.6,0.9,0.4,74.6,4.5,0.4,1.0,90.6,3.6,0.4,0.3,52.6,3.6,1.0,0.4,72.8,7.9,5.9,4.3,5.0,5.775,72.64999999999999,Reprovado
796,13,9,5.9,0.3,0.5,72.1,4.6,0.5,0.3,77.1,4.4,0.4,0.4,87.3,4.3,0.0,1.0,70.5,6.7,5.3999999999999995,5.200000000000001,5.3,5.65,76.75,Recuperação
797,11,9,4.4,0.2,0.9,66.7,3.8,0.4,0.5,56.6,4.0,0.1,0.5,75.3,7.2,0.9,0.8,77.8,5.500000000000001,4.7,4.6,8.9,5.925000000000001,69.10000000000001,Reprovado
798,13,6,3.4,0.0,0.9,69.7,6.9,0.7,0.3,88.3,5.3,0.5,0.3,82.4,4.6,0.3,0.5,62.2,4.3,7.9,6.1,5.3999999999999995,5.924999999999999,75.65,Recuperação
799,11,9,3.4,0.6,0.1,76.5,3.6,0.7,0.4,96.6,7.5,0.1,0.2,75.1,5.4,0.9,0.7,52.6,4.1,4.7,7.8,7.000000000000001,5.9,75.2,Recuperação
800,13,6,7.5,0.6,0.4,58.1,6.2,0.7,0.9,97.4,3.5,0.5,0.4,74.6,7.7,0.3,0.4,97.0,8.5,7.800000000000001,4.4,8.4,7.275,81.775,Aprovado
